url,slug,type,cluster,subcluster
https://testlify.com/10-ideas-to-promote-work-life-balance/,10-ideas-to-promote-work-life-balance,blog,Unclustered / Other,
https://testlify.com/10-latest-blue-collar-recruiting-trends/,10-latest-blue-collar-recruiting-trends,blog,Recruiting & Talent Acquisition,Recruitment Process & Strategy
https://testlify.com/10-latest-volume-recruiting-trends/,10-latest-volume-recruiting-trends,blog,Recruiting & Talent Acquisition,Recruitment Process & Strategy
https://testlify.com/10-technical-hiring-tips-for-tech-companies/,10-technical-hiring-tips-for-tech-companies,blog,Recruiting & Talent Acquisition,General Hiring
https://testlify.com/101-guide-on-hiring-business-development-manager/,101-guide-on-hiring-business-development-manager,blog,Recruiting & Talent Acquisition,General Hiring
https://testlify.com/101-guide-to-hiring-a-operations-manager/,101-guide-to-hiring-a-operations-manager,blog,Recruiting & Talent Acquisition,General Hiring
https://testlify.com/11-high-volume-hiring-strategies-for-enterprises/,11-high-volume-hiring-strategies-for-enterprises,blog,Recruiting & Talent Acquisition,Recruitment Process & Strategy
https://testlify.com/12-key-steps-to-hiring-the-right-virtual-assistant/,12-key-steps-to-hiring-the-right-virtual-assistant,blog,Recruiting & Talent Acquisition,General Hiring
https://testlify.com/19-ideas-for-creating-a-healthier-workplace/,19-ideas-for-creating-a-healthier-workplace,blog,"Workplace, Culture & Future of Work",Culture & Trends
https://testlify.com/5-benefits-of-eeoc-compliant-pre-employment-testing/,5-benefits-of-eeoc-compliant-pre-employment-testing,blog,Assessments & Testing,Pre-employment / Pre-hire
https://testlify.com/5-benefits-of-integrating-employment-assessments-into-your-hiring-process/,5-benefits-of-integrating-employment-assessments-into-your-hiring-process,blog,Assessments & Testing,Assessment general
https://testlify.com/5-creative-strategies-for-retaining-remote-candidates/,5-creative-strategies-for-retaining-remote-candidates,blog,"Workplace, Culture & Future of Work",Remote & Hybrid
https://testlify.com/5-creative-ways-to-find-blue-collar-workers/,5-creative-ways-to-find-blue-collar-workers,blog,Recruiting & Talent Acquisition,Sourcing & Candidate Pool
https://testlify.com/5-retention-strategies-for-campus-hiring/,5-retention-strategies-for-campus-hiring,blog,Employee Experience & Development,Engagement & Retention
https://testlify.com/5-strategies-for-mastering-recruitment-tests/,5-strategies-for-mastering-recruitment-tests,blog,Assessments & Testing,Assessment general
https://testlify.com/5-tips-for-successful-hiring/,5-tips-for-successful-hiring,blog,Recruiting & Talent Acquisition,General Hiring
https://testlify.com/5-tips-to-evaluate-agile-software-development-skills/,5-tips-to-evaluate-agile-software-development-skills,blog,Skills Tests & Evaluation (by skill),
https://testlify.com/5-tips-to-evaluate-content-marketing-strategy-skills/,5-tips-to-evaluate-content-marketing-strategy-skills,blog,Skills Tests & Evaluation (by skill),
https://testlify.com/5-tips-to-evaluate-customer-journey-mapping-skills/,5-tips-to-evaluate-customer-journey-mapping-skills,blog,Skills Tests & Evaluation (by skill),
https://testlify.com/5-tips-to-evaluate-data-analysis-software-proficiency/,5-tips-to-evaluate-data-analysis-software-proficiency,blog,Unclustered / Other,
https://testlify.com/5-tips-to-evaluate-data-extraction-skills/,5-tips-to-evaluate-data-extraction-skills,blog,Skills Tests & Evaluation (by skill),
https://testlify.com/5-tips-to-succeed-in-healthcare-recruiting/,5-tips-to-succeed-in-healthcare-recruiting,blog,Recruiting & Talent Acquisition,Recruitment Process & Strategy
https://testlify.com/6-common-security-mistakes-hr/,6-common-security-mistakes-hr,blog,Unclustered / Other,
https://testlify.com/60-data-entry-operator-interview-questions-to-ask-job-applicants/,60-data-entry-operator-interview-questions-to-ask-job-applicants,blog,Interview Questions (by role),
https://testlify.com/60-project-administrator-interview-questions-to-ask-job-applicants/,60-project-administrator-interview-questions-to-ask-job-applicants,blog,Interview Questions (by role),
https://testlify.com/60-warehouse-coordinator-interview-questions-to-ask-job-applicants/,60-warehouse-coordinator-interview-questions-to-ask-job-applicants,blog,Interview Questions (by role),
https://testlify.com/7-ideas-to-fostering-a-positive-company-culture/,7-ideas-to-fostering-a-positive-company-culture,blog,"Workplace, Culture & Future of Work",Culture & Trends
https://testlify.com/8-candidate-sourcing-tools-every-recruiter-should-use/,8-candidate-sourcing-tools-every-recruiter-should-use,blog,Recruiting & Talent Acquisition,Sourcing & Candidate Pool
https://testlify.com/8-ideas-to-create-a-thriving-remote-work-environment/,8-ideas-to-create-a-thriving-remote-work-environment,blog,"Workplace, Culture & Future of Work",Remote & Hybrid
https://testlify.com/9-80-work-schedule/,9-80-work-schedule,blog,HR Operations & Compliance,Policies & Compliance
https://testlify.com/9-box-matrix/,9-box-matrix,blog,Unclustered / Other,
https://testlify.com/9-ideas-for-making-your-workplace-more-inclusive/,9-ideas-for-making-your-workplace-more-inclusive,blog,"Workplace, Culture & Future of Work",Culture & Trends
https://testlify.com/9-ideas-for-recruiters-to-cultivate-growth/,9-ideas-for-recruiters-to-cultivate-growth,blog,Recruiting & Talent Acquisition,Recruitment Process & Strategy
https://testlify.com/a-complete-guide-to-remote-hiring/,a-complete-guide-to-remote-hiring,blog,"Workplace, Culture & Future of Work",Remote & Hybrid
https://testlify.com/a-comprehensive-guide-to-online-test-integrity/,a-comprehensive-guide-to-online-test-integrity,blog,Assessments & Testing,Assessment general
https://testlify.com/a-guide-for-hiring-machine-learning-engineers/,a-guide-for-hiring-machine-learning-engineers,blog,Recruiting & Talent Acquisition,General Hiring
https://testlify.com/a-guide-to-evaluating-and-hiring-software-engineers/,a-guide-to-evaluating-and-hiring-software-engineers,blog,Recruiting & Talent Acquisition,General Hiring
https://testlify.com/a-guide-to-hiring-cybersecurity-experts/,a-guide-to-hiring-cybersecurity-experts,blog,Recruiting & Talent Acquisition,General Hiring
https://testlify.com/a-guide-to-staffing-for-the-future-of-work/,a-guide-to-staffing-for-the-future-of-work,blog,Employee Experience & Development,Employee general
https://testlify.com/a-hiring-guide-for-front-end-developer/,a-hiring-guide-for-front-end-developer,blog,Hiring by Role,
https://testlify.com/a-recruiters-guide-to-super-skills-vs-micro-skills/,a-recruiters-guide-to-super-skills-vs-micro-skills,blog,Competitor Alternatives & Comparisons,
https://testlify.com/a-recruiters-ultimate-guide-to-diversity-hiring/,a-recruiters-ultimate-guide-to-diversity-hiring,blog,Recruiting & Talent Acquisition,Recruitment Process & Strategy
https://testlify.com/account-executive-interview-questions/,account-executive-interview-questions,blog,Interview Questions (by role),
https://testlify.com/account-manager-interview-questions-to-ask-job-applicants/,account-manager-interview-questions-to-ask-job-applicants,blog,Interview Questions (by role),
https://testlify.com/accounts-assistant-interview-questions-to-ask-job-applicants/,accounts-assistant-interview-questions-to-ask-job-applicants,blog,Interview Questions (by role),
https://testlify.com/accounts-payable-clerk-interview-questions-to-ask-job-applicants/,accounts-payable-clerk-interview-questions-to-ask-job-applicants,blog,Interview Questions (by role),
https://testlify.com/accounts-payable-manager-interview-questions-to-ask-job-applicants/,accounts-payable-manager-interview-questions-to-ask-job-applicants,blog,Interview Questions (by role),
https://testlify.com/accounts-payable-specialist-interview-questions-to-ask-job-applicants/,accounts-payable-specialist-interview-questions-to-ask-job-applicants,blog,Interview Questions (by role),
https://testlify.com/accounts-receivable-clerk-interview-questions-to-ask-job-applicants/,accounts-receivable-clerk-interview-questions-to-ask-job-applicants,blog,Interview Questions (by role),
https://testlify.com/accounts-receivable-manager-interview-questions-to-ask-job-applicants/,accounts-receivable-manager-interview-questions-to-ask-job-applicants,blog,Interview Questions (by role),
https://testlify.com/accounts-receivable-specialist-interview-questions-to-ask-job-applicants/,accounts-receivable-specialist-interview-questions-to-ask-job-applicants,blog,Interview Questions (by role),
https://testlify.com/accurate-staffing/,accurate-staffing,blog,Employee Experience & Development,Employee general
https://testlify.com/achieve-data-driven-hiring-without-a-data-team/,achieve-data-driven-hiring-without-a-data-team,blog,Recruiting & Talent Acquisition,General Hiring
https://testlify.com/achieve-manufacturing-efficiency-with-situational-awareness/,achieve-manufacturing-efficiency-with-situational-awareness,blog,Unclustered / Other,
https://testlify.com/achieve-unbiased-recruitment-with-testlify/,achieve-unbiased-recruitment-with-testlify,blog,Recruiting & Talent Acquisition,Recruitment Process & Strategy
https://testlify.com/achieve-winning-sports-teams-without-field-trials/,achieve-winning-sports-teams-without-field-trials,blog,Recruiting & Talent Acquisition,General Talent/Team-building
https://testlify.com/active-candidates/,active-candidates,blog,Unclustered / Other,
https://testlify.com/active-listening-techniques-for-employers/,active-listening-techniques-for-employers,blog,Unclustered / Other,
https://testlify.com/adaface-alternatives/,adaface-alternatives,blog,Competitor Alternatives & Comparisons,
https://testlify.com/adapt-recruitment-processes-for-a-virtual-environment/,adapt-recruitment-processes-for-a-virtual-environment,blog,Recruiting & Talent Acquisition,Recruitment Process & Strategy
https://testlify.com/adapt-to-changing-market-trends-and-talent-demands/,adapt-to-changing-market-trends-and-talent-demands,blog,"Workplace, Culture & Future of Work",Culture & Trends
https://testlify.com/adaptive-leadership/,adaptive-leadership,blog,Recruiting & Talent Acquisition,General Talent/Team-building
https://testlify.com/addressing-learning-and-development-needs-in-hr/,addressing-learning-and-development-needs-in-hr,blog,Employee Experience & Development,Performance & L&D
https://testlify.com/addressing-the-full-candidate-acquisition-journey/,addressing-the-full-candidate-acquisition-journey,blog,Unclustered / Other,
https://testlify.com/administrative-assistant-interview-questions-to-ask-job-applicants/,administrative-assistant-interview-questions-to-ask-job-applicants,blog,Interview Questions (by role),
https://testlify.com/administrative-coordinator-interview-questions-to-ask-job-applicants/,administrative-coordinator-interview-questions-to-ask-job-applicants,blog,Interview Questions (by role),
https://testlify.com/advantages-and-disadvantages-of-an-aptitude-test/,advantages-and-disadvantages-of-an-aptitude-test,blog,Assessments & Testing,Aptitude & Cognitive
https://testlify.com/advantages-and-disadvantages-of-global-recruitment/,advantages-and-disadvantages-of-global-recruitment,blog,Recruiting & Talent Acquisition,Recruitment Process & Strategy
https://testlify.com/advantages-challenges-of-generative-ai-in-recruitment/,advantages-challenges-of-generative-ai-in-recruitment,blog,Recruiting & Talent Acquisition,Recruitment Process & Strategy
https://testlify.com/advantages-of-using-personality-tests-in-the-hiring-process/,advantages-of-using-personality-tests-in-the-hiring-process,blog,Assessments & Testing,Personality & Psychometric
https://testlify.com/advantages-of-using-the-emotional-intelligence-test-in-the-hiring-process/,advantages-of-using-the-emotional-intelligence-test-in-the-hiring-process,blog,Assessments & Testing,Assessment general
https://testlify.com/affiliative-leadership/,affiliative-leadership,blog,Recruiting & Talent Acquisition,General Talent/Team-building
https://testlify.com/affinity-bias/,affinity-bias,blog,"Workplace, Culture & Future of Work",DEI
https://testlify.com/agentic-ai-in-recruitment-key-trends/,agentic-ai-in-recruitment-key-trends,blog,Recruiting & Talent Acquisition,Recruitment Process & Strategy
https://testlify.com/agile-recruitment/,agile-recruitment,blog,Recruiting & Talent Acquisition,Recruitment Process & Strategy
https://testlify.com/ai-features-transforming-hr-support-and-leadership/,ai-features-transforming-hr-support-and-leadership,blog,Recruiting & Talent Acquisition,General Talent/Team-building
https://testlify.com/ai-in-hr-communication-engagement/,ai-in-hr-communication-engagement,blog,Employee Experience & Development,Engagement & Retention
https://testlify.com/ai-in-recruitment/,ai-in-recruitment,blog,Recruiting & Talent Acquisition,Recruitment Process & Strategy
https://testlify.com/ai-interviewer-vs-human-interviewer/,ai-interviewer-vs-human-interviewer,blog,Competitor Alternatives & Comparisons,
https://testlify.com/ai-interviewers/,ai-interviewers,blog,Recruiting & Talent Acquisition,Interviewing (process/skills)
https://testlify.com/ai-interviews-for-candidate-screening/,ai-interviews-for-candidate-screening,blog,Recruiting & Talent Acquisition,Interviewing (process/skills)
https://testlify.com/ai-interviews-for-global-hiring/,ai-interviews-for-global-hiring,blog,Recruiting & Talent Acquisition,Interviewing (process/skills)
https://testlify.com/ai-interviews-improve-high-volume-hiring/,ai-interviews-improve-high-volume-hiring,blog,Recruiting & Talent Acquisition,Interviewing (process/skills)
https://testlify.com/ai-is-changing-the-game-for-job-applicants/,ai-is-changing-the-game-for-job-applicants,blog,Recruiting & Talent Acquisition,Recruitment Process & Strategy
https://testlify.com/ai-powered-phone-screening/,ai-powered-phone-screening,blog,Unclustered / Other,
https://testlify.com/ai-powered-proctoring/,ai-powered-proctoring,blog,Assessments & Testing,Proctoring & Integrity
https://testlify.com/ai-powered-recruitment-assessment-tools-in-talent-acquisition/,ai-powered-recruitment-assessment-tools-in-talent-acquisition,blog,Assessments & Testing,Assessment general
https://testlify.com/ai-pre-hire-assessments/,ai-pre-hire-assessments,blog,Assessments & Testing,Pre-employment / Pre-hire
https://testlify.com/ai-proctoring-compliance/,ai-proctoring-compliance,blog,Assessments & Testing,Proctoring & Integrity
https://testlify.com/ai-proctoring-in-certification/,ai-proctoring-in-certification,blog,Assessments & Testing,Proctoring & Integrity
https://testlify.com/ai-proctoring-solution/,ai-proctoring-solution,blog,Assessments & Testing,Proctoring & Integrity
https://testlify.com/ai-recruitment-platforms/,ai-recruitment-platforms,blog,Recruiting & Talent Acquisition,Recruitment Process & Strategy
https://testlify.com/ai-upskilling-guide-for-hr-teams/,ai-upskilling-guide-for-hr-teams,blog,Skills Management,
https://testlify.com/ai-use-cases-in-recruitment/,ai-use-cases-in-recruitment,blog,Recruiting & Talent Acquisition,Recruitment Process & Strategy
https://testlify.com/ai-vs-human-led-hiring-assessments/,ai-vs-human-led-hiring-assessments,blog,Assessments & Testing,Assessment general
https://testlify.com/ai-vs-human-proctoring/,ai-vs-human-proctoring,blog,Assessments & Testing,Proctoring & Integrity
https://testlify.com/align-hr-practices-with-modern-workforce-dynamics/,align-hr-practices-with-modern-workforce-dynamics,blog,Employee Experience & Development,Employee general
https://testlify.com/align-hr-strategies-with-business-objectives/,align-hr-strategies-with-business-objectives,blog,Unclustered / Other,
https://testlify.com/alva-labs-alternatives/,alva-labs-alternatives,blog,Competitor Alternatives & Comparisons,
https://testlify.com/an-hr-approach-to-unbiased-assessments/,an-hr-approach-to-unbiased-assessments,blog,Assessments & Testing,Assessment general
https://testlify.com/an-hr-guide-to-pre-employment-testing/,an-hr-guide-to-pre-employment-testing,blog,Assessments & Testing,Pre-employment / Pre-hire
https://testlify.com/an-hr-perspective-on-candidate-traits-and-nurturing-soft-skills/,an-hr-perspective-on-candidate-traits-and-nurturing-soft-skills,blog,Skills Management,
https://testlify.com/an-ultimate-guide-to-plan-and-implement-volume-hiring/,an-ultimate-guide-to-plan-and-implement-volume-hiring,blog,Recruiting & Talent Acquisition,General Hiring
https://testlify.com/apple-hiring-process/,apple-hiring-process,blog,Recruiting & Talent Acquisition,Recruitment Process & Strategy
https://testlify.com/applications-of-generative-ai-in-hiring/,applications-of-generative-ai-in-hiring,blog,Recruiting & Talent Acquisition,General Hiring
https://testlify.com/appointment-scheduler-interview-questions-to-ask-job-applicants/,appointment-scheduler-interview-questions-to-ask-job-applicants,blog,Interview Questions (by role),
https://testlify.com/aptitude-tests/,aptitude-tests,blog,Assessments & Testing,Aptitude & Cognitive
https://testlify.com/are-your-hiring-decisions-compliant-with-laws/,are-your-hiring-decisions-compliant-with-laws,blog,Recruiting & Talent Acquisition,General Hiring
https://testlify.com/art-and-science-of-hiring-software-developers/,art-and-science-of-hiring-software-developers,blog,Recruiting & Talent Acquisition,General Hiring
https://testlify.com/artificial-intelligence-for-large-volume-hiring/,artificial-intelligence-for-large-volume-hiring,blog,Recruiting & Talent Acquisition,General Hiring
https://testlify.com/asc-smarter-assessment-alternatives/,asc-smarter-assessment-alternatives,blog,Assessments & Testing,Assessment general
https://testlify.com/assess-candidates-for-cultural-fit/,assess-candidates-for-cultural-fit,blog,Unclustered / Other,
https://testlify.com/assess-communication-channels-and-strategies-in-the-organization-effectively/,assess-communication-channels-and-strategies-in-the-organization-effectively,blog,Unclustered / Other,
https://testlify.com/assess-entry-level-candidates-with-skills-assessment/,assess-entry-level-candidates-with-skills-assessment,blog,Skills Tests & Evaluation (by skill),
https://testlify.com/assess-project-management-skills/,assess-project-management-skills,blog,Skills Tests & Evaluation (by skill),
https://testlify.com/assess-sales-skills/,assess-sales-skills,blog,Skills Tests & Evaluation (by skill),
https://testlify.com/assess-skills-fairly-and-effectively/,assess-skills-fairly-and-effectively,blog,Skills Tests & Evaluation (by skill),
https://testlify.com/assess-the-personality-and-attitude-of-candidates/,assess-the-personality-and-attitude-of-candidates,blog,Assessments & Testing,Personality & Psychometric
https://testlify.com/assess-ui-ux-skills-during-hiring/,assess-ui-ux-skills-during-hiring,blog,Skills Tests & Evaluation (by skill),
https://testlify.com/assess-with-autocad-test/,assess-with-autocad-test,blog,Assessments & Testing,Assessment general
https://testlify.com/assessing-candidate-digital-marketing-skills/,assessing-candidate-digital-marketing-skills,blog,Unclustered / Other,
https://testlify.com/assessing-candidate-skills-with-nlp-test/,assessing-candidate-skills-with-nlp-test,blog,Assessments & Testing,Assessment general
https://testlify.com/assessing-candidate-skills-with-sales-aptitude-test/,assessing-candidate-skills-with-sales-aptitude-test,blog,Assessments & Testing,Aptitude & Cognitive
https://testlify.com/assessing-skills-with-computer-literacy-test/,assessing-skills-with-computer-literacy-test,blog,Assessments & Testing,Assessment general
https://testlify.com/assessments-for-hiring-in-media-industry/,assessments-for-hiring-in-media-industry,blog,Assessments & Testing,Assessment general
https://testlify.com/assessments-with-chat-simulation/,assessments-with-chat-simulation,blog,Assessments & Testing,Assessment general
https://testlify.com/ats-and-crm-integration/,ats-and-crm-integration,blog,Recruiting & Talent Acquisition,Recruitment Process & Strategy
https://testlify.com/ats-tools-fail/,ats-tools-fail,blog,Recruiting & Talent Acquisition,Recruitment Process & Strategy
https://testlify.com/attention-to-detail-test-in-hiring-decisions/,attention-to-detail-test-in-hiring-decisions,blog,Assessments & Testing,Assessment general
https://testlify.com/attract-automotive-engineers-without-hands-on-tasks/,attract-automotive-engineers-without-hands-on-tasks,blog,Unclustered / Other,
https://testlify.com/attract-diverse-candidates-to-your-job-postings/,attract-diverse-candidates-to-your-job-postings,blog,Recruiting & Talent Acquisition,General Hiring
https://testlify.com/attract-legal-minds-without-bar-exams/,attract-legal-minds-without-bar-exams,blog,Unclustered / Other,
https://testlify.com/attract-passive-candidates-who-are-not-actively-seeking-employment/,attract-passive-candidates-who-are-not-actively-seeking-employment,blog,Recruiting & Talent Acquisition,Sourcing & Candidate Pool
https://testlify.com/attrition-rate-and-meaning-for-hr/,attrition-rate-and-meaning-for-hr,blog,Employee Experience & Development,Engagement & Retention
https://testlify.com/audit-assistant-interview-questions-to-ask-job-applicants/,audit-assistant-interview-questions-to-ask-job-applicants,blog,Interview Questions (by role),
https://testlify.com/audit-coordinator-interview-questions-to-ask-job-applicants/,audit-coordinator-interview-questions-to-ask-job-applicants,blog,Interview Questions (by role),
https://testlify.com/authenticating-trust-in-the-digital-epoch/,authenticating-trust-in-the-digital-epoch,blog,Unclustered / Other,
https://testlify.com/authenticity-in-assessment-human-resources-approach-to-plagiarism-detection/,authenticity-in-assessment-human-resources-approach-to-plagiarism-detection,blog,Assessments & Testing,Assessment general
https://testlify.com/automated-proctoring/,automated-proctoring,blog,Assessments & Testing,Proctoring & Integrity
https://testlify.com/automated-scoring-for-custom-questions-in-assessments/,automated-scoring-for-custom-questions-in-assessments,blog,Assessments & Testing,Assessment general
https://testlify.com/avoid-low-employee-engagement-and-early-attrition/,avoid-low-employee-engagement-and-early-attrition,blog,Employee Experience & Development,Engagement & Retention
https://testlify.com/avoiding-common-pitfalls-in-ats-integration/,avoiding-common-pitfalls-in-ats-integration,blog,Recruiting & Talent Acquisition,Recruitment Process & Strategy
https://testlify.com/avoiding-pitfalls-in-the-developer-hiring-process/,avoiding-pitfalls-in-the-developer-hiring-process,blog,Recruiting & Talent Acquisition,Recruitment Process & Strategy
https://testlify.com/b2b-content-strategy/,b2b-content-strategy,blog,Unclustered / Other,
https://testlify.com/background-checks/,background-checks,blog,Assessments & Testing,Proctoring & Integrity
https://testlify.com/balance-productivity-with-flexible-work-arrangements/,balance-productivity-with-flexible-work-arrangements,blog,Recruiting & Talent Acquisition,General Talent/Team-building
https://testlify.com/balanced-scorecard/,balanced-scorecard,blog,Unclustered / Other,
https://testlify.com/balancing-theory-and-practice-effective-essay-strategies-for-aspiring-hr-professionals/,balancing-theory-and-practice-effective-essay-strategies-for-aspiring-hr-professionals,blog,Unclustered / Other,
https://testlify.com/becoming-a-talent-attractor/,becoming-a-talent-attractor,blog,Recruiting & Talent Acquisition,General Talent/Team-building
https://testlify.com/behavioral-assessments-impact-hiring-decisions/,behavioral-assessments-impact-hiring-decisions,blog,Assessments & Testing,Assessment general
https://testlify.com/behavioral-competency-a-desired-attribute/,behavioral-competency-a-desired-attribute,blog,Skills Management,
https://testlify.com/benefits-administrator-interview-questions-to-ask-job-applicants/,benefits-administrator-interview-questions-to-ask-job-applicants,blog,Interview Questions (by role),
https://testlify.com/benefits-analyst-interview-questions-to-ask-job-applicants/,benefits-analyst-interview-questions-to-ask-job-applicants,blog,Interview Questions (by role),
https://testlify.com/benefits-cloud-storage-recruitment-platforms-efficiency/,benefits-cloud-storage-recruitment-platforms-efficiency,blog,Recruiting & Talent Acquisition,Recruitment Process & Strategy
https://testlify.com/benefits-coordinator-interview-questions-to-ask-job-applicants/,benefits-coordinator-interview-questions-to-ask-job-applicants,blog,Interview Questions (by role),
https://testlify.com/benefits-of-ai-in-recruitment/,benefits-of-ai-in-recruitment,blog,Recruiting & Talent Acquisition,Recruitment Process & Strategy
https://testlify.com/benefits-of-ai-resume-screening/,benefits-of-ai-resume-screening,blog,HR Operations & Compliance,Compensation & Benefits
https://testlify.com/benefits-of-implementing-servant-leadership-in-hr/,benefits-of-implementing-servant-leadership-in-hr,blog,HR Operations & Compliance,Compensation & Benefits
https://testlify.com/benefits-of-organizational-development/,benefits-of-organizational-development,blog,HR Operations & Compliance,Compensation & Benefits
https://testlify.com/benefits-of-outsourcing-hr-functions/,benefits-of-outsourcing-hr-functions,blog,Recruiting & Talent Acquisition,Sourcing & Candidate Pool
https://testlify.com/benefits-of-partnering-with-recruitment-agency/,benefits-of-partnering-with-recruitment-agency,blog,Recruiting & Talent Acquisition,Recruitment Process & Strategy
https://testlify.com/benefits-of-personalized-customer-support/,benefits-of-personalized-customer-support,blog,HR Operations & Compliance,Compensation & Benefits
https://testlify.com/benefits-of-pre-hiring-assessments/,benefits-of-pre-hiring-assessments,blog,Assessments & Testing,Assessment general
https://testlify.com/benefits-of-skills-based-hiring-for-recruiters/,benefits-of-skills-based-hiring-for-recruiters,blog,Recruiting & Talent Acquisition,Recruitment Process & Strategy
https://testlify.com/benefits-of-skills-based-hiring/,benefits-of-skills-based-hiring,blog,Skills Management,
https://testlify.com/benefits-of-skills-gap-analysis/,benefits-of-skills-gap-analysis,blog,Skills Management,
https://testlify.com/benefits-of-skills-mapping/,benefits-of-skills-mapping,blog,Skills Management,
https://testlify.com/benefits-of-technical-assessments-in-recruitment/,benefits-of-technical-assessments-in-recruitment,blog,Assessments & Testing,Assessment general
https://testlify.com/benefits-of-using-a-learning-management-system/,benefits-of-using-a-learning-management-system,blog,HR Operations & Compliance,Compensation & Benefits
https://testlify.com/benefits-of-using-attention-to-detail-test/,benefits-of-using-attention-to-detail-test,blog,Assessments & Testing,Assessment general
https://testlify.com/benefits-of-using-excel-assessment-in-the-hiring-process/,benefits-of-using-excel-assessment-in-the-hiring-process,blog,Assessments & Testing,Assessment general
https://testlify.com/benefits-of-using-marketing-test/,benefits-of-using-marketing-test,blog,Assessments & Testing,Assessment general
https://testlify.com/benefits-of-using-video-and-audio-interviews/,benefits-of-using-video-and-audio-interviews,blog,Recruiting & Talent Acquisition,Interviewing (process/skills)
https://testlify.com/benefits-specialist-interview-questions-to-ask-job-applicants/,benefits-specialist-interview-questions-to-ask-job-applicants,blog,Interview Questions (by role),
https://testlify.com/best-background-check-software-hr/,best-background-check-software-hr,blog,Assessments & Testing,Proctoring & Integrity
https://testlify.com/best-coding-challenge-platforms-for-developer-hiring/,best-coding-challenge-platforms-for-developer-hiring,blog,Recruiting & Talent Acquisition,General Hiring
https://testlify.com/best-employer-of-record-services-for-gdpr-and-labor-compliance/,best-employer-of-record-services-for-gdpr-and-labor-compliance,blog,HR Operations & Compliance,Policies & Compliance
https://testlify.com/best-hr-case-management-software/,best-hr-case-management-software,blog,HR Operations & Compliance,HR general / HRM
https://testlify.com/best-internal-communication-tools/,best-internal-communication-tools,blog,Unclustered / Other,
https://testlify.com/best-job-boards-that-you-should-know/,best-job-boards-that-you-should-know,blog,Recruiting & Talent Acquisition,General Hiring
https://testlify.com/best-methods-for-screening-candidates/,best-methods-for-screening-candidates,blog,Screening by Skill/Role,
https://testlify.com/best-peos-utah-small-business-hr-payroll/,best-peos-utah-small-business-hr-payroll,blog,HR Operations & Compliance,Compensation & Benefits
https://testlify.com/best-practices-and-strategies-for-freelance-hiring/,best-practices-and-strategies-for-freelance-hiring,blog,Recruiting & Talent Acquisition,General Hiring
https://testlify.com/best-practices-for-blue-collar-interviewing-and-screening/,best-practices-for-blue-collar-interviewing-and-screening,blog,Recruiting & Talent Acquisition,Interviewing (process/skills)
https://testlify.com/best-practices-for-creating-an-employee-handbook/,best-practices-for-creating-an-employee-handbook,blog,Employee Experience & Development,Employee general
https://testlify.com/best-practices-for-designing-and-implementing-employment-assessments/,best-practices-for-designing-and-implementing-employment-assessments,blog,Assessments & Testing,Assessment general
https://testlify.com/best-practices-for-designing-coding-assessments/,best-practices-for-designing-coding-assessments,blog,Assessments & Testing,Assessment general
https://testlify.com/best-practices-for-hiring-data-analysts/,best-practices-for-hiring-data-analysts,blog,Recruiting & Talent Acquisition,General Hiring
https://testlify.com/best-practices-for-remote-employee-management/,best-practices-for-remote-employee-management,blog,Employee Experience & Development,Employee general
https://testlify.com/best-practices-for-using-an-organizing-skills-test/,best-practices-for-using-an-organizing-skills-test,blog,Skills Tests & Evaluation (by skill),
https://testlify.com/best-practices-for-using-personality-tests-for-inclusive-hiring/,best-practices-for-using-personality-tests-for-inclusive-hiring,blog,Assessments & Testing,Personality & Psychometric
https://testlify.com/best-practices-in-implementing-hiring-assessments/,best-practices-in-implementing-hiring-assessments,blog,Assessments & Testing,Assessment general
https://testlify.com/best-practices-to-avoid-bias-in-employment-testing/,best-practices-to-avoid-bias-in-employment-testing,blog,Assessments & Testing,Assessment general
https://testlify.com/best-practices-to-ensure-authenticity-in-candidates-skills-assessment-tests/,best-practices-to-ensure-authenticity-in-candidates-skills-assessment-tests,blog,Skills Tests & Evaluation (by skill),
https://testlify.com/best-proxies-for-recruitment-intelligence/,best-proxies-for-recruitment-intelligence,blog,Recruiting & Talent Acquisition,Recruitment Process & Strategy
https://testlify.com/best-recruiting-email-templates-for-tech-startups/,best-recruiting-email-templates-for-tech-startups,blog,Recruiting & Talent Acquisition,Recruitment Process & Strategy
https://testlify.com/best-recruitment-methods/,best-recruitment-methods,blog,Recruiting & Talent Acquisition,Recruitment Process & Strategy
https://testlify.com/best-recruitment-tools-for-hiring-teams/,best-recruitment-tools-for-hiring-teams,blog,Recruiting & Talent Acquisition,Recruitment Process & Strategy
https://testlify.com/best-skills-assessment-question-libraries/,best-skills-assessment-question-libraries,blog,Skills Tests & Evaluation (by skill),
https://testlify.com/best-strategies-for-attracting-top-tech-talent/,best-strategies-for-attracting-top-tech-talent,blog,Recruiting & Talent Acquisition,General Talent/Team-building
https://testlify.com/best-strategies-to-hire-higher-education-talent/,best-strategies-to-hire-higher-education-talent,blog,Recruiting & Talent Acquisition,General Hiring
https://testlify.com/best-strategies-to-recruit-nursing-talent/,best-strategies-to-recruit-nursing-talent,blog,Recruiting & Talent Acquisition,Recruitment Process & Strategy
https://testlify.com/best-talent-assessment-tools/,best-talent-assessment-tools,blog,Assessments & Testing,Assessment general
https://testlify.com/best-team-assessment-tools-performance-management/,best-team-assessment-tools-performance-management,blog,Assessments & Testing,Assessment general
https://testlify.com/best-technical-assessment-tools/,best-technical-assessment-tools,blog,Assessments & Testing,Assessment general
https://testlify.com/best-tips-for-recruiters-to-write-effective-job-descriptions/,best-tips-for-recruiters-to-write-effective-job-descriptions,blog,Recruiting & Talent Acquisition,Recruitment Process & Strategy
https://testlify.com/best-tools-to-track-sources-of-recruitment/,best-tools-to-track-sources-of-recruitment,blog,Recruiting & Talent Acquisition,Sourcing & Candidate Pool
https://testlify.com/best-truck-driving-jobs-with-no-experience/,best-truck-driving-jobs-with-no-experience,blog,Unclustered / Other,
https://testlify.com/better-alternative-for-hr-teams-than-office-deployment-tool/,better-alternative-for-hr-teams-than-office-deployment-tool,blog,Recruiting & Talent Acquisition,General Talent/Team-building
https://testlify.com/beyond-resumes-using-the-big-five-to-identify-the-ideal-candidate/,beyond-resumes-using-the-big-five-to-identify-the-ideal-candidate,blog,Assessments & Testing,Personality & Psychometric
https://testlify.com/billing-administrator-interview-questions-to-ask-job-applicants/,billing-administrator-interview-questions-to-ask-job-applicants,blog,Interview Questions (by role),
https://testlify.com/billing-analyst-interview-questions-to-ask-job-applicants/,billing-analyst-interview-questions-to-ask-job-applicants,blog,Interview Questions (by role),
https://testlify.com/billing-clerk-interview-questions-to-ask-job-applicants/,billing-clerk-interview-questions-to-ask-job-applicants,blog,Interview Questions (by role),
https://testlify.com/billing-coordinator-interview-questions-to-ask-job-applicants/,billing-coordinator-interview-questions-to-ask-job-applicants,blog,Interview Questions (by role),
https://testlify.com/billing-specialist-interview-questions-to-ask-job-applicants/,billing-specialist-interview-questions-to-ask-job-applicants,blog,Interview Questions (by role),
https://testlify.com/blind-hiring/,blind-hiring,blog,Assessments & Testing,Proctoring & Integrity
https://testlify.com/blog/,blog,blog,Unclustered / Other,
https://testlify.com/bookkeeper-interview-questions-to-ask-job-applicants/,bookkeeper-interview-questions-to-ask-job-applicants,blog,Interview Questions (by role),
https://testlify.com/boolean-search-in-recruitment/,boolean-search-in-recruitment,blog,Recruiting & Talent Acquisition,Recruitment Process & Strategy
https://testlify.com/boomerang-employees/,boomerang-employees,blog,Employee Experience & Development,Employee general
https://testlify.com/boost-employee-retention-with-predictive-assessments/,boost-employee-retention-with-predictive-assessments,blog,Assessments & Testing,Assessment general
https://testlify.com/boost-visibility-and-attract-top-talent-from-job-search-sites/,boost-visibility-and-attract-top-talent-from-job-search-sites,blog,Recruiting & Talent Acquisition,General Talent/Team-building
https://testlify.com/brand-ambassador-interview-questions-to-ask-job-applicants/,brand-ambassador-interview-questions-to-ask-job-applicants,blog,Interview Questions (by role),
https://testlify.com/brand-analyst-interview-questions-to-ask-job-applicants/,brand-analyst-interview-questions-to-ask-job-applicants,blog,Interview Questions (by role),
https://testlify.com/brand-manager-interview-questions-to-ask-job-applicants/,brand-manager-interview-questions-to-ask-job-applicants,blog,Interview Questions (by role),
https://testlify.com/brand-strategist-analyst-interview-questions-to-ask-job-applicants/,brand-strategist-analyst-interview-questions-to-ask-job-applicants,blog,Interview Questions (by role),
https://testlify.com/breaking-hiring-silos/,breaking-hiring-silos,blog,Recruiting & Talent Acquisition,General Hiring
https://testlify.com/bridge-the-generation-gap-in-employee-communications/,bridge-the-generation-gap-in-employee-communications,blog,Employee Experience & Development,Employee general
https://testlify.com/bridging-communication-gaps-in-the-gig-economy/,bridging-communication-gaps-in-the-gig-economy,blog,Unclustered / Other,
https://testlify.com/bridging-communication-gaps-in-workplace-disputes/,bridging-communication-gaps-in-workplace-disputes,blog,"Workplace, Culture & Future of Work",Culture & Trends
https://testlify.com/bridging-the-skills-gap-a-blueprint-for-effective-skills-gap-analysis/,bridging-the-skills-gap-a-blueprint-for-effective-skills-gap-analysis,blog,Skills Management,
https://testlify.com/bridging-the-skills-gap-for-sports-teams/,bridging-the-skills-gap-for-sports-teams,blog,Skills Management,
https://testlify.com/broken-interview-process/,broken-interview-process,blog,Recruiting & Talent Acquisition,Interviewing (process/skills)
https://testlify.com/buddy-system/,buddy-system,blog,Unclustered / Other,
https://testlify.com/budget-analyst-interview-questions-to-ask-job-applicants/,budget-analyst-interview-questions-to-ask-job-applicants,blog,Interview Questions (by role),
https://testlify.com/build-a-diverse-and-inclusive-workplace/,build-a-diverse-and-inclusive-workplace,blog,"Workplace, Culture & Future of Work",Culture & Trends
https://testlify.com/build-a-diverse-workplace-culture-for-increased-productivity/,build-a-diverse-workplace-culture-for-increased-productivity,blog,"Workplace, Culture & Future of Work",Culture & Trends
https://testlify.com/build-a-hiring-process-with-talent-assessment-tools/,build-a-hiring-process-with-talent-assessment-tools,blog,Assessments & Testing,Assessment general
https://testlify.com/build-a-resilient-workforce-in-challenging-times/,build-a-resilient-workforce-in-challenging-times,blog,Employee Experience & Development,Employee general
https://testlify.com/build-a-successful-global-team-using-assessments/,build-a-successful-global-team-using-assessments,blog,Assessments & Testing,Assessment general
https://testlify.com/build-a-successful-hr-career-path-within-the-organization/,build-a-successful-hr-career-path-within-the-organization,blog,Career & Role Guides,
https://testlify.com/build-a-talent-pool/,build-a-talent-pool,blog,Recruiting & Talent Acquisition,Sourcing & Candidate Pool
https://testlify.com/build-a-top-notch-project-management-team/,build-a-top-notch-project-management-team,blog,Recruiting & Talent Acquisition,General Talent/Team-building
https://testlify.com/build-an-employer-brand-without-a-marketing-agency/,build-an-employer-brand-without-a-marketing-agency,blog,"Workplace, Culture & Future of Work",Culture & Trends
https://testlify.com/build-an-hr-toolkit/,build-an-hr-toolkit,blog,HR Operations & Compliance,HR general / HRM
https://testlify.com/build-and-maintain-a-positive-employer-brand-reputation/,build-and-maintain-a-positive-employer-brand-reputation,blog,"Workplace, Culture & Future of Work",Culture & Trends
https://testlify.com/build-and-maintain-strong-hr-partnerships-with-other-departments/,build-and-maintain-strong-hr-partnerships-with-other-departments,blog,Unclustered / Other,
https://testlify.com/build-and-manage-an-effective-marketing-department/,build-and-manage-an-effective-marketing-department,blog,Unclustered / Other,
https://testlify.com/build-development-teams-with-teamwork-assessments/,build-development-teams-with-teamwork-assessments,blog,Assessments & Testing,Assessment general
https://testlify.com/build-efficient-schools-without-traditional-interviews/,build-efficient-schools-without-traditional-interviews,blog,Recruiting & Talent Acquisition,Interviewing (process/skills)
https://testlify.com/build-inclusive-workplace-practical-strategies/,build-inclusive-workplace-practical-strategies,blog,"Workplace, Culture & Future of Work",Culture & Trends
https://testlify.com/build-strong-employer-employee-relationships-in-the-workplace/,build-strong-employer-employee-relationships-in-the-workplace,blog,Employee Experience & Development,Employee general
https://testlify.com/build-talent-sourcing-plan-for-business/,build-talent-sourcing-plan-for-business,blog,Recruiting & Talent Acquisition,Sourcing & Candidate Pool
https://testlify.com/build-the-right-customer-support-team-structure/,build-the-right-customer-support-team-structure,blog,Recruiting & Talent Acquisition,General Talent/Team-building
https://testlify.com/build-visionary-leaders-without-lengthy-processes/,build-visionary-leaders-without-lengthy-processes,blog,Recruiting & Talent Acquisition,General Talent/Team-building
https://testlify.com/building-a-diverse-data-science-team/,building-a-diverse-data-science-team,blog,Recruiting & Talent Acquisition,General Talent/Team-building
https://testlify.com/building-a-strong-employer-brand-a-five-step-approach/,building-a-strong-employer-brand-a-five-step-approach,blog,"Workplace, Culture & Future of Work",Culture & Trends
https://testlify.com/building-a-strong-employer-brand/,building-a-strong-employer-brand,blog,"Workplace, Culture & Future of Work",Culture & Trends
https://testlify.com/building-a-winning-talent-acquisition-strategy-a-step-by-step-guide/,building-a-winning-talent-acquisition-strategy-a-step-by-step-guide,blog,Recruiting & Talent Acquisition,Recruitment Process & Strategy
https://testlify.com/building-autonomous-teams/,building-autonomous-teams,blog,Recruiting & Talent Acquisition,General Talent/Team-building
https://testlify.com/building-employer-brand-visual-storytelling/,building-employer-brand-visual-storytelling,blog,"Workplace, Culture & Future of Work",Culture & Trends
https://testlify.com/building-engagement-strategy-hiring-process/,building-engagement-strategy-hiring-process,blog,Recruiting & Talent Acquisition,Recruitment Process & Strategy
https://testlify.com/building-recruitment-tech-stack/,building-recruitment-tech-stack,blog,Recruiting & Talent Acquisition,Recruitment Process & Strategy
https://testlify.com/building-your-hr-tech-stack-for-new-age-recruiting/,building-your-hr-tech-stack-for-new-age-recruiting,blog,Recruiting & Talent Acquisition,Recruitment Process & Strategy
https://testlify.com/business-analyst-interview-questions-to-ask-job-applicants/,business-analyst-interview-questions-to-ask-job-applicants,blog,Interview Questions (by role),
https://testlify.com/business-consultant-interview-questions-to-ask-job-applicants/,business-consultant-interview-questions-to-ask-job-applicants,blog,Interview Questions (by role),
https://testlify.com/business-development-assistant-interview-questions-to-ask-job-applicants/,business-development-assistant-interview-questions-to-ask-job-applicants,blog,Interview Questions (by role),
https://testlify.com/business-development-coordinator-interview-questions-to-ask-job-applicants/,business-development-coordinator-interview-questions-to-ask-job-applicants,blog,Interview Questions (by role),
https://testlify.com/business-development-manager-interview-questions-to-ask-job-applicants/,business-development-manager-interview-questions-to-ask-job-applicants,blog,Interview Questions (by role),
https://testlify.com/business-operations-analyst-interview-questions-to-ask-job-applicants/,business-operations-analyst-interview-questions-to-ask-job-applicants,blog,Interview Questions (by role),
https://testlify.com/business-operations-associate-interview-questions-to-ask-job-applicants/,business-operations-associate-interview-questions-to-ask-job-applicants,blog,Interview Questions (by role),
https://testlify.com/business-operations-manager-interview-questions-to-ask-job-applicants/,business-operations-manager-interview-questions-to-ask-job-applicants,blog,Interview Questions (by role),
https://testlify.com/business-process-analyst-interview-questions-to-ask-job-applicants/,business-process-analyst-interview-questions-to-ask-job-applicants,blog,Interview Questions (by role),
https://testlify.com/california-employment-and-labor-laws/,california-employment-and-labor-laws,blog,HR Operations & Compliance,Policies & Compliance
https://testlify.com/call-center-operator-interview-questions-to-ask-job-applicants/,call-center-operator-interview-questions-to-ask-job-applicants,blog,Interview Questions (by role),
https://testlify.com/campus-hiring-guide-to-hire-new-grads-at-scale/,campus-hiring-guide-to-hire-new-grads-at-scale,blog,Hiring by Role,
https://testlify.com/campus-hiring-job-fair-email-templates/,campus-hiring-job-fair-email-templates,blog,Recruiting & Talent Acquisition,General Hiring
https://testlify.com/can-cognitive-ability-tests-create-a-fairer-hiring-landscape/,can-cognitive-ability-tests-create-a-fairer-hiring-landscape,blog,Assessments & Testing,Aptitude & Cognitive
https://testlify.com/can-cognitive-reasoning-assessments-identify-talents/,can-cognitive-reasoning-assessments-identify-talents,blog,Assessments & Testing,Aptitude & Cognitive
https://testlify.com/candidate-dishonesty/,candidate-dishonesty,blog,Assessments & Testing,Proctoring & Integrity
https://testlify.com/candidate-drop-off/,candidate-drop-off,blog,Unclustered / Other,
https://testlify.com/candidate-experience-for-successful-talent-acquisition/,candidate-experience-for-successful-talent-acquisition,blog,Recruiting & Talent Acquisition,Recruitment Process & Strategy
https://testlify.com/candidate-experience-with-user-friendly-interface/,candidate-experience-with-user-friendly-interface,blog,Recruiting & Talent Acquisition,Recruitment Process & Strategy
https://testlify.com/candidate-experience-with-white-labeled-assessments/,candidate-experience-with-white-labeled-assessments,blog,Assessments & Testing,Assessment general
https://testlify.com/candidate-ghosting/,candidate-ghosting,blog,Unclustered / Other,
https://testlify.com/candidate-persona/,candidate-persona,blog,Unclustered / Other,
https://testlify.com/candidate-profiling/,candidate-profiling,blog,Unclustered / Other,
https://testlify.com/candidate-rejection-email-templates/,candidate-rejection-email-templates,blog,Unclustered / Other,
https://testlify.com/candidate-screening-software/,candidate-screening-software,blog,Screening by Skill/Role,
https://testlify.com/candidate-screening-with-communication-assessment/,candidate-screening-with-communication-assessment,blog,Screening by Skill/Role,
https://testlify.com/candidate-screening-with-english-proficiency-test/,candidate-screening-with-english-proficiency-test,blog,Screening by Skill/Role,
https://testlify.com/candidate-screening-with-leadership-assessment/,candidate-screening-with-leadership-assessment,blog,Screening by Skill/Role,
https://testlify.com/candidate-screening-with-personality-assessment/,candidate-screening-with-personality-assessment,blog,Screening by Skill/Role,
https://testlify.com/candidate-screening-with-talent-assessment-tools/,candidate-screening-with-talent-assessment-tools,blog,Screening by Skill/Role,
https://testlify.com/candidate-screening-with-technical-skills-assessment/,candidate-screening-with-technical-skills-assessment,blog,Screening by Skill/Role,
https://testlify.com/candidate-screening-with-work-reliability-test/,candidate-screening-with-work-reliability-test,blog,Screening by Skill/Role,
https://testlify.com/candidate-screening/,candidate-screening,blog,Unclustered / Other,
https://testlify.com/candidate-skills-testing/,candidate-skills-testing,blog,Skills Tests & Evaluation (by skill),
https://testlify.com/canditech-alternatives/,canditech-alternatives,blog,Competitor Alternatives & Comparisons,
https://testlify.com/cangrade-alternatives/,cangrade-alternatives,blog,Competitor Alternatives & Comparisons,
https://testlify.com/career-pathing/,career-pathing,blog,Career & Role Guides,
https://testlify.com/case-studies-highlight-skills-assessments-improve-time-to-hire/,case-studies-highlight-skills-assessments-improve-time-to-hire,blog,Skills Tests & Evaluation (by skill),
https://testlify.com/case-studies-of-better-hires-using-talent-assessments/,case-studies-of-better-hires-using-talent-assessments,blog,Assessments & Testing,Assessment general
https://testlify.com/case-studies-of-companies-that-successfully-used-recruitment-technology/,case-studies-of-companies-that-successfully-used-recruitment-technology,blog,Recruiting & Talent Acquisition,Recruitment Process & Strategy
https://testlify.com/case-studies-of-companies-that-successfully-used-skill-assessments/,case-studies-of-companies-that-successfully-used-skill-assessments,blog,Skills Tests & Evaluation (by skill),
https://testlify.com/case-studies-of-compensation-and-benefits-programs/,case-studies-of-compensation-and-benefits-programs,blog,HR Operations & Compliance,Compensation & Benefits
https://testlify.com/case-studies-of-performance-management-system/,case-studies-of-performance-management-system,blog,Employee Experience & Development,Performance & L&D
https://testlify.com/case-studies-of-strategic-human-resource-planning/,case-studies-of-strategic-human-resource-planning,blog,Recruiting & Talent Acquisition,Sourcing & Candidate Pool
https://testlify.com/case-studies-of-successful-new-hire-orientation-programs/,case-studies-of-successful-new-hire-orientation-programs,blog,Recruiting & Talent Acquisition,General Hiring
https://testlify.com/case-studies-of-successful-organizational-development-programs/,case-studies-of-successful-organizational-development-programs,blog,Unclustered / Other,
https://testlify.com/case-studies-of-successful-sourcing-programs/,case-studies-of-successful-sourcing-programs,blog,Recruiting & Talent Acquisition,Sourcing & Candidate Pool
https://testlify.com/case-studies-of-successful-staffing-programs/,case-studies-of-successful-staffing-programs,blog,Employee Experience & Development,Employee general
https://testlify.com/case-studies-of-workforce-planning/,case-studies-of-workforce-planning,blog,HR Operations & Compliance,Workforce & Succession Planning
https://testlify.com/category-manager-interview-questions-to-ask-job-applicants/,category-manager-interview-questions-to-ask-job-applicants,blog,Interview Questions (by role),
https://testlify.com/centralized-vs-decentralized-recruitment/,centralized-vs-decentralized-recruitment,blog,Competitor Alternatives & Comparisons,
https://testlify.com/challenges-of-manual-candidate-screening/,challenges-of-manual-candidate-screening,blog,Unclustered / Other,
https://testlify.com/challenges-of-using-cognitive-ability-tests-in-recruitment-and-overcoming-them/,challenges-of-using-cognitive-ability-tests-in-recruitment-and-overcoming-them,blog,Assessments & Testing,Aptitude & Cognitive
https://testlify.com/challenges-of-using-video-and-audio-interviews/,challenges-of-using-video-and-audio-interviews,blog,Recruiting & Talent Acquisition,Interviewing (process/skills)
https://testlify.com/change-management-strategist-interview-questions-to-ask-job-applicants/,change-management-strategist-interview-questions-to-ask-job-applicants,blog,Interview Questions (by role),
https://testlify.com/chat-ai-interviews-for-support-hiring/,chat-ai-interviews-for-support-hiring,blog,Recruiting & Talent Acquisition,Interviewing (process/skills)
https://testlify.com/chat-simulation-for-enterprise-hiring/,chat-simulation-for-enterprise-hiring,blog,Recruiting & Talent Acquisition,General Hiring
https://testlify.com/choose-the-right-recruitment-method/,choose-the-right-recruitment-method,blog,Recruiting & Talent Acquisition,Recruitment Process & Strategy
https://testlify.com/choose-the-right-sources-of-recruitment/,choose-the-right-sources-of-recruitment,blog,Recruiting & Talent Acquisition,Sourcing & Candidate Pool
https://testlify.com/choosing-a-critical-thinking-skills-assessment/,choosing-a-critical-thinking-skills-assessment,blog,Skills Tests & Evaluation (by skill),
https://testlify.com/choosing-a-leadership-skills-assessment-how-and-why/,choosing-a-leadership-skills-assessment-how-and-why,blog,Skills Tests & Evaluation (by skill),
https://testlify.com/choosing-a-problem-solving-skills-assessment/,choosing-a-problem-solving-skills-assessment,blog,Skills Tests & Evaluation (by skill),
https://testlify.com/choosing-a-programming-skills-assessment-how-and-why/,choosing-a-programming-skills-assessment-how-and-why,blog,Skills Tests & Evaluation (by skill),
https://testlify.com/choosing-a-typing-test-how-and-why/,choosing-a-typing-test-how-and-why,blog,Assessments & Testing,Assessment general
https://testlify.com/claims-adjuster-interview-questions-to-ask-job-applicants/,claims-adjuster-interview-questions-to-ask-job-applicants,blog,Interview Questions (by role),
https://testlify.com/claims-administrator-interview-questions-to-ask-job-applicants/,claims-administrator-interview-questions-to-ask-job-applicants,blog,Interview Questions (by role),
https://testlify.com/claims-examiner-interview-questions-to-ask-job-applicants/,claims-examiner-interview-questions-to-ask-job-applicants,blog,Interview Questions (by role),
https://testlify.com/clerical-skills/,clerical-skills,blog,Unclustered / Other,
https://testlify.com/cloud-computing-trends/,cloud-computing-trends,blog,"Workplace, Culture & Future of Work",Culture & Trends
https://testlify.com/coderbyte-alternatives/,coderbyte-alternatives,blog,Competitor Alternatives & Comparisons,
https://testlify.com/codility-alternatives/,codility-alternatives,blog,Competitor Alternatives & Comparisons,
https://testlify.com/coding-bootcamps-in-developer-hiring/,coding-bootcamps-in-developer-hiring,blog,Recruiting & Talent Acquisition,General Hiring
https://testlify.com/cognitive-bias-is-harming-your-hiring-process/,cognitive-bias-is-harming-your-hiring-process,blog,Assessments & Testing,Aptitude & Cognitive
https://testlify.com/cognitive-diversity-at-workplace/,cognitive-diversity-at-workplace,blog,Assessments & Testing,Aptitude & Cognitive
https://testlify.com/colorado-employment-and-labor-laws/,colorado-employment-and-labor-laws,blog,HR Operations & Compliance,Policies & Compliance
https://testlify.com/combining-personality-data-with-predictive-metrics/,combining-personality-data-with-predictive-metrics,blog,Assessments & Testing,Personality & Psychometric
https://testlify.com/combining-sjts-with-other-skills-assessments-hiring/,combining-sjts-with-other-skills-assessments-hiring,blog,Skills Tests & Evaluation (by skill),
https://testlify.com/common-criticisms-of-situational-judgement-test/,common-criticisms-of-situational-judgement-test,blog,Assessments & Testing,Assessment general
https://testlify.com/common-employment-assessments-and-when-to-use-them/,common-employment-assessments-and-when-to-use-them,blog,Assessments & Testing,Assessment general
https://testlify.com/common-examples-of-unfair-hiring-practices-how-to-avoid-them/,common-examples-of-unfair-hiring-practices-how-to-avoid-them,blog,Recruiting & Talent Acquisition,General Hiring
https://testlify.com/common-hr-compliance-landmines-and-how-to-avoid-them/,common-hr-compliance-landmines-and-how-to-avoid-them,blog,HR Operations & Compliance,Policies & Compliance
https://testlify.com/common-hr-mistakes-and-how-to-avoid-them/,common-hr-mistakes-and-how-to-avoid-them,blog,Unclustered / Other,
https://testlify.com/common-mistakes-to-avoid-in-new-hire-orientation/,common-mistakes-to-avoid-in-new-hire-orientation,blog,Recruiting & Talent Acquisition,General Hiring
https://testlify.com/common-mistakes-to-avoid-in-organizational-development/,common-mistakes-to-avoid-in-organizational-development,blog,Unclustered / Other,
https://testlify.com/common-mistakes-to-avoid-in-performance-management/,common-mistakes-to-avoid-in-performance-management,blog,Employee Experience & Development,Performance & L&D
https://testlify.com/common-mistakes-to-avoid-in-sourcing/,common-mistakes-to-avoid-in-sourcing,blog,Recruiting & Talent Acquisition,Sourcing & Candidate Pool
https://testlify.com/common-mistakes-to-avoid-in-staffing/,common-mistakes-to-avoid-in-staffing,blog,Employee Experience & Development,Employee general
https://testlify.com/common-mistakes-to-avoid-in-succession-planning/,common-mistakes-to-avoid-in-succession-planning,blog,HR Operations & Compliance,Workforce & Succession Planning
https://testlify.com/common-mistakes-to-avoid-in-talent-management/,common-mistakes-to-avoid-in-talent-management,blog,Recruiting & Talent Acquisition,General Talent/Team-building
https://testlify.com/common-mistakes-to-avoid-in-workforce-planning/,common-mistakes-to-avoid-in-workforce-planning,blog,HR Operations & Compliance,Workforce & Succession Planning
https://testlify.com/common-mistakes-to-avoid-using-skill-assessments/,common-mistakes-to-avoid-using-skill-assessments,blog,Skills Tests & Evaluation (by skill),
https://testlify.com/common-mistakes-to-avoid-while-creating-coding-assessment/,common-mistakes-to-avoid-while-creating-coding-assessment,blog,Assessments & Testing,Assessment general
https://testlify.com/common-mistakes-to-avoid-while-offering-compensation-and-benefits/,common-mistakes-to-avoid-while-offering-compensation-and-benefits,blog,HR Operations & Compliance,Compensation & Benefits
https://testlify.com/common-recruiting-challenges-and-how-to-overcome-them/,common-recruiting-challenges-and-how-to-overcome-them,blog,Recruiting & Talent Acquisition,Recruitment Process & Strategy
https://testlify.com/common-technical-assessment-mistakes-to-avoid/,common-technical-assessment-mistakes-to-avoid,blog,Assessments & Testing,Assessment general
https://testlify.com/common-types-of-hiring-bias/,common-types-of-hiring-bias,blog,"Workplace, Culture & Future of Work",DEI
https://testlify.com/common-types-of-pre-employment-tests-and-their-uses/,common-types-of-pre-employment-tests-and-their-uses,blog,Assessments & Testing,Pre-employment / Pre-hire
https://testlify.com/communicate-compensation-and-benefits-to-your-employees/,communicate-compensation-and-benefits-to-your-employees,blog,HR Operations & Compliance,Compensation & Benefits
https://testlify.com/communication-challenges-in-the-onboarding-process/,communication-challenges-in-the-onboarding-process,blog,Employee Experience & Development,Onboarding
https://testlify.com/communication-skills-in-technical-recruitment/,communication-skills-in-technical-recruitment,blog,Recruiting & Talent Acquisition,Recruitment Process & Strategy
https://testlify.com/communication-strategies-for-long-employee-relations/,communication-strategies-for-long-employee-relations,blog,Employee Experience & Development,Employee general
https://testlify.com/communications-manager-interview-questions-to-ask-job-applicants/,communications-manager-interview-questions-to-ask-job-applicants,blog,Interview Questions (by role),
https://testlify.com/community-manager-interview-questions-to-ask-job-applicants/,community-manager-interview-questions-to-ask-job-applicants,blog,Interview Questions (by role),
https://testlify.com/companies-that-successfully-used-coding-assessments-to-hire-top/,companies-that-successfully-used-coding-assessments-to-hire-top,blog,Assessments & Testing,Assessment general
https://testlify.com/company-secretary-interview-questions-to-ask-job-applicants/,company-secretary-interview-questions-to-ask-job-applicants,blog,Interview Questions (by role),
https://testlify.com/compare-testlify-vs-metaview/,compare-testlify-vs-metaview,blog,Competitor Alternatives & Comparisons,
https://testlify.com/compare-testlify-vs-sapia-ai/,compare-testlify-vs-sapia-ai,blog,Competitor Alternatives & Comparisons,
https://testlify.com/compare-testlify-vs-willo/,compare-testlify-vs-willo,blog,Competitor Alternatives & Comparisons,
https://testlify.com/compassionate-leave/,compassionate-leave,blog,Unclustered / Other,
https://testlify.com/compensation-analyst-interview-questions-to-ask-job-applicants/,compensation-analyst-interview-questions-to-ask-job-applicants,blog,Interview Questions (by role),
https://testlify.com/compensation-and-benefits-for-the-future-of-work/,compensation-and-benefits-for-the-future-of-work,blog,HR Operations & Compliance,Compensation & Benefits
https://testlify.com/compensation-specialist-interview-questions-to-ask-job-applicants/,compensation-specialist-interview-questions-to-ask-job-applicants,blog,Interview Questions (by role),
https://testlify.com/compensation-transparency-hiring-trend-us-and-canada/,compensation-transparency-hiring-trend-us-and-canada,blog,HR Operations & Compliance,Compensation & Benefits
https://testlify.com/compensatory-off/,compensatory-off,blog,Unclustered / Other,
https://testlify.com/compete-with-other-employers-for-top-talent-in-a-tight-job-market/,compete-with-other-employers-for-top-talent-in-a-tight-job-market,blog,Recruiting & Talent Acquisition,General Talent/Team-building
https://testlify.com/competency-based-assessment/,competency-based-assessment,blog,Assessments & Testing,Assessment general
https://testlify.com/competency-evaluation-important-for-recruiting/,competency-evaluation-important-for-recruiting,blog,Recruiting & Talent Acquisition,Recruitment Process & Strategy
https://testlify.com/competency-framework/,competency-framework,blog,Skills Management,
https://testlify.com/competency-mapping/,competency-mapping,blog,Skills Management,
https://testlify.com/compliance-analyst-interview-questions-to-ask-job-applicants/,compliance-analyst-interview-questions-to-ask-job-applicants,blog,Interview Questions (by role),
https://testlify.com/compliance-auditor-interview-questions-to-ask-job-applicants/,compliance-auditor-interview-questions-to-ask-job-applicants,blog,Interview Questions (by role),
https://testlify.com/compliance-coordinator-interview-questions-to-ask-job-applicants/,compliance-coordinator-interview-questions-to-ask-job-applicants,blog,Interview Questions (by role),
https://testlify.com/compliance-officer-interview-questions-to-ask-job-applicants/,compliance-officer-interview-questions-to-ask-job-applicants,blog,Interview Questions (by role),
https://testlify.com/compliance-specialist-interview-questions-to-ask-job-applicants/,compliance-specialist-interview-questions-to-ask-job-applicants,blog,Interview Questions (by role),
https://testlify.com/components-of-hr-toolkit/,components-of-hr-toolkit,blog,HR Operations & Compliance,HR general / HRM
https://testlify.com/comprehensive-benefits-packages-contribute-to-talent-retention/,comprehensive-benefits-packages-contribute-to-talent-retention,blog,HR Operations & Compliance,Compensation & Benefits
https://testlify.com/comprehensive-health-insurance-options-impact-benefits-packages/,comprehensive-health-insurance-options-impact-benefits-packages,blog,HR Operations & Compliance,Compensation & Benefits
https://testlify.com/computer-literacy-test-in-hiring-decisions/,computer-literacy-test-in-hiring-decisions,blog,Assessments & Testing,Assessment general
https://testlify.com/computer-skill-test-predict-candidate-fit/,computer-skill-test-predict-candidate-fit,blog,Skills Tests & Evaluation (by skill),
https://testlify.com/concurrent-validity/,concurrent-validity,blog,Assessments & Testing,Proctoring & Integrity
https://testlify.com/conduct-a-successful-candidate-search/,conduct-a-successful-candidate-search,blog,Unclustered / Other,
https://testlify.com/conduct-administrative-hiring-with-tests/,conduct-administrative-hiring-with-tests,blog,Assessments & Testing,Assessment general
https://testlify.com/conduct-advanced-java-online-test-tips-for-recruiters/,conduct-advanced-java-online-test-tips-for-recruiters,blog,Assessments & Testing,Assessment general
https://testlify.com/conduct-an-effective-numpy-test-online/,conduct-an-effective-numpy-test-online,blog,Assessments & Testing,Assessment general
https://testlify.com/conduct-effective-diversity-training-for-a-diverse-workforce/,conduct-effective-diversity-training-for-a-diverse-workforce,blog,Employee Experience & Development,Performance & L&D
https://testlify.com/conduct-effective-employee-performance-reviews/,conduct-effective-employee-performance-reviews,blog,Employee Experience & Development,Performance & L&D
https://testlify.com/conduct-effective-hr-training-sessions-for-employees/,conduct-effective-hr-training-sessions-for-employees,blog,Employee Experience & Development,Performance & L&D
https://testlify.com/conduct-effective-leadership-development-programs/,conduct-effective-leadership-development-programs,blog,Recruiting & Talent Acquisition,General Talent/Team-building
https://testlify.com/conduct-hr-audits-for-policy-compliance-in-the-organization/,conduct-hr-audits-for-policy-compliance-in-the-organization,blog,HR Operations & Compliance,Policies & Compliance
https://testlify.com/conduct-hr-communication-during-organizational-changes/,conduct-hr-communication-during-organizational-changes,blog,Unclustered / Other,
https://testlify.com/conduct-management-tests/,conduct-management-tests,blog,Assessments & Testing,Assessment general
https://testlify.com/conduct-managerial-hiring-with-judgement-tests/,conduct-managerial-hiring-with-judgement-tests,blog,Assessments & Testing,Assessment general
https://testlify.com/conduct-system-diagnostics-for-remote-work/,conduct-system-diagnostics-for-remote-work,blog,"Workplace, Culture & Future of Work",Remote & Hybrid
https://testlify.com/conduct-thorough-background-checks-on-candidates-with-limited-resources/,conduct-thorough-background-checks-on-candidates-with-limited-resources,blog,Assessments & Testing,Proctoring & Integrity
https://testlify.com/conference-planner-interview-questions-to-ask-job-applicants/,conference-planner-interview-questions-to-ask-job-applicants,blog,Interview Questions (by role),
https://testlify.com/conflict-resolution-skills-for-hr-manager/,conflict-resolution-skills-for-hr-manager,blog,Recruiting & Talent Acquisition,General Talent/Team-building
https://testlify.com/considerations-for-recruiting-in-a-hybrid-work-model/,considerations-for-recruiting-in-a-hybrid-work-model,blog,Recruiting & Talent Acquisition,Recruitment Process & Strategy
https://testlify.com/considerations-when-selecting-or-creating-hiring-assessment-test/,considerations-when-selecting-or-creating-hiring-assessment-test,blog,Assessments & Testing,Assessment general
https://testlify.com/content-marketing-manager-interview-questions-to-ask-job-applicants/,content-marketing-manager-interview-questions-to-ask-job-applicants,blog,Interview Questions (by role),
https://testlify.com/content-marketing-specialist-interview-questions-to-ask-job-applicants/,content-marketing-specialist-interview-questions-to-ask-job-applicants,blog,Interview Questions (by role),
https://testlify.com/content-strategist-interview-questions-to-ask-job-applicants/,content-strategist-interview-questions-to-ask-job-applicants,blog,Interview Questions (by role),
https://testlify.com/content-writer-interview-questions-to-ask-job-applicants/,content-writer-interview-questions-to-ask-job-applicants,blog,Interview Questions (by role),
https://testlify.com/contract-administrator-interview-questions-to-ask-job-applicants/,contract-administrator-interview-questions-to-ask-job-applicants,blog,Interview Questions (by role),
https://testlify.com/contract-specialist-interview-questions-to-ask-job-applicants/,contract-specialist-interview-questions-to-ask-job-applicants,blog,Interview Questions (by role),
https://testlify.com/contrast-effect-bias-and-how-to-avoid-it/,contrast-effect-bias-and-how-to-avoid-it,blog,"Workplace, Culture & Future of Work",DEI
https://testlify.com/conversational-ai-audio-interviews/,conversational-ai-audio-interviews,blog,Recruiting & Talent Acquisition,Interviewing (process/skills)
https://testlify.com/copy-editor-interview-questions-to-ask-job-applicants/,copy-editor-interview-questions-to-ask-job-applicants,blog,Interview Questions (by role),
https://testlify.com/copywriter-interview-questions-to-ask-job-applicants/,copywriter-interview-questions-to-ask-job-applicants,blog,Interview Questions (by role),
https://testlify.com/corporate-recruiting/,corporate-recruiting,blog,Recruiting & Talent Acquisition,Recruitment Process & Strategy
https://testlify.com/corporate-social-responsibility-coordinator-interview-questions-to-ask-job-applicants/,corporate-social-responsibility-coordinator-interview-questions-to-ask-job-applicants,blog,Interview Questions (by role),
https://testlify.com/corporate-trainer-interview-questions-to-ask-job-applicants/,corporate-trainer-interview-questions-to-ask-job-applicants,blog,Interview Questions (by role),
https://testlify.com/cost-effective-employee-training-solutions/,cost-effective-employee-training-solutions,blog,Employee Experience & Development,Performance & L&D
https://testlify.com/cost-of-a-bad-hire/,cost-of-a-bad-hire,blog,Recruiting & Talent Acquisition,General Hiring
https://testlify.com/counterproductive-work-behavior/,counterproductive-work-behavior,blog,Unclustered / Other,
https://testlify.com/craft-effective-job-descriptions/,craft-effective-job-descriptions,blog,Career & Role Guides,
https://testlify.com/create-a-performance-management-system/,create-a-performance-management-system,blog,Employee Experience & Development,Performance & L&D
https://testlify.com/create-a-positive-workplace-culture-for-increased-productivity/,create-a-positive-workplace-culture-for-increased-productivity,blog,"Workplace, Culture & Future of Work",Culture & Trends
https://testlify.com/create-a-successful-new-hire-orientation-program/,create-a-successful-new-hire-orientation-program,blog,Recruiting & Talent Acquisition,General Hiring
https://testlify.com/create-an-effective-employee-engagement-strategy/,create-an-effective-employee-engagement-strategy,blog,Employee Experience & Development,Engagement & Retention
https://testlify.com/create-an-effective-hr-strategy-aligned-with-overall-business-goals/,create-an-effective-hr-strategy-aligned-with-overall-business-goals,blog,Unclustered / Other,
https://testlify.com/create-an-effective-internal-communication-strategy/,create-an-effective-internal-communication-strategy,blog,Unclustered / Other,
https://testlify.com/create-an-employee-focused-workplace-for-improved-satisfaction/,create-an-employee-focused-workplace-for-improved-satisfaction,blog,Employee Experience & Development,Engagement & Retention
https://testlify.com/create-an-employee-thriving-workplace/,create-an-employee-thriving-workplace,blog,Employee Experience & Development,Employee general
https://testlify.com/create-and-administer-effective-mysql-test/,create-and-administer-effective-mysql-test,blog,Assessments & Testing,Assessment general
https://testlify.com/create-and-implement-effective-hr-policies-and-procedures/,create-and-implement-effective-hr-policies-and-procedures,blog,Unclustered / Other,
https://testlify.com/create-and-maintain-a-supportive-work-environment/,create-and-maintain-a-supportive-work-environment,blog,Unclustered / Other,
https://testlify.com/create-culture-of-work-life-balance-in-organization/,create-culture-of-work-life-balance-in-organization,blog,"Workplace, Culture & Future of Work",Culture & Trends
https://testlify.com/create-effective-employee-benefits-package/,create-effective-employee-benefits-package,blog,HR Operations & Compliance,Compensation & Benefits
https://testlify.com/create-effective-onboarding-process-for-new-hires/,create-effective-onboarding-process-for-new-hires,blog,Employee Experience & Development,Onboarding
https://testlify.com/create-graphic-design-test-for-hiring/,create-graphic-design-test-for-hiring,blog,Assessments & Testing,Assessment general
https://testlify.com/create-positive-candidate-experience/,create-positive-candidate-experience,blog,Recruiting & Talent Acquisition,Recruitment Process & Strategy
https://testlify.com/create-skills-assessment-tests-for-different-roles/,create-skills-assessment-tests-for-different-roles,blog,Skills Tests & Evaluation (by skill),
https://testlify.com/creating-a-positive-candidate-experience/,creating-a-positive-candidate-experience,blog,Recruiting & Talent Acquisition,Recruitment Process & Strategy
https://testlify.com/creative-director-interview-questions-to-ask-job-applicants/,creative-director-interview-questions-to-ask-job-applicants,blog,Interview Questions (by role),
https://testlify.com/creative-ways-to-assess-a-candidates-cultural-fit/,creative-ways-to-assess-a-candidates-cultural-fit,blog,Unclustered / Other,
https://testlify.com/creative-welcome-to-the-team-messages/,creative-welcome-to-the-team-messages,blog,Recruiting & Talent Acquisition,General Talent/Team-building
https://testlify.com/credit-analyst-assistant-interview-questions-to-ask-job-applicants/,credit-analyst-assistant-interview-questions-to-ask-job-applicants,blog,Interview Questions (by role),
https://testlify.com/credit-analyst-interview-questions-to-ask-job-applicants/,credit-analyst-interview-questions-to-ask-job-applicants,blog,Interview Questions (by role),
https://testlify.com/credit-risk-analyst-interview-questions-to-ask-job-applicants/,credit-risk-analyst-interview-questions-to-ask-job-applicants,blog,Interview Questions (by role),
https://testlify.com/criteria-corp-alternatives/,criteria-corp-alternatives,blog,Competitor Alternatives & Comparisons,
https://testlify.com/criterion-related-validity/,criterion-related-validity,blog,Assessments & Testing,Proctoring & Integrity
https://testlify.com/crm-administrator-interview-questions-to-ask-job-applicants/,crm-administrator-interview-questions-to-ask-job-applicants,blog,Interview Questions (by role),
https://testlify.com/crm-manager-interview-questions-to-ask-job-applicants/,crm-manager-interview-questions-to-ask-job-applicants,blog,Interview Questions (by role),
https://testlify.com/cross-cultural-communication-in-the-workplace/,cross-cultural-communication-in-the-workplace,blog,"Workplace, Culture & Future of Work",Culture & Trends
https://testlify.com/cross-cultural-recruiting-strategies-for-remote-teams/,cross-cultural-recruiting-strategies-for-remote-teams,blog,Recruiting & Talent Acquisition,Recruitment Process & Strategy
https://testlify.com/cross-training-employees/,cross-training-employees,blog,Employee Experience & Development,Performance & L&D
https://testlify.com/crucial-skill-assessment-attention-to-detail-hiring/,crucial-skill-assessment-attention-to-detail-hiring,blog,Skills Tests & Evaluation (by skill),
https://testlify.com/cultural-alignment/,cultural-alignment,blog,Unclustered / Other,
https://testlify.com/culture-fit-assessments-for-hiring-remote-teams/,culture-fit-assessments-for-hiring-remote-teams,blog,Assessments & Testing,Assessment general
https://testlify.com/culture-fit-vs-skill-fit/,culture-fit-vs-skill-fit,blog,Competitor Alternatives & Comparisons,
https://testlify.com/customer-experience-strategist-interview-questions-to-ask-job-applicants/,customer-experience-strategist-interview-questions-to-ask-job-applicants,blog,Interview Questions (by role),
https://testlify.com/customer-insights-analyst-interview-questions-to-ask-job-applicants/,customer-insights-analyst-interview-questions-to-ask-job-applicants,blog,Interview Questions (by role),
https://testlify.com/customer-relationship-manager-interview-questions-to-ask-job-applicants/,customer-relationship-manager-interview-questions-to-ask-job-applicants,blog,Interview Questions (by role),
https://testlify.com/customer-service-representative-interview-questions/,customer-service-representative-interview-questions,blog,Interview Questions (by role),
https://testlify.com/customer-success-representative-interview-questions-to-ask-job-applicants/,customer-success-representative-interview-questions-to-ask-job-applicants,blog,Interview Questions (by role),
https://testlify.com/customer-support-specialist-interview-questions-to-ask-job-applicants/,customer-support-specialist-interview-questions-to-ask-job-applicants,blog,Interview Questions (by role),
https://testlify.com/customisable-cloud-based-hr-solutions/,customisable-cloud-based-hr-solutions,blog,Unclustered / Other,
https://testlify.com/customize-recruitment-experiences-through-automation/,customize-recruitment-experiences-through-automation,blog,Recruiting & Talent Acquisition,Recruitment Process & Strategy
https://testlify.com/customized-recruitment-and-pre-employment-solutions/,customized-recruitment-and-pre-employment-solutions,blog,Assessments & Testing,Pre-employment / Pre-hire
https://testlify.com/customizing-aptitude-tests-for-entry-level-vs-experienced-hires/,customizing-aptitude-tests-for-entry-level-vs-experienced-hires,blog,Assessments & Testing,Aptitude & Cognitive
https://testlify.com/customs-compliance-officer-interview-questions-to-ask-job-applicants/,customs-compliance-officer-interview-questions-to-ask-job-applicants,blog,Interview Questions (by role),
https://testlify.com/cvs-vs-online-assessments-which-is-better/,cvs-vs-online-assessments-which-is-better,blog,Assessments & Testing,Assessment general
https://testlify.com/data-analyst-interview-questions-to-ask-job-applicants/,data-analyst-interview-questions-to-ask-job-applicants,blog,Interview Questions (by role),
https://testlify.com/data-analyst-tests-to-identify-talent/,data-analyst-tests-to-identify-talent,blog,Assessments & Testing,Assessment general
https://testlify.com/data-driven-hiring-leveraging-analytics-in-employment-testing/,data-driven-hiring-leveraging-analytics-in-employment-testing,blog,Assessments & Testing,Assessment general
https://testlify.com/data-driven-insights-for-recruiting-success-with-time-tracking/,data-driven-insights-for-recruiting-success-with-time-tracking,blog,Recruiting & Talent Acquisition,Recruitment Process & Strategy
https://testlify.com/data-driven-recruitment-syncing-assessment-results/,data-driven-recruitment-syncing-assessment-results,blog,Assessments & Testing,Assessment general
https://testlify.com/data-entry-clerk-interview-questions-to-ask-job-applicants/,data-entry-clerk-interview-questions-to-ask-job-applicants,blog,Interview Questions (by role),
https://testlify.com/data-entry-specialist-interview-questions-to-ask-job-applicants/,data-entry-specialist-interview-questions-to-ask-job-applicants,blog,Interview Questions (by role),
https://testlify.com/data-governance-analyst-interview-questions-to-ask-job-applicants/,data-governance-analyst-interview-questions-to-ask-job-applicants,blog,Interview Questions (by role),
https://testlify.com/data-modeling-interview-questions-to-ask-job-applicants/,data-modeling-interview-questions-to-ask-job-applicants,blog,Interview Questions (by role),
https://testlify.com/data-processor-interview-questions-to-ask-job-applicants/,data-processor-interview-questions-to-ask-job-applicants,blog,Interview Questions (by role),
https://testlify.com/data-scientist-interview-questions-to-ask-job-applicants/,data-scientist-interview-questions-to-ask-job-applicants,blog,Interview Questions (by role),
https://testlify.com/data-verification-clerk-interview-questions-to-ask-job-applicants/,data-verification-clerk-interview-questions-to-ask-job-applicants,blog,Interview Questions (by role),
https://testlify.com/database-administrator-interview-questions-to-ask-job-applicants/,database-administrator-interview-questions-to-ask-job-applicants,blog,Interview Questions (by role),
https://testlify.com/database-analyst-interview-questions-to-ask-job-applicants/,database-analyst-interview-questions-to-ask-job-applicants,blog,Interview Questions (by role),
https://testlify.com/decoding-pre-employment-assessments-purpose/,decoding-pre-employment-assessments-purpose,blog,Assessments & Testing,Pre-employment / Pre-hire
https://testlify.com/deductive-vs-inductive-reasoning/,deductive-vs-inductive-reasoning,blog,Competitor Alternatives & Comparisons,
https://testlify.com/delaware-employment-and-labor-laws/,delaware-employment-and-labor-laws,blog,HR Operations & Compliance,Policies & Compliance
https://testlify.com/deliver-a-new-hire-orientation-program/,deliver-a-new-hire-orientation-program,blog,Recruiting & Talent Acquisition,General Hiring
https://testlify.com/demand-planner-assistant-interview-questions-to-ask-job-applicants/,demand-planner-assistant-interview-questions-to-ask-job-applicants,blog,Interview Questions (by role),
https://testlify.com/demand-planner-interview-questions-to-ask-job-applicants/,demand-planner-interview-questions-to-ask-job-applicants,blog,Interview Questions (by role),
https://testlify.com/demystifying-data-driven-hiring-decisions/,demystifying-data-driven-hiring-decisions,blog,Recruiting & Talent Acquisition,General Hiring
https://testlify.com/demystifying-it-skills-test-common-myths-challenges/,demystifying-it-skills-test-common-myths-challenges,blog,Skills Tests & Evaluation (by skill),
https://testlify.com/departmentalization/,departmentalization,blog,Unclustered / Other,
https://testlify.com/design-a-successful-employee-referral-program/,design-a-successful-employee-referral-program,blog,Employee Experience & Development,Employee general
https://testlify.com/design-an-effective-microsoft-word-test/,design-an-effective-microsoft-word-test,blog,Assessments & Testing,Assessment general
https://testlify.com/design-and-implement-effective-employee-development-programs/,design-and-implement-effective-employee-development-programs,blog,Employee Experience & Development,Employee general
https://testlify.com/design-and-implement-hr-leadership-development-programs/,design-and-implement-hr-leadership-development-programs,blog,Recruiting & Talent Acquisition,General Talent/Team-building
https://testlify.com/design-and-implement-successful-employee-onboarding-process/,design-and-implement-successful-employee-onboarding-process,blog,Employee Experience & Development,Onboarding
https://testlify.com/design-and-implement-successful-hr-crisis-management-plan/,design-and-implement-successful-hr-crisis-management-plan,blog,Recruiting & Talent Acquisition,General Talent/Team-building
https://testlify.com/design-thinking-for-hr-mobile-apps-that-engage-employees/,design-thinking-for-hr-mobile-apps-that-engage-employees,blog,Employee Experience & Development,Employee general
https://testlify.com/detect-cheating-in-exams-using-analytics/,detect-cheating-in-exams-using-analytics,blog,Assessments & Testing,Proctoring & Integrity
https://testlify.com/detect-fake-resumes-in-hiring/,detect-fake-resumes-in-hiring,blog,Recruiting & Talent Acquisition,General Hiring
https://testlify.com/determine-the-duration-for-candidate-tests/,determine-the-duration-for-candidate-tests,blog,Assessments & Testing,Assessment general
https://testlify.com/develop-a-job-profile/,develop-a-job-profile,blog,Unclustered / Other,
https://testlify.com/develop-a-successful-employee-training-program/,develop-a-successful-employee-training-program,blog,Employee Experience & Development,Performance & L&D
https://testlify.com/develop-and-implement-employee-training-programs-for-professional-development/,develop-and-implement-employee-training-programs-for-professional-development,blog,Employee Experience & Development,Performance & L&D
https://testlify.com/develop-and-implement-talent-acquisition-strategy/,develop-and-implement-talent-acquisition-strategy,blog,Recruiting & Talent Acquisition,Recruitment Process & Strategy
https://testlify.com/develop-and-maintain-a-positive-employer-brand/,develop-and-maintain-a-positive-employer-brand,blog,"Workplace, Culture & Future of Work",Culture & Trends
https://testlify.com/develop-and-maintain-strong-hr-partnerships-with-other-departments/,develop-and-maintain-strong-hr-partnerships-with-other-departments,blog,Unclustered / Other,
https://testlify.com/develop-implement-workplace-policie-for-hr-compliance/,develop-implement-workplace-policie-for-hr-compliance,blog,HR Operations & Compliance,Policies & Compliance
https://testlify.com/develop-inclusive-recruitment-strategy-for-diverse-candidates/,develop-inclusive-recruitment-strategy-for-diverse-candidates,blog,Recruiting & Talent Acquisition,Recruitment Process & Strategy
https://testlify.com/developer-costs-before-hiring/,developer-costs-before-hiring,blog,Recruiting & Talent Acquisition,General Hiring
https://testlify.com/developer-hiring-strategies-for-tech-startups/,developer-hiring-strategies-for-tech-startups,blog,Recruiting & Talent Acquisition,Recruitment Process & Strategy
https://testlify.com/difference-between-orientation-and-onboarding/,difference-between-orientation-and-onboarding,blog,Employee Experience & Development,Onboarding
https://testlify.com/different-elements-of-new-hire-orientations/,different-elements-of-new-hire-orientations,blog,Recruiting & Talent Acquisition,General Hiring
https://testlify.com/different-steps-in-performance-management/,different-steps-in-performance-management,blog,Employee Experience & Development,Performance & L&D
https://testlify.com/different-steps-in-strategic-human-resource-planning/,different-steps-in-strategic-human-resource-planning,blog,Recruiting & Talent Acquisition,Sourcing & Candidate Pool
https://testlify.com/different-steps-in-workforce-planning/,different-steps-in-workforce-planning,blog,HR Operations & Compliance,Workforce & Succession Planning
https://testlify.com/different-types-of-compensation-and-benefits/,different-types-of-compensation-and-benefits,blog,HR Operations & Compliance,Compensation & Benefits
https://testlify.com/digital-content-specialist-interview-questions-to-ask-job-applicants/,digital-content-specialist-interview-questions-to-ask-job-applicants,blog,Interview Questions (by role),
https://testlify.com/digital-marketing-interview-questions-to-ask-job-applicants/,digital-marketing-interview-questions-to-ask-job-applicants,blog,Interview Questions (by role),
https://testlify.com/digital-marketing-manager-interview-questions-to-ask-job-applicants/,digital-marketing-manager-interview-questions-to-ask-job-applicants,blog,Interview Questions (by role),
https://testlify.com/digital-record-keeping-tips-for-recruiters/,digital-record-keeping-tips-for-recruiters,blog,Recruiting & Talent Acquisition,Recruitment Process & Strategy
https://testlify.com/direct-sourcing/,direct-sourcing,blog,Recruiting & Talent Acquisition,Sourcing & Candidate Pool
https://testlify.com/direct-vs-indirect-hiring-costs-whats-overlooked/,direct-vs-indirect-hiring-costs-whats-overlooked,blog,Competitor Alternatives & Comparisons,
https://testlify.com/disc-assessment-help-in-identifying-employee-fit/,disc-assessment-help-in-identifying-employee-fit,blog,Assessments & Testing,Personality & Psychometric
https://testlify.com/disc-personality-test-for-hiring-is-a-must-have/,disc-personality-test-for-hiring-is-a-must-have,blog,Assessments & Testing,Personality & Psychometric
https://testlify.com/discover-innovative-designers-with-design-thinking-assessments/,discover-innovative-designers-with-design-thinking-assessments,blog,Assessments & Testing,Personality & Psychometric
https://testlify.com/discriminant-validity/,discriminant-validity,blog,Assessments & Testing,Personality & Psychometric
https://testlify.com/dispatch-coordinator-interview-questions-to-ask-job-applicants/,dispatch-coordinator-interview-questions-to-ask-job-applicants,blog,Interview Questions (by role),
https://testlify.com/distribution-manager-interview-questions-to-ask-job-applicants/,distribution-manager-interview-questions-to-ask-job-applicants,blog,Interview Questions (by role),
https://testlify.com/diversity-and-inclusion-coordinator-interview-questions-to-ask-job-applicants/,diversity-and-inclusion-coordinator-interview-questions-to-ask-job-applicants,blog,Interview Questions (by role),
https://testlify.com/diversity-and-inclusion-in-talent-acquisition-best-practices-for-success/,diversity-and-inclusion-in-talent-acquisition-best-practices-for-success,blog,Recruiting & Talent Acquisition,Recruitment Process & Strategy
https://testlify.com/diversity-and-inclusion-specialist-interview-questions-to-ask-job-applicants/,diversity-and-inclusion-specialist-interview-questions-to-ask-job-applicants,blog,Interview Questions (by role),
https://testlify.com/diversity-in-the-workplace/,diversity-in-the-workplace,blog,"Workplace, Culture & Future of Work",DEI
https://testlify.com/dnp-leadership-degrees-redefining-healthcare-management/,dnp-leadership-degrees-redefining-healthcare-management,blog,Recruiting & Talent Acquisition,General Talent/Team-building
https://testlify.com/do-personality-tests-belong-in-the-workplace/,do-personality-tests-belong-in-the-workplace,blog,Assessments & Testing,Personality & Psychometric
https://testlify.com/do-resume-ats-systems-overlook-key-personality-traits/,do-resume-ats-systems-overlook-key-personality-traits,blog,Assessments & Testing,Personality & Psychometric
https://testlify.com/document-control-clerk-interview-questions-to-ask-job-applicants/,document-control-clerk-interview-questions-to-ask-job-applicants,blog,Interview Questions (by role),
https://testlify.com/document-control-specialist-interview-questions-to-ask-job-applicants/,document-control-specialist-interview-questions-to-ask-job-applicants,blog,Interview Questions (by role),
https://testlify.com/document-controller-interview-questions-to-ask-job-applicants/,document-controller-interview-questions-to-ask-job-applicants,blog,Interview Questions (by role),
https://testlify.com/does-the-disc-personality-test-belong-in-the-workplace/,does-the-disc-personality-test-belong-in-the-workplace,blog,Assessments & Testing,Personality & Psychometric
https://testlify.com/does-the-emotional-intelligence-test-belong-in-the-workplace/,does-the-emotional-intelligence-test-belong-in-the-workplace,blog,Assessments & Testing,Assessment general
https://testlify.com/dos-and-donts-of-candidate-screening/,dos-and-donts-of-candidate-screening,blog,Unclustered / Other,
https://testlify.com/drawbacks-of-relying-solely-on-resumes-in-pre-hiring/,drawbacks-of-relying-solely-on-resumes-in-pre-hiring,blog,Recruiting & Talent Acquisition,General Hiring
https://testlify.com/drive-conversions-with-video-pop-ups/,drive-conversions-with-video-pop-ups,blog,Unclustered / Other,
https://testlify.com/dysfunctional-teams-affect-recruitment-and-solutions/,dysfunctional-teams-affect-recruitment-and-solutions,blog,Recruiting & Talent Acquisition,Recruitment Process & Strategy
https://testlify.com/e-recruitment/,e-recruitment,blog,Recruiting & Talent Acquisition,Recruitment Process & Strategy
https://testlify.com/easily-scale-your-business-with-automated-solutions/,easily-scale-your-business-with-automated-solutions,blog,Unclustered / Other,
https://testlify.com/ecommerce-manager-interview-questions-to-ask-job-applicants/,ecommerce-manager-interview-questions-to-ask-job-applicants,blog,Interview Questions (by role),
https://testlify.com/edd-graduates-leadership-skills-assessments/,edd-graduates-leadership-skills-assessments,blog,Skills Tests & Evaluation (by skill),
https://testlify.com/effective-employee-feedback-mechanisms-for-improvement/,effective-employee-feedback-mechanisms-for-improvement,blog,Employee Experience & Development,Employee general
https://testlify.com/effective-recruitment-agency-collaboration/,effective-recruitment-agency-collaboration,blog,Recruiting & Talent Acquisition,Recruitment Process & Strategy
https://testlify.com/effective-recruitment-strategies-strong-workplace-teams/,effective-recruitment-strategies-strong-workplace-teams,blog,Recruiting & Talent Acquisition,Recruitment Process & Strategy
https://testlify.com/effective-strategies-for-managing-global-team/,effective-strategies-for-managing-global-team,blog,Recruiting & Talent Acquisition,General Talent/Team-building
https://testlify.com/effective-strategies-for-pre-employment-testing/,effective-strategies-for-pre-employment-testing,blog,Assessments & Testing,Pre-employment / Pre-hire
https://testlify.com/effective-ways-to-identify-hiring-needs/,effective-ways-to-identify-hiring-needs,blog,Recruiting & Talent Acquisition,General Hiring
https://testlify.com/effectively-leverage-employee-referrals-to-fill-open-positions/,effectively-leverage-employee-referrals-to-fill-open-positions,blog,Employee Experience & Development,Employee general
https://testlify.com/efficient-recruitment-funnel/,efficient-recruitment-funnel,blog,Recruiting & Talent Acquisition,Recruitment Process & Strategy
https://testlify.com/elements-to-consider-when-creating-recruitment-tests/,elements-to-consider-when-creating-recruitment-tests,blog,Assessments & Testing,Assessment general
https://testlify.com/elevate-your-business-with-cloud-telephony-software-excellence/,elevate-your-business-with-cloud-telephony-software-excellence,blog,Unclustered / Other,
https://testlify.com/elevate-your-hiring-process-with-pre-employment-testing/,elevate-your-hiring-process-with-pre-employment-testing,blog,Assessments & Testing,Pre-employment / Pre-hire
https://testlify.com/email-marketing-specialist-interview-questions-to-ask-job-applicants/,email-marketing-specialist-interview-questions-to-ask-job-applicants,blog,Interview Questions (by role),
https://testlify.com/email-templates-for-referrals-internal-hiring/,email-templates-for-referrals-internal-hiring,blog,Recruiting & Talent Acquisition,General Hiring
https://testlify.com/emerging-ai-trends-in-hr-management/,emerging-ai-trends-in-hr-management,blog,"Workplace, Culture & Future of Work",Culture & Trends
https://testlify.com/emerging-trends-and-innovations-in-lateral-hiring/,emerging-trends-and-innovations-in-lateral-hiring,blog,"Workplace, Culture & Future of Work",Culture & Trends
https://testlify.com/emerging-trends-in-pre-employment-testing/,emerging-trends-in-pre-employment-testing,blog,Assessments & Testing,Pre-employment / Pre-hire
https://testlify.com/emerging-trends-in-talent-analytics/,emerging-trends-in-talent-analytics,blog,"Workplace, Culture & Future of Work",Culture & Trends
https://testlify.com/emotional-intelligence-test-for-hiring-is-a-must-have/,emotional-intelligence-test-for-hiring-is-a-must-have,blog,Assessments & Testing,Assessment general
https://testlify.com/employee-appreciation-day/,employee-appreciation-day,blog,Employee Experience & Development,Employee general
https://testlify.com/employee-assessment-test-for-virtual-hiring/,employee-assessment-test-for-virtual-hiring,blog,Assessments & Testing,Assessment general
https://testlify.com/employee-autonomy/,employee-autonomy,blog,Employee Experience & Development,Employee general
https://testlify.com/employee-engagement-case-studies/,employee-engagement-case-studies,blog,Employee Experience & Development,Engagement & Retention
https://testlify.com/employee-engagement-coordinator-interview-questions-to-ask-job-applicants/,employee-engagement-coordinator-interview-questions-to-ask-job-applicants,blog,Interview Questions (by role),
https://testlify.com/employee-engagement-specialist-interview-questions-to-ask-job-applicants/,employee-engagement-specialist-interview-questions-to-ask-job-applicants,blog,Interview Questions (by role),
https://testlify.com/employee-engagement-strategies-for-different-generations/,employee-engagement-strategies-for-different-generations,blog,Employee Experience & Development,Engagement & Retention
https://testlify.com/employee-evaluation-forms/,employee-evaluation-forms,blog,Employee Experience & Development,Employee general
https://testlify.com/employee-experience-trends-for-2023-and-beyond/,employee-experience-trends-for-2023-and-beyond,blog,Employee Experience & Development,Engagement & Retention
https://testlify.com/employee-monitoring-to-identify-top-performers/,employee-monitoring-to-identify-top-performers,blog,Employee Experience & Development,Employee general
https://testlify.com/employee-net-promoter-score/,employee-net-promoter-score,blog,Employee Experience & Development,Employee general
https://testlify.com/employee-onboarding-process-complete-guide/,employee-onboarding-process-complete-guide,blog,Employee Experience & Development,Onboarding
https://testlify.com/employee-poaching/,employee-poaching,blog,Employee Experience & Development,Employee general
https://testlify.com/employee-profiling/,employee-profiling,blog,Employee Experience & Development,Employee general
https://testlify.com/employee-redundancy/,employee-redundancy,blog,Employee Experience & Development,Employee general
https://testlify.com/employee-referrals-hold-significant-weight-in-hiring-decisions/,employee-referrals-hold-significant-weight-in-hiring-decisions,blog,Employee Experience & Development,Employee general
https://testlify.com/employee-relations-coordinator-interview-questions-to-ask-job-applicants/,employee-relations-coordinator-interview-questions-to-ask-job-applicants,blog,Interview Questions (by role),
https://testlify.com/employee-relations-specialist-interview-questions-to-ask-job-applicants/,employee-relations-specialist-interview-questions-to-ask-job-applicants,blog,Interview Questions (by role),
https://testlify.com/employee-retention-strategies/,employee-retention-strategies,blog,Employee Experience & Development,Engagement & Retention
https://testlify.com/employee-retention-what-is-the-cost-of-losing-talent/,employee-retention-what-is-the-cost-of-losing-talent,blog,Employee Experience & Development,Engagement & Retention
https://testlify.com/employee-reward-ideas-to-boost-morale/,employee-reward-ideas-to-boost-morale,blog,Employee Experience & Development,Engagement & Retention
https://testlify.com/employee-selection-methods/,employee-selection-methods,blog,Employee Experience & Development,Employee general
https://testlify.com/employee-vetting/,employee-vetting,blog,Employee Experience & Development,Employee general
https://testlify.com/employee-well-being-initiative/,employee-well-being-initiative,blog,Employee Experience & Development,Engagement & Retention
https://testlify.com/employer-brand-best-pre-screening-tool/,employer-brand-best-pre-screening-tool,blog,Screening by Skill/Role,
https://testlify.com/employer-branding-specialist-interview-questions-to-ask-job-applicants/,employer-branding-specialist-interview-questions-to-ask-job-applicants,blog,Interview Questions (by role),
https://testlify.com/employer-branding-what-is-it-and-why-is-it-important/,employer-branding-what-is-it-and-why-is-it-important,blog,"Workplace, Culture & Future of Work",Culture & Trends
https://testlify.com/employer-value-proposition/,employer-value-proposition,blog,Unclustered / Other,
https://testlify.com/employers-guide-hiring-seasonal-international-workers/,employers-guide-hiring-seasonal-international-workers,blog,Recruiting & Talent Acquisition,General Hiring
https://testlify.com/empowering-businesses-with-custom-solutions/,empowering-businesses-with-custom-solutions,blog,Unclustered / Other,
https://testlify.com/english-proficiency-test-helps-screen-candidates/,english-proficiency-test-helps-screen-candidates,blog,Screening by Skill/Role,
https://testlify.com/english-proficiency-test-need-inhiring-process/,english-proficiency-test-need-inhiring-process,blog,Assessments & Testing,Assessment general
https://testlify.com/english-proficiency-test-questions-for-candidates/,english-proficiency-test-questions-for-candidates,blog,Assessments & Testing,Assessment general
https://testlify.com/enhance-candidate-experience-without-additional-costs/,enhance-candidate-experience-without-additional-costs,blog,Recruiting & Talent Acquisition,Recruitment Process & Strategy
https://testlify.com/enhance-communication-at-every-stage-of-recruitment/,enhance-communication-at-every-stage-of-recruitment,blog,Recruiting & Talent Acquisition,Recruitment Process & Strategy
https://testlify.com/enhance-recruitment-efficiency-with-ai-without-sacrificing-human-connection/,enhance-recruitment-efficiency-with-ai-without-sacrificing-human-connection,blog,Recruiting & Talent Acquisition,Recruitment Process & Strategy
https://testlify.com/enhance-team-productivity-via-cognitive-reasoning/,enhance-team-productivity-via-cognitive-reasoning,blog,Assessments & Testing,Aptitude & Cognitive
https://testlify.com/enneagram-test-and-how-to-use-it/,enneagram-test-and-how-to-use-it,blog,Assessments & Testing,Personality & Psychometric
https://testlify.com/ensure-an-engaging-candidate-experience/,ensure-an-engaging-candidate-experience,blog,Recruiting & Talent Acquisition,Recruitment Process & Strategy
https://testlify.com/ensure-bias-free-employment-assessments/,ensure-bias-free-employment-assessments,blog,Assessments & Testing,Assessment general
https://testlify.com/ensuring-integrity-in-online-tests-with-anti-cheating-measures/,ensuring-integrity-in-online-tests-with-anti-cheating-measures,blog,Assessments & Testing,Proctoring & Integrity
https://testlify.com/ensuring-legal-compliance-in-recruitment-automation/,ensuring-legal-compliance-in-recruitment-automation,blog,Recruiting & Talent Acquisition,Recruitment Process & Strategy
https://testlify.com/enterprise-hiring-funnel/,enterprise-hiring-funnel,blog,Recruiting & Talent Acquisition,General Hiring
https://testlify.com/enterprise-hiring-metrics/,enterprise-hiring-metrics,blog,Recruiting & Talent Acquisition,General Hiring
https://testlify.com/equip-alternatives/,equip-alternatives,blog,Competitor Alternatives & Comparisons,
https://testlify.com/esim-hr-global-talent-mobility-transformations/,esim-hr-global-talent-mobility-transformations,blog,Recruiting & Talent Acquisition,General Talent/Team-building
https://testlify.com/eskill-alternatives/,eskill-alternatives,blog,Competitor Alternatives & Comparisons,
https://testlify.com/essential-skills-every-hr-professional-needs-to-succeed/,essential-skills-every-hr-professional-needs-to-succeed,blog,Unclustered / Other,
https://testlify.com/ethereum-rewriting-tech-talent/,ethereum-rewriting-tech-talent,blog,Recruiting & Talent Acquisition,General Talent/Team-building
https://testlify.com/evalgator-alternatives/,evalgator-alternatives,blog,Competitor Alternatives & Comparisons,
https://testlify.com/evaluate-hard-and-soft-skills-effectively/,evaluate-hard-and-soft-skills-effectively,blog,Skills Tests & Evaluation (by skill),
https://testlify.com/evaluate-professional-certifications-for-recruiting-success/,evaluate-professional-certifications-for-recruiting-success,blog,Recruiting & Talent Acquisition,Recruitment Process & Strategy
https://testlify.com/event-coordinator-interview-questions-to-ask-job-applicants/,event-coordinator-interview-questions-to-ask-job-applicants,blog,Interview Questions (by role),
https://testlify.com/event-organizer-interview-questions-to-ask-job-applicants/,event-organizer-interview-questions-to-ask-job-applicants,blog,Interview Questions (by role),
https://testlify.com/event-planner-interview-questions-to-ask-job-applicants/,event-planner-interview-questions-to-ask-job-applicants,blog,Interview Questions (by role),
https://testlify.com/events-coordinator-interview-questions-to-ask-job-applicants/,events-coordinator-interview-questions-to-ask-job-applicants,blog,Interview Questions (by role),
https://testlify.com/everything-you-need-to-know-about-skill-tests/,everything-you-need-to-know-about-skill-tests,blog,Skills Tests & Evaluation (by skill),
https://testlify.com/evolution-of-computer-skill-test/,evolution-of-computer-skill-test,blog,Skills Tests & Evaluation (by skill),
https://testlify.com/evp-tools-strategies-attracting-senior-talent/,evp-tools-strategies-attracting-senior-talent,blog,Recruiting & Talent Acquisition,General Talent/Team-building
https://testlify.com/executive-assistant-interview-questions-to-ask-job-applicants/,executive-assistant-interview-questions-to-ask-job-applicants,blog,Interview Questions (by role),
https://testlify.com/executive-hiring-playbook/,executive-hiring-playbook,blog,Recruiting & Talent Acquisition,General Hiring
https://testlify.com/executive-leadership-insights/,executive-leadership-insights,blog,Recruiting & Talent Acquisition,General Talent/Team-building
https://testlify.com/executive-secretary-interview-questions-to-ask-job-applicants/,executive-secretary-interview-questions-to-ask-job-applicants,blog,Interview Questions (by role),
https://testlify.com/exploring-ethical-considerations-in-culture-fit-assessments/,exploring-ethical-considerations-in-culture-fit-assessments,blog,Assessments & Testing,Assessment general
https://testlify.com/facilities-assistant-interview-questions-to-ask-job-applicants/,facilities-assistant-interview-questions-to-ask-job-applicants,blog,Interview Questions (by role),
https://testlify.com/facilities-coordinator-interview-questions-to-ask-job-applicants/,facilities-coordinator-interview-questions-to-ask-job-applicants,blog,Interview Questions (by role),
https://testlify.com/facilities-manager-interview-questions-to-ask-job-applicants/,facilities-manager-interview-questions-to-ask-job-applicants,blog,Interview Questions (by role),
https://testlify.com/factors-to-consider-for-choosing-the-right-core-hr-tools/,factors-to-consider-for-choosing-the-right-core-hr-tools,blog,Unclustered / Other,
https://testlify.com/fake-certificates-in-recruitment/,fake-certificates-in-recruitment,blog,Recruiting & Talent Acquisition,Recruitment Process & Strategy
https://testlify.com/federal-laws-that-protect-employees-in-the-workplace/,federal-laws-that-protect-employees-in-the-workplace,blog,Employee Experience & Development,Employee general
https://testlify.com/file-clerk-interview-questions-to-ask-job-applicants/,file-clerk-interview-questions-to-ask-job-applicants,blog,Interview Questions (by role),
https://testlify.com/financial-administrator-interview-questions-to-ask-job-applicants/,financial-administrator-interview-questions-to-ask-job-applicants,blog,Interview Questions (by role),
https://testlify.com/financial-advisor-interview-questions-to-ask-job-applicants/,financial-advisor-interview-questions-to-ask-job-applicants,blog,Interview Questions (by role),
https://testlify.com/financial-analyst-assistant-interview-questions-to-ask-job-applicants/,financial-analyst-assistant-interview-questions-to-ask-job-applicants,blog,Interview Questions (by role),
https://testlify.com/financial-analyst-interview-questions-to-ask-job-applicants/,financial-analyst-interview-questions-to-ask-job-applicants,blog,Interview Questions (by role),
https://testlify.com/financial-controller-interview-questions-to-ask-job-applicants/,financial-controller-interview-questions-to-ask-job-applicants,blog,Interview Questions (by role),
https://testlify.com/financial-digital-skills-hybrid-roles-hiring/,financial-digital-skills-hybrid-roles-hiring,blog,"Workplace, Culture & Future of Work",Remote & Hybrid
https://testlify.com/financial-industry-pre-hire-tests/,financial-industry-pre-hire-tests,blog,Assessments & Testing,Pre-employment / Pre-hire
https://testlify.com/financial-planner-assistant-interview-questions-to-ask-job-applicants/,financial-planner-assistant-interview-questions-to-ask-job-applicants,blog,Interview Questions (by role),
https://testlify.com/financial-planner-interview-questions-to-ask-job-applicants/,financial-planner-interview-questions-to-ask-job-applicants,blog,Interview Questions (by role),
https://testlify.com/financial-reporting-analyst-interview-questions-to-ask-job-applicants/,financial-reporting-analyst-interview-questions-to-ask-job-applicants,blog,Interview Questions (by role),
https://testlify.com/find-ai-talent-without-algorithm-tests/,find-ai-talent-without-algorithm-tests,blog,Assessments & Testing,Assessment general
https://testlify.com/find-best-candidates-for-your-vacancies/,find-best-candidates-for-your-vacancies,blog,Recruiting & Talent Acquisition,Sourcing & Candidate Pool
https://testlify.com/find-compensation-and-benefits-for-your-organization/,find-compensation-and-benefits-for-your-organization,blog,HR Operations & Compliance,Compensation & Benefits
https://testlify.com/find-hire-job-ready-remote-interns-globally/,find-hire-job-ready-remote-interns-globally,blog,"Workplace, Culture & Future of Work",Remote & Hybrid
https://testlify.com/find-out-finance-potential-without-number-crunching/,find-out-finance-potential-without-number-crunching,blog,Unclustered / Other,
https://testlify.com/find-product-managers-with-our-scenario-evaluations/,find-product-managers-with-our-scenario-evaluations,blog,Recruiting & Talent Acquisition,General Talent/Team-building
https://testlify.com/find-the-perfect-network-engineer-for-your-business/,find-the-perfect-network-engineer-for-your-business,blog,Unclustered / Other,
https://testlify.com/find-your-next-executive-hire-in-toronto/,find-your-next-executive-hire-in-toronto,blog,Recruiting & Talent Acquisition,General Hiring
https://testlify.com/finding-right-senior-seo-specialist-employer-guide/,finding-right-senior-seo-specialist-employer-guide,blog,Unclustered / Other,
https://testlify.com/finding-the-perfect-fit-ultimate-guide-on-hiring-a-pr-manager/,finding-the-perfect-fit-ultimate-guide-on-hiring-a-pr-manager,blog,Recruiting & Talent Acquisition,General Hiring
https://testlify.com/first-impression-bias-in-hiring-and-how-to-avoid-it/,first-impression-bias-in-hiring-and-how-to-avoid-it,blog,"Workplace, Culture & Future of Work",DEI
https://testlify.com/five-responsibilities-of-human-resources-director/,five-responsibilities-of-human-resources-director,blog,Recruiting & Talent Acquisition,Sourcing & Candidate Pool
https://testlify.com/fleet-administrator-interview-questions-to-ask-job-applicants/,fleet-administrator-interview-questions-to-ask-job-applicants,blog,Interview Questions (by role),
https://testlify.com/florida-employment-and-labor-laws/,florida-employment-and-labor-laws,blog,HR Operations & Compliance,Policies & Compliance
https://testlify.com/foster-a-culture-of-continuous-learning-within-the-organization/,foster-a-culture-of-continuous-learning-within-the-organization,blog,"Workplace, Culture & Future of Work",Culture & Trends
https://testlify.com/foster-a-positive-company-culture-in-your-organization/,foster-a-positive-company-culture-in-your-organization,blog,"Workplace, Culture & Future of Work",Culture & Trends
https://testlify.com/foster-effective-communication-between-hr-and-employees/,foster-effective-communication-between-hr-and-employees,blog,Employee Experience & Development,Employee general
https://testlify.com/foster-innovation-and-creativity-within-hr-department/,foster-innovation-and-creativity-within-hr-department,blog,Unclustered / Other,
https://testlify.com/foster-team-collaboration-in-remote-work-environments/,foster-team-collaboration-in-remote-work-environments,blog,"Workplace, Culture & Future of Work",Remote & Hybrid
https://testlify.com/fostering-engagement-in-a-remote-workforce/,fostering-engagement-in-a-remote-workforce,blog,Employee Experience & Development,Engagement & Retention
https://testlify.com/fostering-teamwork-between-old-and-lateral-employees/,fostering-teamwork-between-old-and-lateral-employees,blog,Employee Experience & Development,Employee general
https://testlify.com/free-recruitment-plan-templates/,free-recruitment-plan-templates,blog,Recruiting & Talent Acquisition,Recruitment Process & Strategy
https://testlify.com/free-skills-mapping-template/,free-skills-mapping-template,blog,Skills Management,
https://testlify.com/freight-forwarder-interview-questions-to-ask-job-applicants/,freight-forwarder-interview-questions-to-ask-job-applicants,blog,Interview Questions (by role),
https://testlify.com/front-desk-receptionist-interview-questions-to-ask-job-applicants/,front-desk-receptionist-interview-questions-to-ask-job-applicants,blog,Interview Questions (by role),
https://testlify.com/fulfillment-coordinator-interview-questions-to-ask-job-applicants/,fulfillment-coordinator-interview-questions-to-ask-job-applicants,blog,Interview Questions (by role),
https://testlify.com/fundraising-manager-interview-questions-to-ask-job-applicants/,fundraising-manager-interview-questions-to-ask-job-applicants,blog,Interview Questions (by role),
https://testlify.com/future-of-blue-collar-work-and-recruiter-preparation/,future-of-blue-collar-work-and-recruiter-preparation,blog,Recruiting & Talent Acquisition,Recruitment Process & Strategy
https://testlify.com/future-of-digital-innovation-flexible-team-structures/,future-of-digital-innovation-flexible-team-structures,blog,Recruiting & Talent Acquisition,General Talent/Team-building
https://testlify.com/future-of-hr-consultancy-adapting-to-the-gig-economy/,future-of-hr-consultancy-adapting-to-the-gig-economy,blog,Unclustered / Other,
https://testlify.com/future-of-organizational-development/,future-of-organizational-development,blog,Unclustered / Other,
https://testlify.com/future-of-skills-assessment-in-changing-job-market/,future-of-skills-assessment-in-changing-job-market,blog,Skills Tests & Evaluation (by skill),
https://testlify.com/future-of-workplace-culture/,future-of-workplace-culture,blog,"Workplace, Culture & Future of Work",Culture & Trends
https://testlify.com/future-proof-recruitment-process-with-ai-in-hiring/,future-proof-recruitment-process-with-ai-in-hiring,blog,Recruiting & Talent Acquisition,Recruitment Process & Strategy
https://testlify.com/future-proof-workforce/,future-proof-workforce,blog,Employee Experience & Development,Employee general
https://testlify.com/gamified-assessments/,gamified-assessments,blog,Assessments & Testing,Assessment general
https://testlify.com/garden-leave/,garden-leave,blog,HR Operations & Compliance,Compensation & Benefits
https://testlify.com/gauge-candidate-motivation-and-long-term-commitment/,gauge-candidate-motivation-and-long-term-commitment,blog,Unclustered / Other,
https://testlify.com/gender-pay-gap-causes-implications-and-solutions/,gender-pay-gap-causes-implications-and-solutions,blog,Unclustered / Other,
https://testlify.com/generative-ai-enhance-candidate-skills-assessments/,generative-ai-enhance-candidate-skills-assessments,blog,Skills Tests & Evaluation (by skill),
https://testlify.com/geofencing-applications-across-industries/,geofencing-applications-across-industries,blog,Unclustered / Other,
https://testlify.com/georgia-employement-and-labor-laws/,georgia-employement-and-labor-laws,blog,HR Operations & Compliance,Policies & Compliance
https://testlify.com/get-started-with-new-hire-orientation/,get-started-with-new-hire-orientation,blog,Recruiting & Talent Acquisition,General Hiring
https://testlify.com/get-started-with-strategic-human-resource-planning/,get-started-with-strategic-human-resource-planning,blog,Recruiting & Talent Acquisition,Sourcing & Candidate Pool
https://testlify.com/get-started-with-workforce-planning/,get-started-with-workforce-planning,blog,HR Operations & Compliance,Workforce & Succession Planning
https://testlify.com/ghosting-how-to-fix-hiring-funnel-bottlenecks/,ghosting-how-to-fix-hiring-funnel-bottlenecks,blog,Recruiting & Talent Acquisition,General Hiring
https://testlify.com/glider-ai-alternatives/,glider-ai-alternatives,blog,Competitor Alternatives & Comparisons,
https://testlify.com/global-employment/,global-employment,blog,Unclustered / Other,
https://testlify.com/global-hiring-challenges-and-solutions/,global-hiring-challenges-and-solutions,blog,Recruiting & Talent Acquisition,General Hiring
https://testlify.com/global-hiring-insights/,global-hiring-insights,blog,Recruiting & Talent Acquisition,General Hiring
https://testlify.com/global-interview-infrastructure/,global-interview-infrastructure,blog,Recruiting & Talent Acquisition,Interviewing (process/skills)
https://testlify.com/global-recruitment-roi/,global-recruitment-roi,blog,Recruiting & Talent Acquisition,Recruitment Process & Strategy
https://testlify.com/global-recruitment/,global-recruitment,blog,Recruiting & Talent Acquisition,Recruitment Process & Strategy
https://testlify.com/good-problem-solving-assessment-to-test-candidates/,good-problem-solving-assessment-to-test-candidates,blog,Assessments & Testing,Assessment general
https://testlify.com/google-ads-tests-in-identifying-marketing-talent/,google-ads-tests-in-identifying-marketing-talent,blog,Assessments & Testing,Assessment general
https://testlify.com/graduate-recruiting/,graduate-recruiting,blog,Recruiting & Talent Acquisition,Recruitment Process & Strategy
https://testlify.com/graphic-designer-interview-questions-to-ask-job-applicants/,graphic-designer-interview-questions-to-ask-job-applicants,blog,Interview Questions (by role),
https://testlify.com/grey-collar-jobs/,grey-collar-jobs,blog,Unclustered / Other,
https://testlify.com/growth-hacker-interview-questions-to-ask-job-applicants/,growth-hacker-interview-questions-to-ask-job-applicants,blog,Interview Questions (by role),
https://testlify.com/growth-strategist-interview-questions-to-ask-job-applicants/,growth-strategist-interview-questions-to-ask-job-applicants,blog,Interview Questions (by role),
https://testlify.com/guide-for-hiring-quality-assurance-manager/,guide-for-hiring-quality-assurance-manager,blog,Recruiting & Talent Acquisition,General Hiring
https://testlify.com/guide-for-recruiters-to-write-a-perfect-job-advert/,guide-for-recruiters-to-write-a-perfect-job-advert,blog,Recruiting & Talent Acquisition,Recruitment Process & Strategy
https://testlify.com/guide-for-your-high-potential-employees-search/,guide-for-your-high-potential-employees-search,blog,Employee Experience & Development,Employee general
https://testlify.com/guide-of-hiring-a-professional-business-consultant/,guide-of-hiring-a-professional-business-consultant,blog,Recruiting & Talent Acquisition,General Hiring
https://testlify.com/guide-on-hiring-sales-development-representative/,guide-on-hiring-sales-development-representative,blog,Recruiting & Talent Acquisition,General Hiring
https://testlify.com/guide-to-advanced-excel-assessments/,guide-to-advanced-excel-assessments,blog,Assessments & Testing,Assessment general
https://testlify.com/guide-to-choose-the-best-talent-assessment-software/,guide-to-choose-the-best-talent-assessment-software,blog,Assessments & Testing,Assessment general
https://testlify.com/guide-to-choosing-employment-assessment-tools/,guide-to-choosing-employment-assessment-tools,blog,Assessments & Testing,Assessment general
https://testlify.com/guide-to-enterprise-ai-in-large-organizations/,guide-to-enterprise-ai-in-large-organizations,blog,Unclustered / Other,
https://testlify.com/guide-to-hire-data-scientists/,guide-to-hire-data-scientists,blog,Recruiting & Talent Acquisition,General Hiring
https://testlify.com/guide-to-hiring-a-product-manager/,guide-to-hiring-a-product-manager,blog,Recruiting & Talent Acquisition,General Hiring
https://testlify.com/guide-to-hiring-a-sdr/,guide-to-hiring-a-sdr,blog,Recruiting & Talent Acquisition,General Hiring
https://testlify.com/guide-to-hiring-a-strong-inside-sales-representative/,guide-to-hiring-a-strong-inside-sales-representative,blog,Recruiting & Talent Acquisition,General Hiring
https://testlify.com/guide-to-hiring-an-advertising-and-promotions-manager/,guide-to-hiring-an-advertising-and-promotions-manager,blog,Recruiting & Talent Acquisition,General Hiring
https://testlify.com/guide-to-implement-pre-employment-testing-software/,guide-to-implement-pre-employment-testing-software,blog,Assessments & Testing,Pre-employment / Pre-hire
https://testlify.com/guide-to-important-exit-interview-questions/,guide-to-important-exit-interview-questions,blog,Interview Questions (by role),
https://testlify.com/guide-to-internal-mobility/,guide-to-internal-mobility,blog,HR Operations & Compliance,Workforce & Succession Planning
https://testlify.com/guide-to-payroll-management/,guide-to-payroll-management,blog,HR Operations & Compliance,Compensation & Benefits
https://testlify.com/guide-to-strategic-human-resource-management/,guide-to-strategic-human-resource-management,blog,Recruiting & Talent Acquisition,Sourcing & Candidate Pool
https://testlify.com/guide-to-workforce-planning-for-small-businesses/,guide-to-workforce-planning-for-small-businesses,blog,HR Operations & Compliance,Workforce & Succession Planning
https://testlify.com/hackerearth-alternatives/,hackerearth-alternatives,blog,Competitor Alternatives & Comparisons,
https://testlify.com/hackerrank-alternatives/,hackerrank-alternatives,blog,Competitor Alternatives & Comparisons,
https://testlify.com/halo-and-horn-effect/,halo-and-horn-effect,blog,Unclustered / Other,
https://testlify.com/handle-burnout-and-promote-mental-health-in-workplace/,handle-burnout-and-promote-mental-health-in-workplace,blog,Employee Experience & Development,Engagement & Retention
https://testlify.com/handle-employee-conflicts-with-a-proactive-approach/,handle-employee-conflicts-with-a-proactive-approach,blog,Employee Experience & Development,Employee general
https://testlify.com/handle-employee-turnover-and-develop-a-retention-strategy/,handle-employee-turnover-and-develop-a-retention-strategy,blog,Employee Experience & Development,Engagement & Retention
https://testlify.com/handle-hiring-while-talent-shortages/,handle-hiring-while-talent-shortages,blog,Recruiting & Talent Acquisition,General Hiring
https://testlify.com/handle-hr-responsibilities-in-remote-work-environment/,handle-hr-responsibilities-in-remote-work-environment,blog,"Workplace, Culture & Future of Work",Remote & Hybrid
https://testlify.com/handle-sensitive-hr-issues-with-confidentiality/,handle-sensitive-hr-issues-with-confidentiality,blog,Unclustered / Other,
https://testlify.com/handle-workplace-conflicts-with-professionalism-and-confidentiality/,handle-workplace-conflicts-with-professionalism-and-confidentiality,blog,"Workplace, Culture & Future of Work",Culture & Trends
https://testlify.com/hard-skills-vs-soft-skills/,hard-skills-vs-soft-skills,blog,Competitor Alternatives & Comparisons,
https://testlify.com/harver-alternatives/,harver-alternatives,blog,Competitor Alternatives & Comparisons,
https://testlify.com/headhunting-in-recruitment/,headhunting-in-recruitment,blog,Recruiting & Talent Acquisition,Recruitment Process & Strategy
https://testlify.com/health-information-clerk-interview-questions-to-ask-job-applicants/,health-information-clerk-interview-questions-to-ask-job-applicants,blog,Interview Questions (by role),
https://testlify.com/healthcare-entry-level-certification-readiness/,healthcare-entry-level-certification-readiness,blog,Unclustered / Other,
https://testlify.com/healthcare-industry-hiring-with-pre-hire-tests/,healthcare-industry-hiring-with-pre-hire-tests,blog,Assessments & Testing,Pre-employment / Pre-hire
https://testlify.com/help-desk-support-interview-questions-to-ask-job-applicants/,help-desk-support-interview-questions-to-ask-job-applicants,blog,Interview Questions (by role),
https://testlify.com/help-desk-technician-interview-questions-to-ask-job-applicants/,help-desk-technician-interview-questions-to-ask-job-applicants,blog,Interview Questions (by role),
https://testlify.com/heuristic-bias/,heuristic-bias,blog,"Workplace, Culture & Future of Work",DEI
https://testlify.com/high-performance-culture/,high-performance-culture,blog,"Workplace, Culture & Future of Work",Culture & Trends
https://testlify.com/high-volume-hiring-checklist-for-faster-hiring/,high-volume-hiring-checklist-for-faster-hiring,blog,Recruiting & Talent Acquisition,General Hiring
https://testlify.com/high-volume-hiring-trends/,high-volume-hiring-trends,blog,"Workplace, Culture & Future of Work",Culture & Trends
https://testlify.com/high-volume-recruitment/,high-volume-recruitment,blog,Recruiting & Talent Acquisition,Recruitment Process & Strategy
https://testlify.com/hire-a-business-accountant/,hire-a-business-accountant,blog,Hiring by Role,
https://testlify.com/hire-a-database-administrator/,hire-a-database-administrator,blog,Hiring by Role,
https://testlify.com/hire-a-hr-manager/,hire-a-hr-manager,blog,Hiring by Role,
https://testlify.com/hire-a-marketing-strategist/,hire-a-marketing-strategist,blog,Hiring by Role,
https://testlify.com/hire-a-ui-ux-designer/,hire-a-ui-ux-designer,blog,Hiring by Role,
https://testlify.com/hire-a-web-developer/,hire-a-web-developer,blog,Hiring by Role,
https://testlify.com/hire-a-wordpress-developer/,hire-a-wordpress-developer,blog,Hiring by Role,
https://testlify.com/hire-an-app-developer/,hire-an-app-developer,blog,Hiring by Role,
https://testlify.com/hire-awesome-customer-service-representatives/,hire-awesome-customer-service-representatives,blog,Hiring by Role,
https://testlify.com/hire-compassionate-nurses-without-personal-interviews/,hire-compassionate-nurses-without-personal-interviews,blog,Hiring by Role,
https://testlify.com/hire-creative-marketing-team-without-missing-ideas/,hire-creative-marketing-team-without-missing-ideas,blog,Hiring by Role,
https://testlify.com/hire-data-scientists-without-coding-tests/,hire-data-scientists-without-coding-tests,blog,Hiring by Role,
https://testlify.com/hire-engineers-with-diverse-talent-without-biases/,hire-engineers-with-diverse-talent-without-biases,blog,Hiring by Role,
https://testlify.com/hire-event-planners-without-on-site-trials/,hire-event-planners-without-on-site-trials,blog,Hiring by Role,
https://testlify.com/hire-health-care-team-without-subjunctive-tests/,hire-health-care-team-without-subjunctive-tests,blog,Hiring by Role,
https://testlify.com/hire-musicians-and-artists-without-auditions/,hire-musicians-and-artists-without-auditions,blog,Hiring by Role,
https://testlify.com/hire-qualified-e-learning-app-developers/,hire-qualified-e-learning-app-developers,blog,Hiring by Role,
https://testlify.com/hire-right-backend-developer/,hire-right-backend-developer,blog,Hiring by Role,
https://testlify.com/hire-sales-performers-without-traditional-interviews/,hire-sales-performers-without-traditional-interviews,blog,Hiring by Role,
https://testlify.com/hire-success-alternatives/,hire-success-alternatives,blog,Hiring by Role,
https://testlify.com/hire-talent-using-english-proficiency-test/,hire-talent-using-english-proficiency-test,blog,Hiring by Role,
https://testlify.com/hire-the-best-talent-using-hands-on-questions/,hire-the-best-talent-using-hands-on-questions,blog,Hiring by Role,
https://testlify.com/hire-the-best-technical-talent-for-your-company/,hire-the-best-technical-talent-for-your-company,blog,Hiring by Role,
https://testlify.com/hire-the-right-talent-with-ai-driven-candidate-scoring/,hire-the-right-talent-with-ai-driven-candidate-scoring,blog,Hiring by Role,
https://testlify.com/hire-top-educators-without-classroom-observations/,hire-top-educators-without-classroom-observations,blog,Hiring by Role,
https://testlify.com/hire-top-talent-using-a-pandas-test/,hire-top-talent-using-a-pandas-test,blog,Hiring by Role,
https://testlify.com/hire-top-talent-using-a-spring-framework-test/,hire-top-talent-using-a-spring-framework-test,blog,Hiring by Role,
https://testlify.com/hire-top-talent-using-a-verbal-reasoning-test/,hire-top-talent-using-a-verbal-reasoning-test,blog,Hiring by Role,
https://testlify.com/hire-top-talent-using-abstract-reasoning-test/,hire-top-talent-using-abstract-reasoning-test,blog,Hiring by Role,
https://testlify.com/hire-top-talent-using-admin-test/,hire-top-talent-using-admin-test,blog,Hiring by Role,
https://testlify.com/hire-top-talent-using-an-accounting-test/,hire-top-talent-using-an-accounting-test,blog,Hiring by Role,
https://testlify.com/hire-top-talent-using-aws-test/,hire-top-talent-using-aws-test,blog,Hiring by Role,
https://testlify.com/hire-top-talent-using-carpenter-test/,hire-top-talent-using-carpenter-test,blog,Hiring by Role,
https://testlify.com/hire-top-talent-using-cefr-english-test/,hire-top-talent-using-cefr-english-test,blog,Hiring by Role,
https://testlify.com/hire-top-talent-using-cefr-test/,hire-top-talent-using-cefr-test,blog,Hiring by Role,
https://testlify.com/hire-top-talent-using-civil-engineering-test/,hire-top-talent-using-civil-engineering-test,blog,Hiring by Role,
https://testlify.com/hire-top-talent-using-cognitive-tests/,hire-top-talent-using-cognitive-tests,blog,Hiring by Role,
https://testlify.com/hire-top-talent-using-communication-assessment/,hire-top-talent-using-communication-assessment,blog,Hiring by Role,
https://testlify.com/hire-top-talent-using-communication-test/,hire-top-talent-using-communication-test,blog,Hiring by Role,
https://testlify.com/hire-top-talent-using-construction-test/,hire-top-talent-using-construction-test,blog,Hiring by Role,
https://testlify.com/hire-top-talent-using-custodian-test/,hire-top-talent-using-custodian-test,blog,Hiring by Role,
https://testlify.com/hire-top-talent-using-dart-test/,hire-top-talent-using-dart-test,blog,Hiring by Role,
https://testlify.com/hire-top-talent-using-data-entry-test/,hire-top-talent-using-data-entry-test,blog,Hiring by Role,
https://testlify.com/hire-top-talent-using-developer-test/,hire-top-talent-using-developer-test,blog,Hiring by Role,
https://testlify.com/hire-top-talent-using-digital-literacy-assessment/,hire-top-talent-using-digital-literacy-assessment,blog,Hiring by Role,
https://testlify.com/hire-top-talent-using-english-grammar-test/,hire-top-talent-using-english-grammar-test,blog,Hiring by Role,
https://testlify.com/hire-top-talent-using-flutter-test/,hire-top-talent-using-flutter-test,blog,Hiring by Role,
https://testlify.com/hire-top-talent-using-following-directions-test/,hire-top-talent-using-following-directions-test,blog,Hiring by Role,
https://testlify.com/hire-top-talent-using-integrity-test/,hire-top-talent-using-integrity-test,blog,Hiring by Role,
https://testlify.com/hire-top-talent-using-java-code-test/,hire-top-talent-using-java-code-test,blog,Hiring by Role,
https://testlify.com/hire-top-talent-using-javascript-test/,hire-top-talent-using-javascript-test,blog,Hiring by Role,
https://testlify.com/hire-top-talent-using-kotlin-test/,hire-top-talent-using-kotlin-test,blog,Hiring by Role,
https://testlify.com/hire-top-talent-using-leadership-assessment/,hire-top-talent-using-leadership-assessment,blog,Hiring by Role,
https://testlify.com/hire-top-talent-using-logical-reasoning/,hire-top-talent-using-logical-reasoning,blog,Hiring by Role,
https://testlify.com/hire-top-talent-using-mechanic-test/,hire-top-talent-using-mechanic-test,blog,Hiring by Role,
https://testlify.com/hire-top-talent-using-mental-agility-test/,hire-top-talent-using-mental-agility-test,blog,Hiring by Role,
https://testlify.com/hire-top-talent-using-microsoft-office-test/,hire-top-talent-using-microsoft-office-test,blog,Hiring by Role,
https://testlify.com/hire-top-talent-using-personality-assessment/,hire-top-talent-using-personality-assessment,blog,Hiring by Role,
https://testlify.com/hire-top-talent-using-pharmacy-technician-test/,hire-top-talent-using-pharmacy-technician-test,blog,Hiring by Role,
https://testlify.com/hire-top-talent-using-photoshop-test/,hire-top-talent-using-photoshop-test,blog,Hiring by Role,
https://testlify.com/hire-top-talent-using-php-test/,hire-top-talent-using-php-test,blog,Hiring by Role,
https://testlify.com/hire-top-talent-using-plumber-test/,hire-top-talent-using-plumber-test,blog,Hiring by Role,
https://testlify.com/hire-top-talent-using-psychometric-assessment/,hire-top-talent-using-psychometric-assessment,blog,Hiring by Role,
https://testlify.com/hire-top-talent-using-python-test/,hire-top-talent-using-python-test,blog,Hiring by Role,
https://testlify.com/hire-top-talent-using-quantitative-aptitude-test/,hire-top-talent-using-quantitative-aptitude-test,blog,Hiring by Role,
https://testlify.com/hire-top-talent-using-ruby-test/,hire-top-talent-using-ruby-test,blog,Hiring by Role,
https://testlify.com/hire-top-talent-using-salesforce-test/,hire-top-talent-using-salesforce-test,blog,Hiring by Role,
https://testlify.com/hire-top-talent-using-technical-skills-assessment/,hire-top-talent-using-technical-skills-assessment,blog,Hiring by Role,
https://testlify.com/hire-top-talent-using-the-autocad-test/,hire-top-talent-using-the-autocad-test,blog,Hiring by Role,
https://testlify.com/hire-top-talent-using-ux-design-test/,hire-top-talent-using-ux-design-test,blog,Hiring by Role,
https://testlify.com/hire-top-talent-using-work-reliability-test/,hire-top-talent-using-work-reliability-test,blog,Hiring by Role,
https://testlify.com/hiremojo-alternatives/,hiremojo-alternatives,blog,Competitor Alternatives & Comparisons,
https://testlify.com/hirevue-alternatives/,hirevue-alternatives,blog,Competitor Alternatives & Comparisons,
https://testlify.com/hiring-a-customer-success-manager-a-guide-to-finding-the-best-talent/,hiring-a-customer-success-manager-a-guide-to-finding-the-best-talent,blog,Recruiting & Talent Acquisition,General Hiring
https://testlify.com/hiring-a-data-scientist-a-guide-to-identifying-and-attracting-the-right-candidates/,hiring-a-data-scientist-a-guide-to-identifying-and-attracting-the-right-candidates,blog,Recruiting & Talent Acquisition,General Hiring
https://testlify.com/hiring-a-full-stack-developer/,hiring-a-full-stack-developer,blog,Recruiting & Talent Acquisition,General Hiring
https://testlify.com/hiring-a-marketing-manager-a-comprehensive-guide-for-businesses/,hiring-a-marketing-manager-a-comprehensive-guide-for-businesses,blog,Recruiting & Talent Acquisition,General Hiring
https://testlify.com/hiring-a-talent-acquisition-specialist/,hiring-a-talent-acquisition-specialist,blog,Recruiting & Talent Acquisition,Recruitment Process & Strategy
https://testlify.com/hiring-a-top-notch-network-engineer/,hiring-a-top-notch-network-engineer,blog,Recruiting & Talent Acquisition,General Hiring
https://testlify.com/hiring-a-ui-ux-designer-for-your-team/,hiring-a-ui-ux-designer-for-your-team,blog,Recruiting & Talent Acquisition,General Hiring
https://testlify.com/hiring-an-ai-engineer/,hiring-an-ai-engineer,blog,Recruiting & Talent Acquisition,General Hiring
https://testlify.com/hiring-an-executive-resume-writer/,hiring-an-executive-resume-writer,blog,Recruiting & Talent Acquisition,General Hiring
https://testlify.com/hiring-and-training/,hiring-and-training,blog,Employee Experience & Development,Performance & L&D
https://testlify.com/hiring-candidates-with-time-management-skills/,hiring-candidates-with-time-management-skills,blog,Recruiting & Talent Acquisition,General Hiring
https://testlify.com/hiring-global-qa-talent-integrating-offshore-testers/,hiring-global-qa-talent-integrating-offshore-testers,blog,Recruiting & Talent Acquisition,General Hiring
https://testlify.com/hiring-in-the-wild-why-we-still-miss-the-mark/,hiring-in-the-wild-why-we-still-miss-the-mark,blog,Recruiting & Talent Acquisition,General Hiring
https://testlify.com/hiring-managers-assessing-hardware-engineers-common-mistakes/,hiring-managers-assessing-hardware-engineers-common-mistakes,blog,Recruiting & Talent Acquisition,General Hiring
https://testlify.com/hiring-process-checklist/,hiring-process-checklist,blog,Recruiting & Talent Acquisition,Recruitment Process & Strategy
https://testlify.com/hiring-process-flowchart/,hiring-process-flowchart,blog,Recruiting & Talent Acquisition,Recruitment Process & Strategy
https://testlify.com/hiring-process-steps-you-should-never-skip/,hiring-process-steps-you-should-never-skip,blog,Recruiting & Talent Acquisition,Recruitment Process & Strategy
https://testlify.com/hiring-test-legal-compliance/,hiring-test-legal-compliance,blog,Assessments & Testing,Assessment general
https://testlify.com/hiring-trends-in-content-marketing-manager-hiring/,hiring-trends-in-content-marketing-manager-hiring,blog,"Workplace, Culture & Future of Work",Culture & Trends
https://testlify.com/hiring-trends-in-digital-marketing-specialist-hiring/,hiring-trends-in-digital-marketing-specialist-hiring,blog,"Workplace, Culture & Future of Work",Culture & Trends
https://testlify.com/hiring-velocity/,hiring-velocity,blog,Recruiting & Talent Acquisition,General Hiring
https://testlify.com/hiring-via-job-simulation/,hiring-via-job-simulation,blog,Recruiting & Talent Acquisition,General Hiring
https://testlify.com/holding-careers-page-back-from-attracting-top-talent/,holding-careers-page-back-from-attracting-top-talent,blog,Career & Role Guides,
https://testlify.com/how-advanced-excel-assessments-help-you-with-hiring/,how-advanced-excel-assessments-help-you-with-hiring,blog,Assessments & Testing,Assessment general
https://testlify.com/how-ai-is-helping-startups-attract-top-talent/,how-ai-is-helping-startups-attract-top-talent,blog,Recruiting & Talent Acquisition,General Talent/Team-building
https://testlify.com/how-ai-is-transforming-human-resources/,how-ai-is-transforming-human-resources,blog,Recruiting & Talent Acquisition,Sourcing & Candidate Pool
https://testlify.com/how-ai-powered-tools-help-improve-employee-retention/,how-ai-powered-tools-help-improve-employee-retention,blog,Employee Experience & Development,Engagement & Retention
https://testlify.com/how-ai-recruitment-can-positively-improve-recruitment/,how-ai-recruitment-can-positively-improve-recruitment,blog,Recruiting & Talent Acquisition,Recruitment Process & Strategy
https://testlify.com/how-ai-shapes-leadership-development-for-a-team/,how-ai-shapes-leadership-development-for-a-team,blog,Recruiting & Talent Acquisition,General Talent/Team-building
https://testlify.com/how-analytical-ability-test-helps-you-screen-candidates/,how-analytical-ability-test-helps-you-screen-candidates,blog,Screening by Skill/Role,
https://testlify.com/how-aptitude-assessment-helps-you-screen-candidates/,how-aptitude-assessment-helps-you-screen-candidates,blog,Screening by Skill/Role,
https://testlify.com/how-ats-integrated-assessments-improve-hiring/,how-ats-integrated-assessments-improve-hiring,blog,Assessments & Testing,Assessment general
https://testlify.com/how-automated-candidate-scoring-systems-improve-hiring-speed/,how-automated-candidate-scoring-systems-improve-hiring-speed,blog,Recruiting & Talent Acquisition,General Hiring
https://testlify.com/how-big-five-personality-test-helps-you-screen-candidates/,how-big-five-personality-test-helps-you-screen-candidates,blog,Screening by Skill/Role,
https://testlify.com/how-can-a-business-judgement-test-unveil-candidates-hidden-abilities/,how-can-a-business-judgement-test-unveil-candidates-hidden-abilities,blog,Assessments & Testing,Assessment general
https://testlify.com/how-can-a-customer-success-manager-test-unveil-candidates-hidden-abilities/,how-can-a-customer-success-manager-test-unveil-candidates-hidden-abilities,blog,Assessments & Testing,Assessment general
https://testlify.com/how-can-a-data-visualization-test-unveil-candidates-hidden-abilities/,how-can-a-data-visualization-test-unveil-candidates-hidden-abilities,blog,Assessments & Testing,Assessment general
https://testlify.com/how-can-a-full-stack-developer-test-unveil-candidates-hidden-abilities/,how-can-a-full-stack-developer-test-unveil-candidates-hidden-abilities,blog,Assessments & Testing,Assessment general
https://testlify.com/how-can-a-performance-marketing-test-unveil-candidates-hidden-abilities/,how-can-a-performance-marketing-test-unveil-candidates-hidden-abilities,blog,Assessments & Testing,Assessment general
https://testlify.com/how-can-a-product-manager-assessment-unveil-candidates-hidden-abilities/,how-can-a-product-manager-assessment-unveil-candidates-hidden-abilities,blog,Assessments & Testing,Assessment general
https://testlify.com/how-can-a-react-native-test-online-unveil-candidates-hidden-abilities/,how-can-a-react-native-test-online-unveil-candidates-hidden-abilities,blog,Assessments & Testing,Assessment general
https://testlify.com/how-can-an-accounting-manager-test-unveil-candidates-hidden-abilities/,how-can-an-accounting-manager-test-unveil-candidates-hidden-abilities,blog,Assessments & Testing,Assessment general
https://testlify.com/how-can-an-adaptability-test-unveil-candidates-hidden-abilities/,how-can-an-adaptability-test-unveil-candidates-hidden-abilities,blog,Assessments & Testing,Assessment general
https://testlify.com/how-can-an-attention-to-detail-visual-test-unveil-candidates-hidden-abilities/,how-can-an-attention-to-detail-visual-test-unveil-candidates-hidden-abilities,blog,Assessments & Testing,Assessment general
https://testlify.com/how-can-an-nlp-test-unveil-candidates-hidden-abilities/,how-can-an-nlp-test-unveil-candidates-hidden-abilities,blog,Assessments & Testing,Assessment general
https://testlify.com/how-can-personality-tests-help-you-identify-training-and-development-needs/,how-can-personality-tests-help-you-identify-training-and-development-needs,blog,Assessments & Testing,Personality & Psychometric
https://testlify.com/how-can-the-disc-personality-test-help-you-identify-training-and-development-needs/,how-can-the-disc-personality-test-help-you-identify-training-and-development-needs,blog,Assessments & Testing,Personality & Psychometric
https://testlify.com/how-can-the-emotional-intelligence-test-help-you-identify-training-and-development-needs/,how-can-the-emotional-intelligence-test-help-you-identify-training-and-development-needs,blog,Assessments & Testing,Assessment general
https://testlify.com/how-can-you-conduct-impartial-exit-interview/,how-can-you-conduct-impartial-exit-interview,blog,Recruiting & Talent Acquisition,Interviewing (process/skills)
https://testlify.com/how-cloud-solutions-help-streamline-it-equipment-tracking-in-schools/,how-cloud-solutions-help-streamline-it-equipment-tracking-in-schools,blog,Unclustered / Other,
https://testlify.com/how-cognitive-reasoning-can-predict-top-performers/,how-cognitive-reasoning-can-predict-top-performers,blog,Assessments & Testing,Aptitude & Cognitive
https://testlify.com/how-communication-can-impact-your-employer-brand/,how-communication-can-impact-your-employer-brand,blog,"Workplace, Culture & Future of Work",Culture & Trends
https://testlify.com/how-communication-enhances-workplace-harmony/,how-communication-enhances-workplace-harmony,blog,"Workplace, Culture & Future of Work",Culture & Trends
https://testlify.com/how-companies-find-top-talent-using-excel-assessments/,how-companies-find-top-talent-using-excel-assessments,blog,Assessments & Testing,Assessment general
https://testlify.com/how-conversational-ai-reshapes-entry-level-hiring/,how-conversational-ai-reshapes-entry-level-hiring,blog,Recruiting & Talent Acquisition,General Hiring
https://testlify.com/how-css-test-helps-you-screen-candidates/,how-css-test-helps-you-screen-candidates,blog,Screening by Skill/Role,
https://testlify.com/how-data-analytics-can-improve-hiring-decisions/,how-data-analytics-can-improve-hiring-decisions,blog,Recruiting & Talent Acquisition,General Hiring
https://testlify.com/how-dedicated-development-teams-improve-project-delivery/,how-dedicated-development-teams-improve-project-delivery,blog,Recruiting & Talent Acquisition,General Talent/Team-building
https://testlify.com/how-deductive-reasoning-test-helps-you-screen-candidates/,how-deductive-reasoning-test-helps-you-screen-candidates,blog,Screening by Skill/Role,
https://testlify.com/how-digital-adoption-revolutionizing-employee-recruitment/,how-digital-adoption-revolutionizing-employee-recruitment,blog,Recruiting & Talent Acquisition,Recruitment Process & Strategy
https://testlify.com/how-digital-transformation-is-revolutionizing-hr/,how-digital-transformation-is-revolutionizing-hr,blog,Unclustered / Other,
https://testlify.com/how-do-recruitment-platforms-handle-gdpr-compliance/,how-do-recruitment-platforms-handle-gdpr-compliance,blog,Recruiting & Talent Acquisition,Recruitment Process & Strategy
https://testlify.com/how-does-structured-hiring-improve-recruitment/,how-does-structured-hiring-improve-recruitment,blog,Recruiting & Talent Acquisition,Recruitment Process & Strategy
https://testlify.com/how-effective-are-computer-skill-tests/,how-effective-are-computer-skill-tests,blog,Skills Tests & Evaluation (by skill),
https://testlify.com/how-electrical-engineering-test-helps-you-screen-candidates/,how-electrical-engineering-test-helps-you-screen-candidates,blog,Screening by Skill/Role,
https://testlify.com/how-employers-can-strengthen-university-partnerships/,how-employers-can-strengthen-university-partnerships,blog,Unclustered / Other,
https://testlify.com/how-fedex-hires-at-scale/,how-fedex-hires-at-scale,blog,Recruiting & Talent Acquisition,General Hiring
https://testlify.com/how-general-contractor-test-helps-you-screen-candidates/,how-general-contractor-test-helps-you-screen-candidates,blog,Screening by Skill/Role,
https://testlify.com/how-google-hires-tech-talent/,how-google-hires-tech-talent,blog,Recruiting & Talent Acquisition,General Hiring
https://testlify.com/how-handle-sensitive-information-in-hiring-process/,how-handle-sensitive-information-in-hiring-process,blog,Recruiting & Talent Acquisition,Recruitment Process & Strategy
https://testlify.com/how-hr-and-fintech-empower-global-talent-acquisition/,how-hr-and-fintech-empower-global-talent-acquisition,blog,Recruiting & Talent Acquisition,Recruitment Process & Strategy
https://testlify.com/how-hr-and-web-app-development-can-drive-business-success/,how-hr-and-web-app-development-can-drive-business-success,blog,Unclustered / Other,
https://testlify.com/how-hr-can-support-sales-employees/,how-hr-can-support-sales-employees,blog,Employee Experience & Development,Employee general
https://testlify.com/how-hr-can-utilize-react-js-test/,how-hr-can-utilize-react-js-test,blog,Assessments & Testing,Assessment general
https://testlify.com/how-hr-leaders-can-prevent-quiet-firing/,how-hr-leaders-can-prevent-quiet-firing,blog,Recruiting & Talent Acquisition,General Talent/Team-building
https://testlify.com/how-hr-leaders-can-work-with-branding-agencies-to-win-talent-wars/,how-hr-leaders-can-work-with-branding-agencies-to-win-talent-wars,blog,Recruiting & Talent Acquisition,General Talent/Team-building
https://testlify.com/how-important-is-background-screening-before-hiring/,how-important-is-background-screening-before-hiring,blog,Screening by Skill/Role,
https://testlify.com/how-lateral-hiring-can-enhance-your-teams-inclusivity/,how-lateral-hiring-can-enhance-your-teams-inclusivity,blog,Recruiting & Talent Acquisition,General Hiring
https://testlify.com/how-lms-can-help-you-create-a-collaborative-learning-environment/,how-lms-can-help-you-create-a-collaborative-learning-environment,blog,Unclustered / Other,
https://testlify.com/how-long-should-the-hiring-process-take/,how-long-should-the-hiring-process-take,blog,Recruiting & Talent Acquisition,Recruitment Process & Strategy
https://testlify.com/how-management-test-helps-you-screen-candidates/,how-management-test-helps-you-screen-candidates,blog,Screening by Skill/Role,
https://testlify.com/how-microsoft-hires-tech-talent/,how-microsoft-hires-tech-talent,blog,Recruiting & Talent Acquisition,General Hiring
https://testlify.com/how-poor-candidate-experience-affects-a-business/,how-poor-candidate-experience-affects-a-business,blog,Recruiting & Talent Acquisition,Recruitment Process & Strategy
https://testlify.com/how-project-manager-test-helps-you-screen-candidates/,how-project-manager-test-helps-you-screen-candidates,blog,Screening by Skill/Role,
https://testlify.com/how-psychometric-tests-enhance-recruitment-accuracy-and-objectivity/,how-psychometric-tests-enhance-recruitment-accuracy-and-objectivity,blog,Assessments & Testing,Personality & Psychometric
https://testlify.com/how-qa-test-helps-you-screen-candidates/,how-qa-test-helps-you-screen-candidates,blog,Screening by Skill/Role,
https://testlify.com/how-recruitment-tools-contribute-to-business-success/,how-recruitment-tools-contribute-to-business-success,blog,Recruiting & Talent Acquisition,Recruitment Process & Strategy
https://testlify.com/how-remote-hiring-is-reshaping-the-global-workforce-landscape/,how-remote-hiring-is-reshaping-the-global-workforce-landscape,blog,Employee Experience & Development,Employee general
https://testlify.com/how-resilience-test-helps-you-screen-candidates/,how-resilience-test-helps-you-screen-candidates,blog,Screening by Skill/Role,
https://testlify.com/how-sales-test-helps-you-screen-candidates/,how-sales-test-helps-you-screen-candidates,blog,Screening by Skill/Role,
https://testlify.com/how-silent-resignation-reshapes-employer-branding/,how-silent-resignation-reshapes-employer-branding,blog,"Workplace, Culture & Future of Work",Culture & Trends
https://testlify.com/how-situational-judgement-tests-sjts-find-the-best-fits/,how-situational-judgement-tests-sjts-find-the-best-fits,blog,Assessments & Testing,Assessment general
https://testlify.com/how-sjts-eliminate-hiring-bias/,how-sjts-eliminate-hiring-bias,blog,"Workplace, Culture & Future of Work",DEI
https://testlify.com/how-skills-assessments-improve-recruitment-process/,how-skills-assessments-improve-recruitment-process,blog,Skills Tests & Evaluation (by skill),
https://testlify.com/how-sql-test-helps-you-screen-candidates/,how-sql-test-helps-you-screen-candidates,blog,Screening by Skill/Role,
https://testlify.com/how-tech-bridges-the-communication-gap-in-hiring/,how-tech-bridges-the-communication-gap-in-hiring,blog,Recruiting & Talent Acquisition,General Hiring
https://testlify.com/how-technical-assessments-fuel-amazon-hiring-process/,how-technical-assessments-fuel-amazon-hiring-process,blog,Assessments & Testing,Assessment general
https://testlify.com/how-technical-interview-questions-helps-you-screen-candidates/,how-technical-interview-questions-helps-you-screen-candidates,blog,Interview Questions (by role),
https://testlify.com/how-technical-skills-assessments-enhance-candidate-evaluation/,how-technical-skills-assessments-enhance-candidate-evaluation,blog,Skills Tests & Evaluation (by skill),
https://testlify.com/how-testlify-ai-scoring-works/,how-testlify-ai-scoring-works,blog,Unclustered / Other,
https://testlify.com/how-testlify-helps-companies-reduce-bias-in-hiring/,how-testlify-helps-companies-reduce-bias-in-hiring,blog,"Workplace, Culture & Future of Work",DEI
https://testlify.com/how-testlify-is-building-ai-skills-first-hiring/,how-testlify-is-building-ai-skills-first-hiring,blog,Recruiting & Talent Acquisition,General Hiring
https://testlify.com/how-testlify-supports-bias-free-hiring/,how-testlify-supports-bias-free-hiring,blog,"Workplace, Culture & Future of Work",DEI
https://testlify.com/how-testlifys-assessments-can-identify-skills-gap/,how-testlifys-assessments-can-identify-skills-gap,blog,Assessments & Testing,Assessment general
https://testlify.com/how-to-adapt-sjts-for-global-recruitment/,how-to-adapt-sjts-for-global-recruitment,blog,Recruiting & Talent Acquisition,Recruitment Process & Strategy
https://testlify.com/how-to-address-salary-parity-concern-in-lateral-hires/,how-to-address-salary-parity-concern-in-lateral-hires,blog,HR Operations & Compliance,Compensation & Benefits
https://testlify.com/how-to-administer-a-technical-assessment/,how-to-administer-a-technical-assessment,blog,Assessments & Testing,Assessment general
https://testlify.com/how-to-administer-programming-tests-effectively/,how-to-administer-programming-tests-effectively,blog,Assessments & Testing,Assessment general
https://testlify.com/how-to-analyze-and-interpret-programming-test-results/,how-to-analyze-and-interpret-programming-test-results,blog,Assessments & Testing,Assessment general
https://testlify.com/how-to-assess-accounting-skills-of-candidates/,how-to-assess-accounting-skills-of-candidates,blog,Skills Tests & Evaluation (by skill),
https://testlify.com/how-to-assess-blue-collar-skills-and-experience/,how-to-assess-blue-collar-skills-and-experience,blog,Skills Tests & Evaluation (by skill),
https://testlify.com/how-to-assess-candidates-for-your-talent-pool/,how-to-assess-candidates-for-your-talent-pool,blog,Recruiting & Talent Acquisition,Sourcing & Candidate Pool
https://testlify.com/how-to-assess-computer-skills/,how-to-assess-computer-skills,blog,Skills Tests & Evaluation (by skill),
https://testlify.com/how-to-assess-ethical-judgment-of-candidates/,how-to-assess-ethical-judgment-of-candidates,blog,Unclustered / Other,
https://testlify.com/how-to-assess-soft-skills-using-skills-assessment/,how-to-assess-soft-skills-using-skills-assessment,blog,Skills Tests & Evaluation (by skill),
https://testlify.com/how-to-assess-technical-skills/,how-to-assess-technical-skills,blog,Skills Tests & Evaluation (by skill),
https://testlify.com/how-to-assess-the-current-talent-pool-for-succession-planning/,how-to-assess-the-current-talent-pool-for-succession-planning,blog,Recruiting & Talent Acquisition,Sourcing & Candidate Pool
https://testlify.com/how-to-attract-and-retain-top-blue-collar-talent/,how-to-attract-and-retain-top-blue-collar-talent,blog,Recruiting & Talent Acquisition,General Talent/Team-building
https://testlify.com/how-to-attract-top-talent-during-a-campus-hiring-drive/,how-to-attract-top-talent-during-a-campus-hiring-drive,blog,Recruiting & Talent Acquisition,General Hiring
https://testlify.com/how-to-automate-your-candidate-screening-process/,how-to-automate-your-candidate-screening-process,blog,Screening by Skill/Role,
https://testlify.com/how-to-bridge-communication-gaps-during-interviews/,how-to-bridge-communication-gaps-during-interviews,blog,Recruiting & Talent Acquisition,Interviewing (process/skills)
https://testlify.com/how-to-build-a-diverse-and-inclusive-workforce/,how-to-build-a-diverse-and-inclusive-workforce,blog,Employee Experience & Development,Employee general
https://testlify.com/how-to-build-a-lateral-hiring-strategy-for-long-term-growth/,how-to-build-a-lateral-hiring-strategy-for-long-term-growth,blog,Recruiting & Talent Acquisition,Recruitment Process & Strategy
https://testlify.com/how-to-build-a-strong-employer-brand/,how-to-build-a-strong-employer-brand,blog,"Workplace, Culture & Future of Work",Culture & Trends
https://testlify.com/how-to-build-a-successful-data-science-team/,how-to-build-a-successful-data-science-team,blog,Recruiting & Talent Acquisition,General Talent/Team-building
https://testlify.com/how-to-build-a-successful-finance-management-team/,how-to-build-a-successful-finance-management-team,blog,Recruiting & Talent Acquisition,General Talent/Team-building
https://testlify.com/how-to-build-a-successful-marketing-team/,how-to-build-a-successful-marketing-team,blog,Recruiting & Talent Acquisition,General Talent/Team-building
https://testlify.com/how-to-build-a-successful-recruitment-team/,how-to-build-a-successful-recruitment-team,blog,Recruiting & Talent Acquisition,Recruitment Process & Strategy
https://testlify.com/how-to-build-a-successful-sales-team/,how-to-build-a-successful-sales-team,blog,Recruiting & Talent Acquisition,General Talent/Team-building
https://testlify.com/how-to-build-company-culture-in-a-recession/,how-to-build-company-culture-in-a-recession,blog,"Workplace, Culture & Future of Work",Culture & Trends
https://testlify.com/how-to-build-relationships-with-suppliers/,how-to-build-relationships-with-suppliers,blog,Unclustered / Other,
https://testlify.com/how-to-build-strong-employer-candidate-relations/,how-to-build-strong-employer-candidate-relations,blog,Unclustered / Other,
https://testlify.com/how-to-build-stronger-teams-with-role-specific-tests/,how-to-build-stronger-teams-with-role-specific-tests,blog,Assessments & Testing,Assessment general
https://testlify.com/how-to-build-your-own-culture-fit-assessment-quick-tips/,how-to-build-your-own-culture-fit-assessment-quick-tips,blog,Assessments & Testing,Assessment general
https://testlify.com/how-to-choose-right-ats-integration/,how-to-choose-right-ats-integration,blog,Recruiting & Talent Acquisition,Recruitment Process & Strategy
https://testlify.com/how-to-choose-the-right-attention-to-detail-test-for-your-hiring-process/,how-to-choose-the-right-attention-to-detail-test-for-your-hiring-process,blog,Assessments & Testing,Assessment general
https://testlify.com/how-to-choose-the-right-cognitive-ability-test-for-hiring-top-talent/,how-to-choose-the-right-cognitive-ability-test-for-hiring-top-talent,blog,Assessments & Testing,Aptitude & Cognitive
https://testlify.com/how-to-choose-the-right-computer-literacy-test/,how-to-choose-the-right-computer-literacy-test,blog,Assessments & Testing,Assessment general
https://testlify.com/how-to-choose-the-right-hrms-for-your-business/,how-to-choose-the-right-hrms-for-your-business,blog,HR Operations & Compliance,HR general / HRM
https://testlify.com/how-to-choose-the-right-organizational-development-intervention/,how-to-choose-the-right-organizational-development-intervention,blog,Unclustered / Other,
https://testlify.com/how-to-choose-the-right-programming-test-for-your-hiring-needs/,how-to-choose-the-right-programming-test-for-your-hiring-needs,blog,Assessments & Testing,Assessment general
https://testlify.com/how-to-choose-the-right-recruitment-technology/,how-to-choose-the-right-recruitment-technology,blog,Recruiting & Talent Acquisition,Recruitment Process & Strategy
https://testlify.com/how-to-choose-the-right-staffing-service/,how-to-choose-the-right-staffing-service,blog,Employee Experience & Development,Employee general
https://testlify.com/how-to-choose-the-right-technical-assessment-tool/,how-to-choose-the-right-technical-assessment-tool,blog,Assessments & Testing,Assessment general
https://testlify.com/how-to-communicate-with-candidates-post-interview/,how-to-communicate-with-candidates-post-interview,blog,Recruiting & Talent Acquisition,Interviewing (process/skills)
https://testlify.com/how-to-conduct-a-structured-job-interview/,how-to-conduct-a-structured-job-interview,blog,Recruiting & Talent Acquisition,Interviewing (process/skills)
https://testlify.com/how-to-conduct-an-effective-job-interview/,how-to-conduct-an-effective-job-interview,blog,Recruiting & Talent Acquisition,Interviewing (process/skills)
https://testlify.com/how-to-conduct-effective-interviews/,how-to-conduct-effective-interviews,blog,Recruiting & Talent Acquisition,Interviewing (process/skills)
https://testlify.com/how-to-conduct-effective-pre-employment-assessments/,how-to-conduct-effective-pre-employment-assessments,blog,Assessments & Testing,Pre-employment / Pre-hire
https://testlify.com/how-to-craft-effective-programming-tests-for-tech-recruitment/,how-to-craft-effective-programming-tests-for-tech-recruitment,blog,Assessments & Testing,Assessment general
https://testlify.com/how-to-create-a-compensation-benefits-package/,how-to-create-a-compensation-benefits-package,blog,HR Operations & Compliance,Compensation & Benefits
https://testlify.com/how-to-create-a-computer-literacy-test-thats-fair-and-accurate/,how-to-create-a-computer-literacy-test-thats-fair-and-accurate,blog,Assessments & Testing,Assessment general
https://testlify.com/how-to-create-a-culture-of-continuous-learning/,how-to-create-a-culture-of-continuous-learning,blog,"Workplace, Culture & Future of Work",Culture & Trends
https://testlify.com/how-to-create-a-culture-of-work-life-balance/,how-to-create-a-culture-of-work-life-balance,blog,"Workplace, Culture & Future of Work",Culture & Trends
https://testlify.com/how-to-create-a-custom-technical-assessment/,how-to-create-a-custom-technical-assessment,blog,Assessments & Testing,Assessment general
https://testlify.com/how-to-create-a-learning-and-development-plan/,how-to-create-a-learning-and-development-plan,blog,Employee Experience & Development,Performance & L&D
https://testlify.com/how-to-create-a-positive-blue-collar-workplace/,how-to-create-a-positive-blue-collar-workplace,blog,"Workplace, Culture & Future of Work",Culture & Trends
https://testlify.com/how-to-create-a-positive-employee-experience/,how-to-create-a-positive-employee-experience,blog,Employee Experience & Development,Engagement & Retention
https://testlify.com/how-to-create-a-positive-work-culture/,how-to-create-a-positive-work-culture,blog,"Workplace, Culture & Future of Work",Culture & Trends
https://testlify.com/how-to-create-a-positive-workplace-culture/,how-to-create-a-positive-workplace-culture,blog,"Workplace, Culture & Future of Work",Culture & Trends
https://testlify.com/how-to-create-a-seamless-candidate-experience/,how-to-create-a-seamless-candidate-experience,blog,Recruiting & Talent Acquisition,Recruitment Process & Strategy
https://testlify.com/how-to-create-a-sourcing-strategy/,how-to-create-a-sourcing-strategy,blog,Recruiting & Talent Acquisition,Sourcing & Candidate Pool
https://testlify.com/how-to-create-a-strategic-human-resource-plan/,how-to-create-a-strategic-human-resource-plan,blog,Recruiting & Talent Acquisition,Sourcing & Candidate Pool
https://testlify.com/how-to-create-a-successful-hybrid-work-policy/,how-to-create-a-successful-hybrid-work-policy,blog,HR Operations & Compliance,Policies & Compliance
https://testlify.com/how-to-create-a-workplace-where-employees-thrive/,how-to-create-a-workplace-where-employees-thrive,blog,Employee Experience & Development,Employee general
https://testlify.com/how-to-create-an-attention-to-detail-test-thats-actually-effective/,how-to-create-an-attention-to-detail-test-thats-actually-effective,blog,Assessments & Testing,Assessment general
https://testlify.com/how-to-create-an-effective-employee-handbook/,how-to-create-an-effective-employee-handbook,blog,Employee Experience & Development,Employee general
https://testlify.com/how-to-create-an-effective-workplace-communication-plan/,how-to-create-an-effective-workplace-communication-plan,blog,"Workplace, Culture & Future of Work",Culture & Trends
https://testlify.com/how-to-create-an-excellent-hiring-process-that-converts/,how-to-create-an-excellent-hiring-process-that-converts,blog,Recruiting & Talent Acquisition,Recruitment Process & Strategy
https://testlify.com/how-to-create-an-inclusive-employee-experience/,how-to-create-an-inclusive-employee-experience,blog,Employee Experience & Development,Engagement & Retention
https://testlify.com/how-to-create-clear-and-engaging-job-postings/,how-to-create-clear-and-engaging-job-postings,blog,Recruiting & Talent Acquisition,General Hiring
https://testlify.com/how-to-create-objective-hiring-assessments/,how-to-create-objective-hiring-assessments,blog,Assessments & Testing,Assessment general
https://testlify.com/how-to-create-video-and-audio-interview-questions/,how-to-create-video-and-audio-interview-questions,blog,Interview Questions (by role),
https://testlify.com/how-to-customize-it-skills-tests-for-different-tech-role/,how-to-customize-it-skills-tests-for-different-tech-role,blog,Skills Tests & Evaluation (by skill),
https://testlify.com/how-to-design-a-fair-and-inclusive-hiring-process/,how-to-design-a-fair-and-inclusive-hiring-process,blog,Recruiting & Talent Acquisition,Recruitment Process & Strategy
https://testlify.com/how-to-design-html-test/,how-to-design-html-test,blog,Assessments & Testing,Assessment general
https://testlify.com/how-to-determine-a-candidates-cultural-fit/,how-to-determine-a-candidates-cultural-fit,blog,Unclustered / Other,
https://testlify.com/how-to-determine-the-right-level-of-difficulty-in-programming-tests/,how-to-determine-the-right-level-of-difficulty-in-programming-tests,blog,Assessments & Testing,Assessment general
https://testlify.com/how-to-determine-your-recruitment-kpis/,how-to-determine-your-recruitment-kpis,blog,Recruiting & Talent Acquisition,Recruitment Process & Strategy
https://testlify.com/how-to-develop-a-succession-planning-plan/,how-to-develop-a-succession-planning-plan,blog,HR Operations & Compliance,Workforce & Succession Planning
https://testlify.com/how-to-develop-a-workforce-plan/,how-to-develop-a-workforce-plan,blog,Employee Experience & Development,Employee general
https://testlify.com/how-to-develop-hiring-plan/,how-to-develop-hiring-plan,blog,Recruiting & Talent Acquisition,General Hiring
https://testlify.com/how-to-discover-top-talent-beyond-resume/,how-to-discover-top-talent-beyond-resume,blog,Assessments & Testing,Personality & Psychometric
https://testlify.com/how-to-engage-employees-in-a-remote-workplace/,how-to-engage-employees-in-a-remote-workplace,blog,Employee Experience & Development,Employee general
https://testlify.com/how-to-ensure-language-fairness-in-assessments/,how-to-ensure-language-fairness-in-assessments,blog,Assessments & Testing,Assessment general
https://testlify.com/how-to-ensure-smooth-onboarding/,how-to-ensure-smooth-onboarding,blog,Employee Experience & Development,Onboarding
https://testlify.com/how-to-evaluate-candidates-skills-with-a-basic-double-digit-math-assessment/,how-to-evaluate-candidates-skills-with-a-basic-double-digit-math-assessment,blog,Skills Tests & Evaluation (by skill),
https://testlify.com/how-to-evaluate-candidates-skills-with-a-business-judgement-assessment/,how-to-evaluate-candidates-skills-with-a-business-judgement-assessment,blog,Skills Tests & Evaluation (by skill),
https://testlify.com/how-to-evaluate-candidates-skills-with-a-business-judgement-test/,how-to-evaluate-candidates-skills-with-a-business-judgement-test,blog,Skills Tests & Evaluation (by skill),
https://testlify.com/how-to-evaluate-candidates-skills-with-a-business-strategy-assessment/,how-to-evaluate-candidates-skills-with-a-business-strategy-assessment,blog,Skills Tests & Evaluation (by skill),
https://testlify.com/how-to-evaluate-candidates-skills-with-a-c-assessment/,how-to-evaluate-candidates-skills-with-a-c-assessment,blog,Skills Tests & Evaluation (by skill),
https://testlify.com/how-to-evaluate-candidates-skills-with-a-c-sharp-assessment/,how-to-evaluate-candidates-skills-with-a-c-sharp-assessment,blog,Skills Tests & Evaluation (by skill),
https://testlify.com/how-to-evaluate-candidates-skills-with-a-conflict-management-assessment/,how-to-evaluate-candidates-skills-with-a-conflict-management-assessment,blog,Skills Tests & Evaluation (by skill),
https://testlify.com/how-to-evaluate-candidates-skills-with-a-customer-success-manager-test/,how-to-evaluate-candidates-skills-with-a-customer-success-manager-test,blog,Skills Tests & Evaluation (by skill),
https://testlify.com/how-to-evaluate-candidates-skills-with-a-cybersecurity-assessment/,how-to-evaluate-candidates-skills-with-a-cybersecurity-assessment,blog,Skills Tests & Evaluation (by skill),
https://testlify.com/how-to-evaluate-candidates-skills-with-a-data-visualization-test/,how-to-evaluate-candidates-skills-with-a-data-visualization-test,blog,Skills Tests & Evaluation (by skill),
https://testlify.com/how-to-evaluate-candidates-skills-with-a-docker-assessment/,how-to-evaluate-candidates-skills-with-a-docker-assessment,blog,Skills Tests & Evaluation (by skill),
https://testlify.com/how-to-evaluate-candidates-skills-with-a-flutter-assessment/,how-to-evaluate-candidates-skills-with-a-flutter-assessment,blog,Skills Tests & Evaluation (by skill),
https://testlify.com/how-to-evaluate-candidates-skills-with-a-full-stack-developer-test/,how-to-evaluate-candidates-skills-with-a-full-stack-developer-test,blog,Skills Tests & Evaluation (by skill),
https://testlify.com/how-to-evaluate-candidates-skills-with-a-go-assessment/,how-to-evaluate-candidates-skills-with-a-go-assessment,blog,Skills Tests & Evaluation (by skill),
https://testlify.com/how-to-evaluate-candidates-skills-with-a-google-analytics-assessment/,how-to-evaluate-candidates-skills-with-a-google-analytics-assessment,blog,Skills Tests & Evaluation (by skill),
https://testlify.com/how-to-evaluate-candidates-skills-with-a-java-assessment/,how-to-evaluate-candidates-skills-with-a-java-assessment,blog,Skills Tests & Evaluation (by skill),
https://testlify.com/how-to-evaluate-candidates-skills-with-a-javascript-assessment/,how-to-evaluate-candidates-skills-with-a-javascript-assessment,blog,Skills Tests & Evaluation (by skill),
https://testlify.com/how-to-evaluate-candidates-skills-with-a-laravel-assessment/,how-to-evaluate-candidates-skills-with-a-laravel-assessment,blog,Skills Tests & Evaluation (by skill),
https://testlify.com/how-to-evaluate-candidates-skills-with-a-lean-six-sigma-assessment/,how-to-evaluate-candidates-skills-with-a-lean-six-sigma-assessment,blog,Skills Tests & Evaluation (by skill),
https://testlify.com/how-to-evaluate-candidates-skills-with-a-mechanical-reasoning-assessment/,how-to-evaluate-candidates-skills-with-a-mechanical-reasoning-assessment,blog,Skills Tests & Evaluation (by skill),
https://testlify.com/how-to-evaluate-candidates-skills-with-a-mern-stack-developer-assessment/,how-to-evaluate-candidates-skills-with-a-mern-stack-developer-assessment,blog,Skills Tests & Evaluation (by skill),
https://testlify.com/how-to-evaluate-candidates-skills-with-a-microsoft-sql-assessment/,how-to-evaluate-candidates-skills-with-a-microsoft-sql-assessment,blog,Skills Tests & Evaluation (by skill),
https://testlify.com/how-to-evaluate-candidates-skills-with-a-mysql-assessment/,how-to-evaluate-candidates-skills-with-a-mysql-assessment,blog,Skills Tests & Evaluation (by skill),
https://testlify.com/how-to-evaluate-candidates-skills-with-a-negotiation-assessment/,how-to-evaluate-candidates-skills-with-a-negotiation-assessment,blog,Skills Tests & Evaluation (by skill),
https://testlify.com/how-to-evaluate-candidates-skills-with-a-node-js-assessment/,how-to-evaluate-candidates-skills-with-a-node-js-assessment,blog,Skills Tests & Evaluation (by skill),
https://testlify.com/how-to-evaluate-candidates-skills-with-a-numerical-reasoning-assessment/,how-to-evaluate-candidates-skills-with-a-numerical-reasoning-assessment,blog,Skills Tests & Evaluation (by skill),
https://testlify.com/how-to-evaluate-candidates-skills-with-a-performance-marketing-test/,how-to-evaluate-candidates-skills-with-a-performance-marketing-test,blog,Skills Tests & Evaluation (by skill),
https://testlify.com/how-to-evaluate-candidates-skills-with-a-php-assessment/,how-to-evaluate-candidates-skills-with-a-php-assessment,blog,Skills Tests & Evaluation (by skill),
https://testlify.com/how-to-evaluate-candidates-skills-with-a-plsql-assessment/,how-to-evaluate-candidates-skills-with-a-plsql-assessment,blog,Skills Tests & Evaluation (by skill),
https://testlify.com/how-to-evaluate-candidates-skills-with-a-react-assessment/,how-to-evaluate-candidates-skills-with-a-react-assessment,blog,Skills Tests & Evaluation (by skill),
https://testlify.com/how-to-evaluate-candidates-skills-with-a-react-native-assessment/,how-to-evaluate-candidates-skills-with-a-react-native-assessment,blog,Skills Tests & Evaluation (by skill),
https://testlify.com/how-to-evaluate-candidates-skills-with-a-react-native-test-online/,how-to-evaluate-candidates-skills-with-a-react-native-test-online,blog,Skills Tests & Evaluation (by skill),
https://testlify.com/how-to-evaluate-candidates-skills-with-a-ruby-assessment/,how-to-evaluate-candidates-skills-with-a-ruby-assessment,blog,Skills Tests & Evaluation (by skill),
https://testlify.com/how-to-evaluate-candidates-skills-with-a-ruby-test/,how-to-evaluate-candidates-skills-with-a-ruby-test,blog,Skills Tests & Evaluation (by skill),
https://testlify.com/how-to-evaluate-candidates-skills-with-a-springboot-assessment/,how-to-evaluate-candidates-skills-with-a-springboot-assessment,blog,Skills Tests & Evaluation (by skill),
https://testlify.com/how-to-evaluate-candidates-skills-with-a-swift-assessment/,how-to-evaluate-candidates-skills-with-a-swift-assessment,blog,Skills Tests & Evaluation (by skill),
https://testlify.com/how-to-evaluate-candidates-skills-with-a-t-sql-assessment/,how-to-evaluate-candidates-skills-with-a-t-sql-assessment,blog,Skills Tests & Evaluation (by skill),
https://testlify.com/how-to-evaluate-candidates-skills-with-a-typescript-assessment/,how-to-evaluate-candidates-skills-with-a-typescript-assessment,blog,Skills Tests & Evaluation (by skill),
https://testlify.com/how-to-evaluate-candidates-skills-with-a-vue-3-assessment/,how-to-evaluate-candidates-skills-with-a-vue-3-assessment,blog,Skills Tests & Evaluation (by skill),
https://testlify.com/how-to-evaluate-candidates-skills-with-a-wordpress-developer-assessment/,how-to-evaluate-candidates-skills-with-a-wordpress-developer-assessment,blog,Skills Tests & Evaluation (by skill),
https://testlify.com/how-to-evaluate-candidates-skills-with-an-accounting-manager-test/,how-to-evaluate-candidates-skills-with-an-accounting-manager-test,blog,Skills Tests & Evaluation (by skill),
https://testlify.com/how-to-evaluate-candidates-skills-with-an-accounts-payable-test/,how-to-evaluate-candidates-skills-with-an-accounts-payable-test,blog,Skills Tests & Evaluation (by skill),
https://testlify.com/how-to-evaluate-candidates-skills-with-an-adaptability-assessment/,how-to-evaluate-candidates-skills-with-an-adaptability-assessment,blog,Skills Tests & Evaluation (by skill),
https://testlify.com/how-to-evaluate-candidates-skills-with-an-adaptability-test/,how-to-evaluate-candidates-skills-with-an-adaptability-test,blog,Skills Tests & Evaluation (by skill),
https://testlify.com/how-to-evaluate-candidates-skills-with-an-attention-to-detail-visual-test/,how-to-evaluate-candidates-skills-with-an-attention-to-detail-visual-test,blog,Skills Tests & Evaluation (by skill),
https://testlify.com/how-to-evaluate-candidates-skills-with-an-email-marketing-assessment/,how-to-evaluate-candidates-skills-with-an-email-marketing-assessment,blog,Skills Tests & Evaluation (by skill),
https://testlify.com/how-to-evaluate-candidates-skills-with-an-empathy-assessment/,how-to-evaluate-candidates-skills-with-an-empathy-assessment,blog,Skills Tests & Evaluation (by skill),
https://testlify.com/how-to-evaluate-candidates-skills-with-an-engineering-manager-assessment/,how-to-evaluate-candidates-skills-with-an-engineering-manager-assessment,blog,Skills Tests & Evaluation (by skill),
https://testlify.com/how-to-evaluate-candidates-skills-with-an-insurance-agent-assessment/,how-to-evaluate-candidates-skills-with-an-insurance-agent-assessment,blog,Skills Tests & Evaluation (by skill),
https://testlify.com/how-to-evaluate-candidates-skills-with-an-nlp-test/,how-to-evaluate-candidates-skills-with-an-nlp-test,blog,Skills Tests & Evaluation (by skill),
https://testlify.com/how-to-evaluate-candidates-skills-with-an-sql-assessment/,how-to-evaluate-candidates-skills-with-an-sql-assessment,blog,Skills Tests & Evaluation (by skill),
https://testlify.com/how-to-evaluate-candidates-with-ai-safely/,how-to-evaluate-candidates-with-ai-safely,blog,Unclustered / Other,
https://testlify.com/how-to-evaluate-coding-assessments/,how-to-evaluate-coding-assessments,blog,Assessments & Testing,Assessment general
https://testlify.com/how-to-evaluate-niche-skills/,how-to-evaluate-niche-skills,blog,Skills Tests & Evaluation (by skill),
https://testlify.com/how-to-find-and-attract-skilled-freelance-talent/,how-to-find-and-attract-skilled-freelance-talent,blog,Recruiting & Talent Acquisition,Sourcing & Candidate Pool
https://testlify.com/how-to-find-and-hire-the-best-flutter-developers-a-comprehensive-guide/,how-to-find-and-hire-the-best-flutter-developers-a-comprehensive-guide,blog,Recruiting & Talent Acquisition,General Hiring
https://testlify.com/how-to-find-qualified-candidates/,how-to-find-qualified-candidates,blog,Recruiting & Talent Acquisition,Sourcing & Candidate Pool
https://testlify.com/how-to-find-the-perfect-digital-marketer-for-your-businesss-growth/,how-to-find-the-perfect-digital-marketer-for-your-businesss-growth,blog,Unclustered / Other,
https://testlify.com/how-to-find-the-right-senior-developer/,how-to-find-the-right-senior-developer,blog,Unclustered / Other,
https://testlify.com/how-to-find-top-talent-with-skill-based-hiring-tools/,how-to-find-top-talent-with-skill-based-hiring-tools,blog,Recruiting & Talent Acquisition,Sourcing & Candidate Pool
https://testlify.com/how-to-foster-new-hires-for-success/,how-to-foster-new-hires-for-success,blog,Recruiting & Talent Acquisition,General Hiring
https://testlify.com/how-to-get-started-with-compensation-and-benefits/,how-to-get-started-with-compensation-and-benefits,blog,HR Operations & Compliance,Compensation & Benefits
https://testlify.com/how-to-get-started-with-performance-management/,how-to-get-started-with-performance-management,blog,Employee Experience & Development,Performance & L&D
https://testlify.com/how-to-get-started-with-sourcing/,how-to-get-started-with-sourcing,blog,Recruiting & Talent Acquisition,Sourcing & Candidate Pool
https://testlify.com/how-to-get-started-with-staffing/,how-to-get-started-with-staffing,blog,Employee Experience & Development,Employee general
https://testlify.com/how-to-get-started-with-succession-planning/,how-to-get-started-with-succession-planning,blog,HR Operations & Compliance,Workforce & Succession Planning
https://testlify.com/how-to-get-started-with-talent-assessment/,how-to-get-started-with-talent-assessment,blog,Assessments & Testing,Assessment general
https://testlify.com/how-to-get-started-with-talent-management/,how-to-get-started-with-talent-management,blog,Recruiting & Talent Acquisition,General Talent/Team-building
https://testlify.com/how-to-get-technical-hiring-right/,how-to-get-technical-hiring-right,blog,Recruiting & Talent Acquisition,General Hiring
https://testlify.com/how-to-give-constructive-feedback-to-candidates/,how-to-give-constructive-feedback-to-candidates,blog,Unclustered / Other,
https://testlify.com/how-to-handle-negative-glassdoor-reviews/,how-to-handle-negative-glassdoor-reviews,blog,Unclustered / Other,
https://testlify.com/how-to-hire-a-backend-developer/,how-to-hire-a-backend-developer,blog,Hiring by Role,
https://testlify.com/how-to-hire-a-boilermaker/,how-to-hire-a-boilermaker,blog,Hiring by Role,
https://testlify.com/how-to-hire-a-brick-mason/,how-to-hire-a-brick-mason,blog,Hiring by Role,
https://testlify.com/how-to-hire-a-bricklayer/,how-to-hire-a-bricklayer,blog,Hiring by Role,
https://testlify.com/how-to-hire-a-builder/,how-to-hire-a-builder,blog,Hiring by Role,
https://testlify.com/how-to-hire-a-building-inspector/,how-to-hire-a-building-inspector,blog,Hiring by Role,
https://testlify.com/how-to-hire-a-carpenter/,how-to-hire-a-carpenter,blog,Hiring by Role,
https://testlify.com/how-to-hire-a-chef/,how-to-hire-a-chef,blog,Hiring by Role,
https://testlify.com/how-to-hire-a-childcare-worker/,how-to-hire-a-childcare-worker,blog,Hiring by Role,
https://testlify.com/how-to-hire-a-commercial-diver/,how-to-hire-a-commercial-diver,blog,Hiring by Role,
https://testlify.com/how-to-hire-a-construction-manager/,how-to-hire-a-construction-manager,blog,Hiring by Role,
https://testlify.com/how-to-hire-a-construction-worker/,how-to-hire-a-construction-worker,blog,Hiring by Role,
https://testlify.com/how-to-hire-a-content-marketer/,how-to-hire-a-content-marketer,blog,Hiring by Role,
https://testlify.com/how-to-hire-a-cook/,how-to-hire-a-cook,blog,Hiring by Role,
https://testlify.com/how-to-hire-a-criminal-investigator/,how-to-hire-a-criminal-investigator,blog,Hiring by Role,
https://testlify.com/how-to-hire-a-custodian/,how-to-hire-a-custodian,blog,Hiring by Role,
https://testlify.com/how-to-hire-a-delivery-rider/,how-to-hire-a-delivery-rider,blog,Hiring by Role,
https://testlify.com/how-to-hire-a-dishwasher/,how-to-hire-a-dishwasher,blog,Hiring by Role,
https://testlify.com/how-to-hire-a-driver/,how-to-hire-a-driver,blog,Hiring by Role,
https://testlify.com/how-to-hire-a-farmer/,how-to-hire-a-farmer,blog,Hiring by Role,
https://testlify.com/how-to-hire-a-firefighter/,how-to-hire-a-firefighter,blog,Hiring by Role,
https://testlify.com/how-to-hire-a-general-contractor/,how-to-hire-a-general-contractor,blog,Hiring by Role,
https://testlify.com/how-to-hire-a-good-cloud-engineer-a-complete-guide/,how-to-hire-a-good-cloud-engineer-a-complete-guide,blog,Hiring by Role,
https://testlify.com/how-to-hire-a-hvac-technician/,how-to-hire-a-hvac-technician,blog,Hiring by Role,
https://testlify.com/how-to-hire-a-janitor/,how-to-hire-a-janitor,blog,Hiring by Role,
https://testlify.com/how-to-hire-a-laborer/,how-to-hire-a-laborer,blog,Hiring by Role,
https://testlify.com/how-to-hire-a-landscaper/,how-to-hire-a-landscaper,blog,Hiring by Role,
https://testlify.com/how-to-hire-a-logger-for-logging/,how-to-hire-a-logger-for-logging,blog,Hiring by Role,
https://testlify.com/how-to-hire-a-machine-operator/,how-to-hire-a-machine-operator,blog,Hiring by Role,
https://testlify.com/how-to-hire-a-machinery-mechanic/,how-to-hire-a-machinery-mechanic,blog,Hiring by Role,
https://testlify.com/how-to-hire-a-machinist/,how-to-hire-a-machinist,blog,Hiring by Role,
https://testlify.com/how-to-hire-a-maintenance-worker/,how-to-hire-a-maintenance-worker,blog,Hiring by Role,
https://testlify.com/how-to-hire-a-mechanic/,how-to-hire-a-mechanic,blog,Hiring by Role,
https://testlify.com/how-to-hire-a-millwright/,how-to-hire-a-millwright,blog,Hiring by Role,
https://testlify.com/how-to-hire-a-miner/,how-to-hire-a-miner,blog,Hiring by Role,
https://testlify.com/how-to-hire-a-patternmaker/,how-to-hire-a-patternmaker,blog,Hiring by Role,
https://testlify.com/how-to-hire-a-php-developer-roles-skills-salaries-and-recruitment-guide/,how-to-hire-a-php-developer-roles-skills-salaries-and-recruitment-guide,blog,Hiring by Role,
https://testlify.com/how-to-hire-a-plumber-pipefitter/,how-to-hire-a-plumber-pipefitter,blog,Hiring by Role,
https://testlify.com/how-to-hire-a-plumber/,how-to-hire-a-plumber,blog,Hiring by Role,
https://testlify.com/how-to-hire-a-product-manager/,how-to-hire-a-product-manager,blog,Hiring by Role,
https://testlify.com/how-to-hire-a-production-manager/,how-to-hire-a-production-manager,blog,Hiring by Role,
https://testlify.com/how-to-hire-a-react-developer-using-a-react-test/,how-to-hire-a-react-developer-using-a-react-test,blog,Hiring by Role,
https://testlify.com/how-to-hire-a-repair-manager/,how-to-hire-a-repair-manager,blog,Hiring by Role,
https://testlify.com/how-to-hire-a-repair-technician/,how-to-hire-a-repair-technician,blog,Hiring by Role,
https://testlify.com/how-to-hire-a-retail-merchandiser/,how-to-hire-a-retail-merchandiser,blog,Hiring by Role,
https://testlify.com/how-to-hire-a-retail-sales-associate/,how-to-hire-a-retail-sales-associate,blog,Hiring by Role,
https://testlify.com/how-to-hire-a-room-attendant/,how-to-hire-a-room-attendant,blog,Hiring by Role,
https://testlify.com/how-to-hire-a-sanitation-worker/,how-to-hire-a-sanitation-worker,blog,Hiring by Role,
https://testlify.com/how-to-hire-a-solar-technician/,how-to-hire-a-solar-technician,blog,Hiring by Role,
https://testlify.com/how-to-hire-a-taxi-driver/,how-to-hire-a-taxi-driver,blog,Hiring by Role,
https://testlify.com/how-to-hire-a-technician/,how-to-hire-a-technician,blog,Hiring by Role,
https://testlify.com/how-to-hire-a-temporary-employee/,how-to-hire-a-temporary-employee,blog,Hiring by Role,
https://testlify.com/how-to-hire-a-truck-driver/,how-to-hire-a-truck-driver,blog,Hiring by Role,
https://testlify.com/how-to-hire-a-utility-worker/,how-to-hire-a-utility-worker,blog,Hiring by Role,
https://testlify.com/how-to-hire-a-warehouse-picker/,how-to-hire-a-warehouse-picker,blog,Hiring by Role,
https://testlify.com/how-to-hire-a-warehouse-supervisor/,how-to-hire-a-warehouse-supervisor,blog,Hiring by Role,
https://testlify.com/how-to-hire-a-warehouse-worker/,how-to-hire-a-warehouse-worker,blog,Hiring by Role,
https://testlify.com/how-to-hire-a-waste-management-technician/,how-to-hire-a-waste-management-technician,blog,Hiring by Role,
https://testlify.com/how-to-hire-a-welder/,how-to-hire-a-welder,blog,Hiring by Role,
https://testlify.com/how-to-hire-a-wind-turbine-technician/,how-to-hire-a-wind-turbine-technician,blog,Hiring by Role,
https://testlify.com/how-to-hire-an-aircraft-mechanic/,how-to-hire-an-aircraft-mechanic,blog,Hiring by Role,
https://testlify.com/how-to-hire-an-animal-caretaker/,how-to-hire-an-animal-caretaker,blog,Hiring by Role,
https://testlify.com/how-to-hire-an-assembler/,how-to-hire-an-assembler,blog,Hiring by Role,
https://testlify.com/how-to-hire-an-automotive-technician/,how-to-hire-an-automotive-technician,blog,Hiring by Role,
https://testlify.com/how-to-hire-an-electrician/,how-to-hire-an-electrician,blog,Hiring by Role,
https://testlify.com/how-to-hire-an-elevator-mechanic/,how-to-hire-an-elevator-mechanic,blog,Hiring by Role,
https://testlify.com/how-to-hire-an-equipment-operator/,how-to-hire-an-equipment-operator,blog,Hiring by Role,
https://testlify.com/how-to-hire-cashier/,how-to-hire-cashier,blog,Hiring by Role,
https://testlify.com/how-to-hire-data-analysts-a-complete-guide/,how-to-hire-data-analysts-a-complete-guide,blog,Hiring by Role,
https://testlify.com/how-to-hire-derrick-hand/,how-to-hire-derrick-hand,blog,Hiring by Role,
https://testlify.com/how-to-hire-fisherman/,how-to-hire-fisherman,blog,Hiring by Role,
https://testlify.com/how-to-hire-food-processing-workers/,how-to-hire-food-processing-workers,blog,Hiring by Role,
https://testlify.com/how-to-hire-game-devs-without-coding-challenges/,how-to-hire-game-devs-without-coding-challenges,blog,Hiring by Role,
https://testlify.com/how-to-hire-hotel-hospitality-staff/,how-to-hire-hotel-hospitality-staff,blog,Hiring by Role,
https://testlify.com/how-to-hire-hr-manager/,how-to-hire-hr-manager,blog,Hiring by Role,
https://testlify.com/how-to-hire-hr-professionals/,how-to-hire-hr-professionals,blog,Hiring by Role,
https://testlify.com/how-to-hire-logistics-and-shipping-workers/,how-to-hire-logistics-and-shipping-workers,blog,Hiring by Role,
https://testlify.com/how-to-hire-maids-and-housekeeping-cleaners/,how-to-hire-maids-and-housekeeping-cleaners,blog,Hiring by Role,
https://testlify.com/how-to-hire-manicurists-and-pedicurists/,how-to-hire-manicurists-and-pedicurists,blog,Hiring by Role,
https://testlify.com/how-to-hire-manual-packers-and-packagers/,how-to-hire-manual-packers-and-packagers,blog,Hiring by Role,
https://testlify.com/how-to-hire-manufacturing-worker/,how-to-hire-manufacturing-worker,blog,Hiring by Role,
https://testlify.com/how-to-hire-painter/,how-to-hire-painter,blog,Hiring by Role,
https://testlify.com/how-to-hire-parking-attendants/,how-to-hire-parking-attendants,blog,Hiring by Role,
https://testlify.com/how-to-hire-restaurant-hospitality-staff/,how-to-hire-restaurant-hospitality-staff,blog,Hiring by Role,
https://testlify.com/how-to-hire-startup-web-app-development-company/,how-to-hire-startup-web-app-development-company,blog,Hiring by Role,
https://testlify.com/how-to-hire-the-best-devops-engineers/,how-to-hire-the-best-devops-engineers,blog,Hiring by Role,
https://testlify.com/how-to-hire-the-right-financial-analyst/,how-to-hire-the-right-financial-analyst,blog,Hiring by Role,
https://testlify.com/how-to-hire-top-talent-using-a-c-test/,how-to-hire-top-talent-using-a-c-test,blog,Hiring by Role,
https://testlify.com/how-to-hire-top-talent-using-a-it-test/,how-to-hire-top-talent-using-a-it-test,blog,Hiring by Role,
https://testlify.com/how-to-hire-top-talent-using-accounting-principles-test/,how-to-hire-top-talent-using-accounting-principles-test,blog,Hiring by Role,
https://testlify.com/how-to-hire-top-talent-using-analytical-ability-test/,how-to-hire-top-talent-using-analytical-ability-test,blog,Hiring by Role,
https://testlify.com/how-to-hire-top-talent-using-aptitude-assessment/,how-to-hire-top-talent-using-aptitude-assessment,blog,Hiring by Role,
https://testlify.com/how-to-hire-top-talent-using-big-five-personality-test/,how-to-hire-top-talent-using-big-five-personality-test,blog,Hiring by Role,
https://testlify.com/how-to-hire-top-talent-using-css-test/,how-to-hire-top-talent-using-css-test,blog,Hiring by Role,
https://testlify.com/how-to-hire-top-talent-using-deductive-reasoning-test/,how-to-hire-top-talent-using-deductive-reasoning-test,blog,Hiring by Role,
https://testlify.com/how-to-hire-top-talent-using-electrical-engineering-test/,how-to-hire-top-talent-using-electrical-engineering-test,blog,Hiring by Role,
https://testlify.com/how-to-hire-top-talent-using-electrician-test/,how-to-hire-top-talent-using-electrician-test,blog,Hiring by Role,
https://testlify.com/how-to-hire-top-talent-using-general-contractor-test/,how-to-hire-top-talent-using-general-contractor-test,blog,Hiring by Role,
https://testlify.com/how-to-hire-top-talent-using-git-test/,how-to-hire-top-talent-using-git-test,blog,Hiring by Role,
https://testlify.com/how-to-hire-top-talent-using-html-5-test/,how-to-hire-top-talent-using-html-5-test,blog,Hiring by Role,
https://testlify.com/how-to-hire-top-talent-using-management-test/,how-to-hire-top-talent-using-management-test,blog,Hiring by Role,
https://testlify.com/how-to-hire-top-talent-using-millwright-test/,how-to-hire-top-talent-using-millwright-test,blog,Hiring by Role,
https://testlify.com/how-to-hire-top-talent-using-postgresql-test/,how-to-hire-top-talent-using-postgresql-test,blog,Hiring by Role,
https://testlify.com/how-to-hire-top-talent-using-project-manager-test/,how-to-hire-top-talent-using-project-manager-test,blog,Hiring by Role,
https://testlify.com/how-to-hire-top-talent-using-qa-test/,how-to-hire-top-talent-using-qa-test,blog,Hiring by Role,
https://testlify.com/how-to-hire-top-talent-using-resilience-test/,how-to-hire-top-talent-using-resilience-test,blog,Hiring by Role,
https://testlify.com/how-to-hire-top-talent-using-sales-test/,how-to-hire-top-talent-using-sales-test,blog,Hiring by Role,
https://testlify.com/how-to-hire-top-talent-using-scrum-master-test/,how-to-hire-top-talent-using-scrum-master-test,blog,Hiring by Role,
https://testlify.com/how-to-hire-top-talent-using-sql-test/,how-to-hire-top-talent-using-sql-test,blog,Hiring by Role,
https://testlify.com/how-to-hire-top-talent-using-technical-interview-questions/,how-to-hire-top-talent-using-technical-interview-questions,blog,Interview Questions (by role),
https://testlify.com/how-to-hire-waiter/,how-to-hire-waiter,blog,Hiring by Role,
https://testlify.com/how-to-identify-a-bad-hire/,how-to-identify-a-bad-hire,blog,Recruiting & Talent Acquisition,General Hiring
https://testlify.com/how-to-identify-key-positions-for-succession-planning/,how-to-identify-key-positions-for-succession-planning,blog,HR Operations & Compliance,Workforce & Succession Planning
https://testlify.com/how-to-identify-your-workforce-needs/,how-to-identify-your-workforce-needs,blog,Employee Experience & Development,Employee general
https://testlify.com/how-to-implement-a-learning-management-system-successfully/,how-to-implement-a-learning-management-system-successfully,blog,Recruiting & Talent Acquisition,General Talent/Team-building
https://testlify.com/how-to-implement-a-strategic-human-resource-plan/,how-to-implement-a-strategic-human-resource-plan,blog,Recruiting & Talent Acquisition,Sourcing & Candidate Pool
https://testlify.com/how-to-implement-a-succession-planning-plan/,how-to-implement-a-succession-planning-plan,blog,HR Operations & Compliance,Workforce & Succession Planning
https://testlify.com/how-to-implement-a-workforce-plan/,how-to-implement-a-workforce-plan,blog,Employee Experience & Development,Employee general
https://testlify.com/how-to-implement-effective-flexible-work-arrangements/,how-to-implement-effective-flexible-work-arrangements,blog,Unclustered / Other,
https://testlify.com/how-to-implement-fair-and-effective-employment-testing/,how-to-implement-fair-and-effective-employment-testing,blog,Assessments & Testing,Assessment general
https://testlify.com/how-to-implement-organizational-development-successfully/,how-to-implement-organizational-development-successfully,blog,Unclustered / Other,
https://testlify.com/how-to-implement-skills-based-hiring-in-your-organization/,how-to-implement-skills-based-hiring-in-your-organization,blog,Skills Management,
https://testlify.com/how-to-improve-job-satisfaction-for-your-employees/,how-to-improve-job-satisfaction-for-your-employees,blog,Employee Experience & Development,Engagement & Retention
https://testlify.com/how-to-improve-quality-of-hire/,how-to-improve-quality-of-hire,blog,Recruiting & Talent Acquisition,General Hiring
https://testlify.com/how-to-improve-the-workplace-culture/,how-to-improve-the-workplace-culture,blog,"Workplace, Culture & Future of Work",Culture & Trends
https://testlify.com/how-to-improve-work-life-balance/,how-to-improve-work-life-balance,blog,Unclustered / Other,
https://testlify.com/how-to-incorporate-accounting-principles-test-into-your-recruitment-strategy/,how-to-incorporate-accounting-principles-test-into-your-recruitment-strategy,blog,Assessments & Testing,Assessment general
https://testlify.com/how-to-incorporate-analytical-ability-test-into-your-recruitment-strategy/,how-to-incorporate-analytical-ability-test-into-your-recruitment-strategy,blog,Assessments & Testing,Assessment general
https://testlify.com/how-to-incorporate-big-five-personality-test-into-your-recruitment-strategy/,how-to-incorporate-big-five-personality-test-into-your-recruitment-strategy,blog,Assessments & Testing,Personality & Psychometric
https://testlify.com/how-to-incorporate-deductive-reasoning-test-into-your-recruitment-strategy/,how-to-incorporate-deductive-reasoning-test-into-your-recruitment-strategy,blog,Assessments & Testing,Assessment general
https://testlify.com/how-to-incorporate-electrical-engineering-test-into-your-recruitment-strategy/,how-to-incorporate-electrical-engineering-test-into-your-recruitment-strategy,blog,Assessments & Testing,Assessment general
https://testlify.com/how-to-incorporate-electrician-test-into-your-recruitment-strategy/,how-to-incorporate-electrician-test-into-your-recruitment-strategy,blog,Assessments & Testing,Assessment general
https://testlify.com/how-to-incorporate-general-contractor-test-into-your-recruitment-strategy/,how-to-incorporate-general-contractor-test-into-your-recruitment-strategy,blog,Assessments & Testing,Assessment general
https://testlify.com/how-to-incorporate-git-test-into-your-recruitment-strategy/,how-to-incorporate-git-test-into-your-recruitment-strategy,blog,Assessments & Testing,Assessment general
https://testlify.com/how-to-incorporate-management-test-into-your-recruitment-strategy/,how-to-incorporate-management-test-into-your-recruitment-strategy,blog,Assessments & Testing,Assessment general
https://testlify.com/how-to-incorporate-millwright-test-into-your-recruitment-strategy/,how-to-incorporate-millwright-test-into-your-recruitment-strategy,blog,Assessments & Testing,Assessment general
https://testlify.com/how-to-incorporate-postgresql-test-into-your-recruitment-strategy/,how-to-incorporate-postgresql-test-into-your-recruitment-strategy,blog,Assessments & Testing,Assessment general
https://testlify.com/how-to-incorporate-project-manager-test-into-your-recruitment-strategy/,how-to-incorporate-project-manager-test-into-your-recruitment-strategy,blog,Assessments & Testing,Assessment general
https://testlify.com/how-to-incorporate-qa-test-into-your-recruitment-strategy/,how-to-incorporate-qa-test-into-your-recruitment-strategy,blog,Assessments & Testing,Assessment general
https://testlify.com/how-to-incorporate-resilience-test-into-your-recruitment-strategy/,how-to-incorporate-resilience-test-into-your-recruitment-strategy,blog,Assessments & Testing,Assessment general
https://testlify.com/how-to-incorporate-sales-test-into-your-recruitment-strategy/,how-to-incorporate-sales-test-into-your-recruitment-strategy,blog,Assessments & Testing,Assessment general
https://testlify.com/how-to-incorporate-scrum-master-test-into-your-recruitment-strategy/,how-to-incorporate-scrum-master-test-into-your-recruitment-strategy,blog,Assessments & Testing,Assessment general
https://testlify.com/how-to-incorporate-sql-test-into-your-recruitment-strategy/,how-to-incorporate-sql-test-into-your-recruitment-strategy,blog,Assessments & Testing,Assessment general
https://testlify.com/how-to-incorporate-technical-interview-questions-into-your-recruitment-strategy/,how-to-incorporate-technical-interview-questions-into-your-recruitment-strategy,blog,Interview Questions (by role),
https://testlify.com/how-to-integrate-cognitive-ability-tests-into-your-hiring-process/,how-to-integrate-cognitive-ability-tests-into-your-hiring-process,blog,Assessments & Testing,Aptitude & Cognitive
https://testlify.com/how-to-integrate-personality-tests-into-your-workflow/,how-to-integrate-personality-tests-into-your-workflow,blog,Assessments & Testing,Personality & Psychometric
https://testlify.com/how-to-integrate-problem-solving-and-critical-thinking-in-programming-tests/,how-to-integrate-problem-solving-and-critical-thinking-in-programming-tests,blog,Assessments & Testing,Assessment general
https://testlify.com/how-to-integrate-technical-assessments-into-your-recruiting-process/,how-to-integrate-technical-assessments-into-your-recruiting-process,blog,Assessments & Testing,Assessment general
https://testlify.com/how-to-interpret-technical-assessment-results/,how-to-interpret-technical-assessment-results,blog,Assessments & Testing,Assessment general
https://testlify.com/how-to-interpret-the-results-of-a-disc-personality-test/,how-to-interpret-the-results-of-a-disc-personality-test,blog,Assessments & Testing,Personality & Psychometric
https://testlify.com/how-to-interpret-the-results-of-an-emotional-intelligence-test/,how-to-interpret-the-results-of-an-emotional-intelligence-test,blog,Assessments & Testing,Assessment general
https://testlify.com/how-to-interpret-the-results-of-personality-tests/,how-to-interpret-the-results-of-personality-tests,blog,Assessments & Testing,Personality & Psychometric
https://testlify.com/how-to-keep-lateral-hires-engaged-and-thriving/,how-to-keep-lateral-hires-engaged-and-thriving,blog,Recruiting & Talent Acquisition,General Hiring
https://testlify.com/how-to-make-blue-collar-salary-and-benefits-offers/,how-to-make-blue-collar-salary-and-benefits-offers,blog,HR Operations & Compliance,Compensation & Benefits
https://testlify.com/how-to-make-hiring-process-transparent-and-fair/,how-to-make-hiring-process-transparent-and-fair,blog,Recruiting & Talent Acquisition,Recruitment Process & Strategy
https://testlify.com/how-to-manage-a-remote-team/,how-to-manage-a-remote-team,blog,"Workplace, Culture & Future of Work",Remote & Hybrid
https://testlify.com/how-to-manage-compensation-and-benefits-costs/,how-to-manage-compensation-and-benefits-costs,blog,HR Operations & Compliance,Compensation & Benefits
https://testlify.com/how-to-manage-the-hiring-process/,how-to-manage-the-hiring-process,blog,Recruiting & Talent Acquisition,Recruitment Process & Strategy
https://testlify.com/how-to-manage-the-sourcing-process/,how-to-manage-the-sourcing-process,blog,Recruiting & Talent Acquisition,Sourcing & Candidate Pool
https://testlify.com/how-to-manage-the-staffing-process/,how-to-manage-the-staffing-process,blog,Employee Experience & Development,Employee general
https://testlify.com/how-to-manage-workplace-conflicts-with-professionalism/,how-to-manage-workplace-conflicts-with-professionalism,blog,"Workplace, Culture & Future of Work",Culture & Trends
https://testlify.com/how-to-manage-workplace-diversity/,how-to-manage-workplace-diversity,blog,"Workplace, Culture & Future of Work",DEI
https://testlify.com/how-to-master-effective-candidate-sourcing/,how-to-master-effective-candidate-sourcing,blog,Recruiting & Talent Acquisition,Sourcing & Candidate Pool
https://testlify.com/how-to-master-virtual-hiring-like-a-pro/,how-to-master-virtual-hiring-like-a-pro,blog,Recruiting & Talent Acquisition,General Hiring
https://testlify.com/how-to-maximize-engagement-with-recruitment-tools/,how-to-maximize-engagement-with-recruitment-tools,blog,Recruiting & Talent Acquisition,Recruitment Process & Strategy
https://testlify.com/how-to-measure-and-improve-blue-collar-worker-productivity-and-engagement/,how-to-measure-and-improve-blue-collar-worker-productivity-and-engagement,blog,Employee Experience & Development,Engagement & Retention
https://testlify.com/how-to-measure-and-improve-employee-experience/,how-to-measure-and-improve-employee-experience,blog,Employee Experience & Development,Engagement & Retention
https://testlify.com/how-to-measure-roi-of-talent-management-initiatives/,how-to-measure-roi-of-talent-management-initiatives,blog,Recruiting & Talent Acquisition,General Talent/Team-building
https://testlify.com/how-to-measure-the-impact-of-your-lateral-hiring-program/,how-to-measure-the-impact-of-your-lateral-hiring-program,blog,Recruiting & Talent Acquisition,General Hiring
https://testlify.com/how-to-measure-the-success-of-a-succession-planning-plan/,how-to-measure-the-success-of-a-succession-planning-plan,blog,HR Operations & Compliance,Workforce & Succession Planning
https://testlify.com/how-to-measure-the-success-of-a-workforce-plan/,how-to-measure-the-success-of-a-workforce-plan,blog,Employee Experience & Development,Employee general
https://testlify.com/how-to-measure-the-success-of-new-hire-orientations/,how-to-measure-the-success-of-new-hire-orientations,blog,Recruiting & Talent Acquisition,General Hiring
https://testlify.com/how-to-measure-the-success-of-organizational-development/,how-to-measure-the-success-of-organizational-development,blog,Unclustered / Other,
https://testlify.com/how-to-measure-the-success-of-performance-management/,how-to-measure-the-success-of-performance-management,blog,Employee Experience & Development,Performance & L&D
https://testlify.com/how-to-measure-the-success-of-sourcing/,how-to-measure-the-success-of-sourcing,blog,Recruiting & Talent Acquisition,Sourcing & Candidate Pool
https://testlify.com/how-to-measure-the-success-of-staffing/,how-to-measure-the-success-of-staffing,blog,Employee Experience & Development,Employee general
https://testlify.com/how-to-measure-the-success-of-your-talent-management-strategy/,how-to-measure-the-success-of-your-talent-management-strategy,blog,Recruiting & Talent Acquisition,General Talent/Team-building
https://testlify.com/how-to-measure-work-life-balance/,how-to-measure-work-life-balance,blog,Unclustered / Other,
https://testlify.com/how-to-measure-workplace-culture/,how-to-measure-workplace-culture,blog,"Workplace, Culture & Future of Work",Culture & Trends
https://testlify.com/how-to-onboard-and-train-blue-collar-workers/,how-to-onboard-and-train-blue-collar-workers,blog,Employee Experience & Development,Onboarding
https://testlify.com/how-to-onboard-new-employees-effectively/,how-to-onboard-new-employees-effectively,blog,Employee Experience & Development,Onboarding
https://testlify.com/how-to-onboard-new-employees/,how-to-onboard-new-employees,blog,Employee Experience & Development,Onboarding
https://testlify.com/how-to-open-llc-for-hr-agency/,how-to-open-llc-for-hr-agency,blog,Unclustered / Other,
https://testlify.com/how-to-optimize-core-hr-processes-for-a-good-employee-experience/,how-to-optimize-core-hr-processes-for-a-good-employee-experience,blog,Employee Experience & Development,Engagement & Retention
https://testlify.com/how-to-overcome-campus-hiring-challenges/,how-to-overcome-campus-hiring-challenges,blog,Recruiting & Talent Acquisition,General Hiring
https://testlify.com/how-to-overcome-retention-challenges-in-hr/,how-to-overcome-retention-challenges-in-hr,blog,Employee Experience & Development,Engagement & Retention
https://testlify.com/how-to-prepare-candidates-for-technical-assessments/,how-to-prepare-candidates-for-technical-assessments,blog,Assessments & Testing,Assessment general
https://testlify.com/how-to-prevent-a-bad-hire/,how-to-prevent-a-bad-hire,blog,Recruiting & Talent Acquisition,General Hiring
https://testlify.com/how-to-prevent-cheating-in-online-interviews/,how-to-prevent-cheating-in-online-interviews,blog,Assessments & Testing,Proctoring & Integrity
https://testlify.com/how-to-promote-growth-opportunities-for-employees/,how-to-promote-growth-opportunities-for-employees,blog,Employee Experience & Development,Employee general
https://testlify.com/how-to-reach-and-recruit-top-talent/,how-to-reach-and-recruit-top-talent,blog,Recruiting & Talent Acquisition,Recruitment Process & Strategy
https://testlify.com/how-to-recover-from-a-bad-hire/,how-to-recover-from-a-bad-hire,blog,Recruiting & Talent Acquisition,General Hiring
https://testlify.com/how-to-recruit-an-intern-a-complete-guide/,how-to-recruit-an-intern-a-complete-guide,blog,Recruiting & Talent Acquisition,Recruitment Process & Strategy
https://testlify.com/how-to-reduce-the-time-to-hire/,how-to-reduce-the-time-to-hire,blog,Recruiting & Talent Acquisition,General Hiring
https://testlify.com/how-to-retain-top-employees/,how-to-retain-top-employees,blog,Employee Experience & Development,Employee general
https://testlify.com/how-to-retain-top-talent/,how-to-retain-top-talent,blog,Recruiting & Talent Acquisition,General Talent/Team-building
https://testlify.com/how-to-run-role-simulations/,how-to-run-role-simulations,blog,Unclustered / Other,
https://testlify.com/how-to-score-video-and-audio-interview-responses/,how-to-score-video-and-audio-interview-responses,blog,Recruiting & Talent Acquisition,Interviewing (process/skills)
https://testlify.com/how-to-screen-candidates-effectively/,how-to-screen-candidates-effectively,blog,Screening by Skill/Role,
https://testlify.com/how-to-screen-candidates-faster/,how-to-screen-candidates-faster,blog,Screening by Skill/Role,
https://testlify.com/how-to-screen-candidates-for-ai-developer/,how-to-screen-candidates-for-ai-developer,blog,Screening by Skill/Role,
https://testlify.com/how-to-screen-candidates-for-android-developer/,how-to-screen-candidates-for-android-developer,blog,Screening by Skill/Role,
https://testlify.com/how-to-screen-candidates-for-ar-developer-positions/,how-to-screen-candidates-for-ar-developer-positions,blog,Screening by Skill/Role,
https://testlify.com/how-to-screen-candidates-for-backend-developer/,how-to-screen-candidates-for-backend-developer,blog,Screening by Skill/Role,
https://testlify.com/how-to-screen-candidates-for-blockchain-developer/,how-to-screen-candidates-for-blockchain-developer,blog,Screening by Skill/Role,
https://testlify.com/how-to-screen-candidates-for-cloud-developers/,how-to-screen-candidates-for-cloud-developers,blog,Screening by Skill/Role,
https://testlify.com/how-to-screen-candidates-for-data-scientist/,how-to-screen-candidates-for-data-scientist,blog,Screening by Skill/Role,
https://testlify.com/how-to-screen-candidates-for-database-developer/,how-to-screen-candidates-for-database-developer,blog,Screening by Skill/Role,
https://testlify.com/how-to-screen-candidates-for-devops-engineer/,how-to-screen-candidates-for-devops-engineer,blog,Screening by Skill/Role,
https://testlify.com/how-to-screen-candidates-for-embedded-systems-developer/,how-to-screen-candidates-for-embedded-systems-developer,blog,Screening by Skill/Role,
https://testlify.com/how-to-screen-candidates-for-frontend-developer/,how-to-screen-candidates-for-frontend-developer,blog,Screening by Skill/Role,
https://testlify.com/how-to-screen-candidates-for-full-stack-developer/,how-to-screen-candidates-for-full-stack-developer,blog,Screening by Skill/Role,
https://testlify.com/how-to-screen-candidates-for-game-developer/,how-to-screen-candidates-for-game-developer,blog,Screening by Skill/Role,
https://testlify.com/how-to-screen-candidates-for-ios-developer/,how-to-screen-candidates-for-ios-developer,blog,Screening by Skill/Role,
https://testlify.com/how-to-screen-candidates-for-java-developer/,how-to-screen-candidates-for-java-developer,blog,Screening by Skill/Role,
https://testlify.com/how-to-screen-candidates-for-javascript-developer/,how-to-screen-candidates-for-javascript-developer,blog,Screening by Skill/Role,
https://testlify.com/how-to-screen-candidates-for-machine-learning-engineer/,how-to-screen-candidates-for-machine-learning-engineer,blog,Screening by Skill/Role,
https://testlify.com/how-to-screen-candidates-for-mobile-app-developer/,how-to-screen-candidates-for-mobile-app-developer,blog,Screening by Skill/Role,
https://testlify.com/how-to-screen-candidates-for-net-developer/,how-to-screen-candidates-for-net-developer,blog,Screening by Skill/Role,
https://testlify.com/how-to-screen-candidates-for-php-developers/,how-to-screen-candidates-for-php-developers,blog,Screening by Skill/Role,
https://testlify.com/how-to-screen-candidates-for-python-developer/,how-to-screen-candidates-for-python-developer,blog,Screening by Skill/Role,
https://testlify.com/how-to-screen-candidates-for-qa-tester/,how-to-screen-candidates-for-qa-tester,blog,Screening by Skill/Role,
https://testlify.com/how-to-screen-candidates-for-ruby-on-rails-developers/,how-to-screen-candidates-for-ruby-on-rails-developers,blog,Screening by Skill/Role,
https://testlify.com/how-to-screen-candidates-for-security-developer/,how-to-screen-candidates-for-security-developer,blog,Screening by Skill/Role,
https://testlify.com/how-to-screen-candidates-for-vr-developer-positions/,how-to-screen-candidates-for-vr-developer-positions,blog,Screening by Skill/Role,
https://testlify.com/how-to-screen-candidates-for-web-developer/,how-to-screen-candidates-for-web-developer,blog,Screening by Skill/Role,
https://testlify.com/how-to-screen-candidates-for-wordpress-developer/,how-to-screen-candidates-for-wordpress-developer,blog,Screening by Skill/Role,
https://testlify.com/how-to-set-up-lateral-hires-for-success-in-new-roles/,how-to-set-up-lateral-hires-for-success-in-new-roles,blog,Recruiting & Talent Acquisition,General Hiring
https://testlify.com/how-to-simplify-candidate-screening-with-a-resilience-test/,how-to-simplify-candidate-screening-with-a-resilience-test,blog,Screening by Skill/Role,
https://testlify.com/how-to-simplify-candidate-screening-with-accounting-principles-test/,how-to-simplify-candidate-screening-with-accounting-principles-test,blog,Screening by Skill/Role,
https://testlify.com/how-to-simplify-candidate-screening-with-analytical-ability-test/,how-to-simplify-candidate-screening-with-analytical-ability-test,blog,Screening by Skill/Role,
https://testlify.com/how-to-simplify-candidate-screening-with-aptitude-assessment/,how-to-simplify-candidate-screening-with-aptitude-assessment,blog,Screening by Skill/Role,
https://testlify.com/how-to-simplify-candidate-screening-with-big-five-personality-test/,how-to-simplify-candidate-screening-with-big-five-personality-test,blog,Screening by Skill/Role,
https://testlify.com/how-to-simplify-candidate-screening-with-css-test/,how-to-simplify-candidate-screening-with-css-test,blog,Screening by Skill/Role,
https://testlify.com/how-to-simplify-candidate-screening-with-deductive-reasoning-test/,how-to-simplify-candidate-screening-with-deductive-reasoning-test,blog,Screening by Skill/Role,
https://testlify.com/how-to-simplify-candidate-screening-with-electrical-engineering-test/,how-to-simplify-candidate-screening-with-electrical-engineering-test,blog,Screening by Skill/Role,
https://testlify.com/how-to-simplify-candidate-screening-with-electrician-test/,how-to-simplify-candidate-screening-with-electrician-test,blog,Screening by Skill/Role,
https://testlify.com/how-to-simplify-candidate-screening-with-git-test/,how-to-simplify-candidate-screening-with-git-test,blog,Screening by Skill/Role,
https://testlify.com/how-to-simplify-candidate-screening-with-management-test/,how-to-simplify-candidate-screening-with-management-test,blog,Screening by Skill/Role,
https://testlify.com/how-to-simplify-candidate-screening-with-millwright-test/,how-to-simplify-candidate-screening-with-millwright-test,blog,Screening by Skill/Role,
https://testlify.com/how-to-simplify-candidate-screening-with-postgresql-test/,how-to-simplify-candidate-screening-with-postgresql-test,blog,Screening by Skill/Role,
https://testlify.com/how-to-simplify-candidate-screening-with-project-manager-test/,how-to-simplify-candidate-screening-with-project-manager-test,blog,Screening by Skill/Role,
https://testlify.com/how-to-simplify-candidate-screening-with-qa-test/,how-to-simplify-candidate-screening-with-qa-test,blog,Screening by Skill/Role,
https://testlify.com/how-to-simplify-candidate-screening-with-resilence-test/,how-to-simplify-candidate-screening-with-resilence-test,blog,Screening by Skill/Role,
https://testlify.com/how-to-simplify-candidate-screening-with-sales-test/,how-to-simplify-candidate-screening-with-sales-test,blog,Screening by Skill/Role,
https://testlify.com/how-to-simplify-candidate-screening-with-scrum-master-test/,how-to-simplify-candidate-screening-with-scrum-master-test,blog,Screening by Skill/Role,
https://testlify.com/how-to-simplify-candidate-screening-with-sql-test/,how-to-simplify-candidate-screening-with-sql-test,blog,Screening by Skill/Role,
https://testlify.com/how-to-simplify-candidate-screening-with-technical-interview-questions/,how-to-simplify-candidate-screening-with-technical-interview-questions,blog,Interview Questions (by role),
https://testlify.com/how-to-source-candidates-for-hard-to-fill-roles/,how-to-source-candidates-for-hard-to-fill-roles,blog,Recruiting & Talent Acquisition,Sourcing & Candidate Pool
https://testlify.com/how-to-source-candidates-for-your-talent-pool/,how-to-source-candidates-for-your-talent-pool,blog,Recruiting & Talent Acquisition,Sourcing & Candidate Pool
https://testlify.com/how-to-start-an-hr-business-step-by-step/,how-to-start-an-hr-business-step-by-step,blog,Unclustered / Other,
https://testlify.com/how-to-stay-connected-with-top-talent-when-not-hiring/,how-to-stay-connected-with-top-talent-when-not-hiring,blog,Recruiting & Talent Acquisition,General Hiring
https://testlify.com/how-to-stay-up-to-date-on-hr-trends/,how-to-stay-up-to-date-on-hr-trends,blog,"Workplace, Culture & Future of Work",Culture & Trends
https://testlify.com/how-to-streamline-hiring-process-digitally/,how-to-streamline-hiring-process-digitally,blog,Recruiting & Talent Acquisition,Recruitment Process & Strategy
https://testlify.com/how-to-streamline-hr-administration-with-core-hr-tools/,how-to-streamline-hr-administration-with-core-hr-tools,blog,Unclustered / Other,
https://testlify.com/how-to-streamline-recruitment-with-hiring-assessments/,how-to-streamline-recruitment-with-hiring-assessments,blog,Assessments & Testing,Assessment general
https://testlify.com/how-to-streamline-screening-and-selection/,how-to-streamline-screening-and-selection,blog,Screening by Skill/Role,
https://testlify.com/how-to-streamline-the-interview-process-with-ai/,how-to-streamline-the-interview-process-with-ai,blog,Recruiting & Talent Acquisition,Interviewing (process/skills)
https://testlify.com/how-to-tailor-excel-assessments-to-your-company-needs/,how-to-tailor-excel-assessments-to-your-company-needs,blog,Assessments & Testing,Assessment general
https://testlify.com/how-to-use-ai-and-ats-for-efficient-lateral-hiring/,how-to-use-ai-and-ats-for-efficient-lateral-hiring,blog,Recruiting & Talent Acquisition,Recruitment Process & Strategy
https://testlify.com/how-to-use-ai-for-bias-free-candidate-screening/,how-to-use-ai-for-bias-free-candidate-screening,blog,"Workplace, Culture & Future of Work",DEI
https://testlify.com/how-to-use-ai-in-recruiting/,how-to-use-ai-in-recruiting,blog,Recruiting & Talent Acquisition,Recruitment Process & Strategy
https://testlify.com/how-to-use-analytics-to-refine-cognitive-reasoning/,how-to-use-analytics-to-refine-cognitive-reasoning,blog,Assessments & Testing,Aptitude & Cognitive
https://testlify.com/how-to-use-assessment-tools-for-hiring-process/,how-to-use-assessment-tools-for-hiring-process,blog,Assessments & Testing,Assessment general
https://testlify.com/how-to-use-coding-assessments-for-remote-roles/,how-to-use-coding-assessments-for-remote-roles,blog,Assessments & Testing,Assessment general
https://testlify.com/how-to-use-coding-assessments-to-hire-the-right-talent/,how-to-use-coding-assessments-to-hire-the-right-talent,blog,Assessments & Testing,Assessment general
https://testlify.com/how-to-use-cognitive-ability-test-results-for-better-hiring/,how-to-use-cognitive-ability-test-results-for-better-hiring,blog,Assessments & Testing,Aptitude & Cognitive
https://testlify.com/how-to-use-data-to-drive-talent-management-decisions/,how-to-use-data-to-drive-talent-management-decisions,blog,Recruiting & Talent Acquisition,General Talent/Team-building
https://testlify.com/how-to-use-data-to-identify-and-address-job-satisfaction-issues/,how-to-use-data-to-identify-and-address-job-satisfaction-issues,blog,Employee Experience & Development,Engagement & Retention
https://testlify.com/how-to-use-employee-engagement-data-to-improve-workplace/,how-to-use-employee-engagement-data-to-improve-workplace,blog,Employee Experience & Development,Engagement & Retention
https://testlify.com/how-to-use-excel-assessments-to-test-collaboration/,how-to-use-excel-assessments-to-test-collaboration,blog,Assessments & Testing,Assessment general
https://testlify.com/how-to-use-hrms-to-assess-and-hire-top-talent/,how-to-use-hrms-to-assess-and-hire-top-talent,blog,HR Operations & Compliance,HR general / HRM
https://testlify.com/how-to-use-hrms-to-improve-employee-engagement/,how-to-use-hrms-to-improve-employee-engagement,blog,HR Operations & Compliance,HR general / HRM
https://testlify.com/how-to-use-interview-strategies-to-complement-culture-fit-assessments/,how-to-use-interview-strategies-to-complement-culture-fit-assessments,blog,Assessments & Testing,Assessment general
https://testlify.com/how-to-use-job-search-sites-for-optimizing-recruitment-strategy/,how-to-use-job-search-sites-for-optimizing-recruitment-strategy,blog,Recruiting & Talent Acquisition,Recruitment Process & Strategy
https://testlify.com/how-to-use-nlp-test-to-screen-job-applicants/,how-to-use-nlp-test-to-screen-job-applicants,blog,Screening by Skill/Role,
https://testlify.com/how-to-use-personality-test-for-employee-retention/,how-to-use-personality-test-for-employee-retention,blog,Assessments & Testing,Personality & Psychometric
https://testlify.com/how-to-use-psychometric-tests-and-skill-tests-together/,how-to-use-psychometric-tests-and-skill-tests-together,blog,Skills Tests & Evaluation (by skill),
https://testlify.com/how-to-use-psychometric-tests-to-improve-employee-performance/,how-to-use-psychometric-tests-to-improve-employee-performance,blog,Assessments & Testing,Personality & Psychometric
https://testlify.com/how-to-use-psychometric-tests-to-predict-job-performance/,how-to-use-psychometric-tests-to-predict-job-performance,blog,Assessments & Testing,Personality & Psychometric
https://testlify.com/how-to-use-psychometric-tests-to-reduce-employee-turnover/,how-to-use-psychometric-tests-to-reduce-employee-turnover,blog,Assessments & Testing,Personality & Psychometric
https://testlify.com/how-to-use-recruitment-tech-to-source-top-talent/,how-to-use-recruitment-tech-to-source-top-talent,blog,Recruiting & Talent Acquisition,Sourcing & Candidate Pool
https://testlify.com/how-to-use-recruitment-technology-to-improve-your-hiring-process/,how-to-use-recruitment-technology-to-improve-your-hiring-process,blog,Recruiting & Talent Acquisition,Recruitment Process & Strategy
https://testlify.com/how-to-use-sales-aptitude-tests-to-hire-the-best-salespeople/,how-to-use-sales-aptitude-tests-to-hire-the-best-salespeople,blog,Assessments & Testing,Aptitude & Cognitive
https://testlify.com/how-to-use-seo-for-better-job-advertising/,how-to-use-seo-for-better-job-advertising,blog,Unclustered / Other,
https://testlify.com/how-to-use-skills-assessment-for-executive-roles/,how-to-use-skills-assessment-for-executive-roles,blog,Skills Tests & Evaluation (by skill),
https://testlify.com/how-to-use-skills-assessment-to-find-candidates/,how-to-use-skills-assessment-to-find-candidates,blog,Skills Tests & Evaluation (by skill),
https://testlify.com/how-to-use-skills-assessment-to-reduce-bias-in-hiring/,how-to-use-skills-assessment-to-reduce-bias-in-hiring,blog,Skills Tests & Evaluation (by skill),
https://testlify.com/how-to-use-social-media-as-a-recruiting-tool/,how-to-use-social-media-as-a-recruiting-tool,blog,Recruiting & Talent Acquisition,Recruitment Process & Strategy
https://testlify.com/how-to-use-social-media-for-recruiting/,how-to-use-social-media-for-recruiting,blog,Recruiting & Talent Acquisition,Recruitment Process & Strategy
https://testlify.com/how-to-use-talent-assessment-to-improve-employee-performance/,how-to-use-talent-assessment-to-improve-employee-performance,blog,Assessments & Testing,Assessment general
https://testlify.com/how-to-use-talent-pool-to-improve-your-business-performance/,how-to-use-talent-pool-to-improve-your-business-performance,blog,Recruiting & Talent Acquisition,Sourcing & Candidate Pool
https://testlify.com/how-to-use-talent-pool-to-improve-your-company-culture/,how-to-use-talent-pool-to-improve-your-company-culture,blog,Recruiting & Talent Acquisition,Sourcing & Candidate Pool
https://testlify.com/how-to-use-talent-pool-to-improve-your-employee-retention/,how-to-use-talent-pool-to-improve-your-employee-retention,blog,Recruiting & Talent Acquisition,Sourcing & Candidate Pool
https://testlify.com/how-to-use-technology-to-improve-workplace-culture/,how-to-use-technology-to-improve-workplace-culture,blog,"Workplace, Culture & Future of Work",Culture & Trends
https://testlify.com/how-to-use-technology-to-manage-your-talent-pool/,how-to-use-technology-to-manage-your-talent-pool,blog,Recruiting & Talent Acquisition,Sourcing & Candidate Pool
https://testlify.com/how-to-use-technology-to-support-skills-based-hiring/,how-to-use-technology-to-support-skills-based-hiring,blog,Skills Management,
https://testlify.com/how-to-use-technology-to-support-staffing/,how-to-use-technology-to-support-staffing,blog,Employee Experience & Development,Employee general
https://testlify.com/how-to-use-technology-to-support-succession-planning/,how-to-use-technology-to-support-succession-planning,blog,HR Operations & Compliance,Workforce & Succession Planning
https://testlify.com/how-to-use-technology-to-support-workforce-planning/,how-to-use-technology-to-support-workforce-planning,blog,HR Operations & Compliance,Workforce & Succession Planning
https://testlify.com/how-to-use-typing-tests-to-assess-job-candidates/,how-to-use-typing-tests-to-assess-job-candidates,blog,Assessments & Testing,Assessment general
https://testlify.com/how-to-use-video-and-audio-interviews-to-assess-candidates/,how-to-use-video-and-audio-interviews-to-assess-candidates,blog,Recruiting & Talent Acquisition,Interviewing (process/skills)
https://testlify.com/how-to-use-workplace-culture-to-improve-employee-productivity/,how-to-use-workplace-culture-to-improve-employee-productivity,blog,Employee Experience & Development,Employee general
https://testlify.com/how-to-use-workplace-culture-to-retain-top-talents/,how-to-use-workplace-culture-to-retain-top-talents,blog,"Workplace, Culture & Future of Work",Culture & Trends
https://testlify.com/how-top-companies-use-culture-fit-assessments-to-build-winning-teams/,how-top-companies-use-culture-fit-assessments-to-build-winning-teams,blog,Assessments & Testing,Assessment general
https://testlify.com/how-will-workforce-planning-shape-the-future-of-work/,how-will-workforce-planning-shape-the-future-of-work,blog,HR Operations & Compliance,Workforce & Succession Planning
https://testlify.com/how-workplace-tools-impact-employee-experience/,how-workplace-tools-impact-employee-experience,blog,Employee Experience & Development,Engagement & Retention
https://testlify.com/hr-accommodate-candidates-with-disabilities-in-skills-assessments/,hr-accommodate-candidates-with-disabilities-in-skills-assessments,blog,Skills Tests & Evaluation (by skill),
https://testlify.com/hr-automation/,hr-automation,blog,HR Operations & Compliance,HR general / HRM
https://testlify.com/hr-benchmarking/,hr-benchmarking,blog,HR Operations & Compliance,HR general / HRM
https://testlify.com/hr-budget/,hr-budget,blog,HR Operations & Compliance,HR general / HRM
https://testlify.com/hr-checklist/,hr-checklist,blog,HR Operations & Compliance,HR general / HRM
https://testlify.com/hr-communication-email-templates-for-hiring-managers/,hr-communication-email-templates-for-hiring-managers,blog,HR Operations & Compliance,HR general / HRM
https://testlify.com/hr-communities-recruiters-should-join/,hr-communities-recruiters-should-join,blog,Recruiting & Talent Acquisition,Recruitment Process & Strategy
https://testlify.com/hr-consider-using-cross-cultural-competency-assessments-in-pre-hiring/,hr-consider-using-cross-cultural-competency-assessments-in-pre-hiring,blog,Assessments & Testing,Assessment general
https://testlify.com/hr-consider-using-peer-interviews-in-pre-hiring-assessments/,hr-consider-using-peer-interviews-in-pre-hiring-assessments,blog,Assessments & Testing,Assessment general
https://testlify.com/hr-consider-using-peer-reviews-in-pre-hiring-evaluations/,hr-consider-using-peer-reviews-in-pre-hiring-evaluations,blog,HR Operations & Compliance,HR general / HRM
https://testlify.com/hr-consider-using-third-party-vendors-for-pre-hiring-assessments/,hr-consider-using-third-party-vendors-for-pre-hiring-assessments,blog,Assessments & Testing,Assessment general
https://testlify.com/hr-coordinator-interview-questions-to-ask-job-applicants/,hr-coordinator-interview-questions-to-ask-job-applicants,blog,Interview Questions (by role),
https://testlify.com/hr-digital-transformation/,hr-digital-transformation,blog,HR Operations & Compliance,HR general / HRM
https://testlify.com/hr-ensure-pre-hiring-assessments-comply-with-regulations/,hr-ensure-pre-hiring-assessments-comply-with-regulations,blog,Assessments & Testing,Assessment general
https://testlify.com/hr-functions/,hr-functions,blog,HR Operations & Compliance,HR general / HRM
https://testlify.com/hr-goals-and-objectives/,hr-goals-and-objectives,blog,HR Operations & Compliance,HR general / HRM
https://testlify.com/hr-hiring-cycle/,hr-hiring-cycle,blog,HR Operations & Compliance,HR general / HRM
https://testlify.com/hr-holiday-calendar/,hr-holiday-calendar,blog,HR Operations & Compliance,HR general / HRM
https://testlify.com/hr-in-the-higher-education-industry/,hr-in-the-higher-education-industry,blog,HR Operations & Compliance,HR general / HRM
https://testlify.com/hr-industry-trends/,hr-industry-trends,blog,HR Operations & Compliance,HR general / HRM
https://testlify.com/hr-initiatives/,hr-initiatives,blog,HR Operations & Compliance,HR general / HRM
https://testlify.com/hr-innovation/,hr-innovation,blog,HR Operations & Compliance,HR general / HRM
https://testlify.com/hr-intern-first-job-interview-tips/,hr-intern-first-job-interview-tips,blog,Recruiting & Talent Acquisition,Interviewing (process/skills)
https://testlify.com/hr-issues/,hr-issues,blog,HR Operations & Compliance,HR general / HRM
https://testlify.com/hr-kpis/,hr-kpis,blog,HR Operations & Compliance,HR general / HRM
https://testlify.com/hr-layoff-communication-strategies/,hr-layoff-communication-strategies,blog,HR Operations & Compliance,HR general / HRM
https://testlify.com/hr-manager-interview-questions-to-ask-job-applicants/,hr-manager-interview-questions-to-ask-job-applicants,blog,Interview Questions (by role),
https://testlify.com/hr-model/,hr-model,blog,HR Operations & Compliance,HR general / HRM
https://testlify.com/hr-priorities/,hr-priorities,blog,HR Operations & Compliance,HR general / HRM
https://testlify.com/hr-programs/,hr-programs,blog,HR Operations & Compliance,HR general / HRM
https://testlify.com/hr-recruitment-guide-for-perfect-employees/,hr-recruitment-guide-for-perfect-employees,blog,Recruiting & Talent Acquisition,Recruitment Process & Strategy
https://testlify.com/hr-reporting/,hr-reporting,blog,HR Operations & Compliance,HR general / HRM
https://testlify.com/hr-roadmap/,hr-roadmap,blog,HR Operations & Compliance,HR general / HRM
https://testlify.com/hr-skills/,hr-skills,blog,HR Operations & Compliance,HR general / HRM
https://testlify.com/hr-solutions-for-remote-work/,hr-solutions-for-remote-work,blog,HR Operations & Compliance,HR general / HRM
https://testlify.com/hr-solutions-for-small-businesses/,hr-solutions-for-small-businesses,blog,HR Operations & Compliance,HR general / HRM
https://testlify.com/hr-sops/,hr-sops,blog,HR Operations & Compliance,HR general / HRM
https://testlify.com/hr-statutory-compliance/,hr-statutory-compliance,blog,HR Operations & Compliance,Policies & Compliance
https://testlify.com/hr-strategies-to-attract-top-talent/,hr-strategies-to-attract-top-talent,blog,HR Operations & Compliance,HR general / HRM
https://testlify.com/hr-sustainability-initiatives/,hr-sustainability-initiatives,blog,HR Operations & Compliance,HR general / HRM
https://testlify.com/hr-teams-using-visual-storytelling-to-attract-talent/,hr-teams-using-visual-storytelling-to-attract-talent,blog,HR Operations & Compliance,HR general / HRM
https://testlify.com/hr-tips-for-successful-offer-management/,hr-tips-for-successful-offer-management,blog,HR Operations & Compliance,HR general / HRM
https://testlify.com/hr-toolkit-compliance-calender-templates/,hr-toolkit-compliance-calender-templates,blog,HR Operations & Compliance,Policies & Compliance
https://testlify.com/hr-toolkit-roi/,hr-toolkit-roi,blog,HR Operations & Compliance,HR general / HRM
https://testlify.com/hr-toolkit/,hr-toolkit,blog,HR Operations & Compliance,HR general / HRM
https://testlify.com/hr-training-strategies-to-stop-recruitment-fraud/,hr-training-strategies-to-stop-recruitment-fraud,blog,Assessments & Testing,Proctoring & Integrity
https://testlify.com/hr-trends-in-higher-education/,hr-trends-in-higher-education,blog,HR Operations & Compliance,HR general / HRM
https://testlify.com/hr-workplace/,hr-workplace,blog,HR Operations & Compliance,HR general / HRM
https://testlify.com/hris-analyst-interview-questions-to-ask-job-applicants/,hris-analyst-interview-questions-to-ask-job-applicants,blog,Interview Questions (by role),
https://testlify.com/hrs-role-in-recognizing-future-proof-degrees/,hrs-role-in-recognizing-future-proof-degrees,blog,Unclustered / Other,
https://testlify.com/human-capital-analytics/,human-capital-analytics,blog,Unclustered / Other,
https://testlify.com/human-proctoring-vs-ai-proctoring/,human-proctoring-vs-ai-proctoring,blog,Assessments & Testing,Proctoring & Integrity
https://testlify.com/human-proctors-with-ai-alerts/,human-proctors-with-ai-alerts,blog,Assessments & Testing,Proctoring & Integrity
https://testlify.com/human-resource-development/,human-resource-development,blog,Recruiting & Talent Acquisition,Sourcing & Candidate Pool
https://testlify.com/human-resources-assistant-interview-questions-to-ask-job-applicants/,human-resources-assistant-interview-questions-to-ask-job-applicants,blog,Interview Questions (by role),
https://testlify.com/identify-and-address-fake-employment-references/,identify-and-address-fake-employment-references,blog,Unclustered / Other,
https://testlify.com/identify-and-assess-potential-leaders/,identify-and-assess-potential-leaders,blog,Recruiting & Talent Acquisition,General Talent/Team-building
https://testlify.com/identify-e-commerce-savvy-without-assessments/,identify-e-commerce-savvy-without-assessments,blog,Assessments & Testing,Assessment general
https://testlify.com/identify-top-talent-without-lengthy-interviews-with-skill-assessments/,identify-top-talent-without-lengthy-interviews-with-skill-assessments,blog,Skills Tests & Evaluation (by skill),
https://testlify.com/identifying-customer-centric-retail-leaders/,identifying-customer-centric-retail-leaders,blog,Recruiting & Talent Acquisition,General Talent/Team-building
https://testlify.com/identifying-red-flags-and-cultural-misfits-with-personality-tests/,identifying-red-flags-and-cultural-misfits-with-personality-tests,blog,Assessments & Testing,Personality & Psychometric
https://testlify.com/identifying-top-talent-with-writing-assessments/,identifying-top-talent-with-writing-assessments,blog,Assessments & Testing,Assessment general
https://testlify.com/illinois-employment-and-labor-laws/,illinois-employment-and-labor-laws,blog,HR Operations & Compliance,Policies & Compliance
https://testlify.com/image-personality-test/,image-personality-test,blog,Assessments & Testing,Personality & Psychometric
https://testlify.com/imocha-alternatives/,imocha-alternatives,blog,Competitor Alternatives & Comparisons,
https://testlify.com/impact-cultural-test-have-on-team-dynamics/,impact-cultural-test-have-on-team-dynamics,blog,Assessments & Testing,Assessment general
https://testlify.com/impact-of-globalization-on-hr-practices/,impact-of-globalization-on-hr-practices,blog,Unclustered / Other,
https://testlify.com/implement-a-performance-management-system/,implement-a-performance-management-system,blog,Employee Experience & Development,Performance & L&D
https://testlify.com/implement-a-successful-workplace-wellness-program/,implement-a-successful-workplace-wellness-program,blog,"Workplace, Culture & Future of Work",Culture & Trends
https://testlify.com/implement-effective-employee-retention-programs/,implement-effective-employee-retention-programs,blog,Employee Experience & Development,Engagement & Retention
https://testlify.com/implement-effective-employee-satisfaction-surveys/,implement-effective-employee-satisfaction-surveys,blog,Employee Experience & Development,Engagement & Retention
https://testlify.com/implement-effective-hr-practices-for-small-and-medium-sized-enterprises/,implement-effective-hr-practices-for-small-and-medium-sized-enterprises,blog,Unclustered / Other,
https://testlify.com/implement-effective-hr-strategies-for-talent-retention/,implement-effective-hr-strategies-for-talent-retention,blog,Employee Experience & Development,Engagement & Retention
https://testlify.com/implement-effective-hr-technology-solutions-for-automation/,implement-effective-hr-technology-solutions-for-automation,blog,HR Operations & Compliance,HR general / HRM
https://testlify.com/implement-flexible-work-policies-for-employee-satisfaction/,implement-flexible-work-policies-for-employee-satisfaction,blog,Employee Experience & Development,Engagement & Retention
https://testlify.com/implementing-performance-management-system-in-smbs/,implementing-performance-management-system-in-smbs,blog,Employee Experience & Development,Performance & L&D
https://testlify.com/implementing-performance-management-system-in-startup/,implementing-performance-management-system-in-startup,blog,Employee Experience & Development,Performance & L&D
https://testlify.com/implicit-vs-explicit-bias/,implicit-vs-explicit-bias,blog,Competitor Alternatives & Comparisons,
https://testlify.com/importance-of-accountability-skills-for-responsible-work-performance/,importance-of-accountability-skills-for-responsible-work-performance,blog,Unclustered / Other,
https://testlify.com/importance-of-ai-based-chat-simulation-when-hiring/,importance-of-ai-based-chat-simulation-when-hiring,blog,Recruiting & Talent Acquisition,General Hiring
https://testlify.com/importance-of-assessing-active-listening-skills-in-recruitment-for-effective-communication/,importance-of-assessing-active-listening-skills-in-recruitment-for-effective-communication,blog,Recruiting & Talent Acquisition,Recruitment Process & Strategy
https://testlify.com/importance-of-assessing-adaptability-in-recruitment-for-thriving-in-a-dynamic-workplace/,importance-of-assessing-adaptability-in-recruitment-for-thriving-in-a-dynamic-workplace,blog,Recruiting & Talent Acquisition,Recruitment Process & Strategy
https://testlify.com/importance-of-assessing-analytical-skills-in-recruitment-for-data-driven-decision-making/,importance-of-assessing-analytical-skills-in-recruitment-for-data-driven-decision-making,blog,Recruiting & Talent Acquisition,Recruitment Process & Strategy
https://testlify.com/importance-of-assessing-attention-to-detail-in-recruitment-for-flawless-execution/,importance-of-assessing-attention-to-detail-in-recruitment-for-flawless-execution,blog,Recruiting & Talent Acquisition,Recruitment Process & Strategy
https://testlify.com/importance-of-assessing-attention-to-detail-in-recruitment-for-quality-work-output/,importance-of-assessing-attention-to-detail-in-recruitment-for-quality-work-output,blog,Recruiting & Talent Acquisition,Recruitment Process & Strategy
https://testlify.com/importance-of-assessing-collaboration-skills-in-recruitment-for-effective-teamwork/,importance-of-assessing-collaboration-skills-in-recruitment-for-effective-teamwork,blog,Recruiting & Talent Acquisition,Recruitment Process & Strategy
https://testlify.com/importance-of-assessing-communication-skills-in-recruitment-for-business-success/,importance-of-assessing-communication-skills-in-recruitment-for-business-success,blog,Recruiting & Talent Acquisition,Recruitment Process & Strategy
https://testlify.com/importance-of-assessing-conflict-resolution-skills-in-recruitment-for-harmonious-work-environment/,importance-of-assessing-conflict-resolution-skills-in-recruitment-for-harmonious-work-environment,blog,Recruiting & Talent Acquisition,Recruitment Process & Strategy
https://testlify.com/importance-of-assessing-continuous-learning-skills-for-employees/,importance-of-assessing-continuous-learning-skills-for-employees,blog,Employee Experience & Development,Employee general
https://testlify.com/importance-of-assessing-creativity-in-recruitment-for-driving-innovation/,importance-of-assessing-creativity-in-recruitment-for-driving-innovation,blog,Recruiting & Talent Acquisition,Recruitment Process & Strategy
https://testlify.com/importance-of-assessing-critical-thinking-skills-in-recruitment-for-informed-decision-making/,importance-of-assessing-critical-thinking-skills-in-recruitment-for-informed-decision-making,blog,Recruiting & Talent Acquisition,Recruitment Process & Strategy
https://testlify.com/importance-of-assessing-cultural-sensitivity-in-recruitment-for-diverse-workplaces/,importance-of-assessing-cultural-sensitivity-in-recruitment-for-diverse-workplaces,blog,Recruiting & Talent Acquisition,Recruitment Process & Strategy
https://testlify.com/importance-of-assessing-customer-service-orientation-in-recruitment-for-positive-customer-experience/,importance-of-assessing-customer-service-orientation-in-recruitment-for-positive-customer-experience,blog,Recruiting & Talent Acquisition,Recruitment Process & Strategy
https://testlify.com/importance-of-assessing-decision-making-skills-in-recruitment-for-sound-business-decisions/,importance-of-assessing-decision-making-skills-in-recruitment-for-sound-business-decisions,blog,Recruiting & Talent Acquisition,Recruitment Process & Strategy
https://testlify.com/importance-of-assessing-dependability-for-reliable-work-performance/,importance-of-assessing-dependability-for-reliable-work-performance,blog,Unclustered / Other,
https://testlify.com/importance-of-assessing-emotional-intelligence-in-recruitment-for-positive-workplace-culture/,importance-of-assessing-emotional-intelligence-in-recruitment-for-positive-workplace-culture,blog,Recruiting & Talent Acquisition,Recruitment Process & Strategy
https://testlify.com/importance-of-assessing-empathy-in-recruitment-for-enhanced-employee-engagement/,importance-of-assessing-empathy-in-recruitment-for-enhanced-employee-engagement,blog,Recruiting & Talent Acquisition,Recruitment Process & Strategy
https://testlify.com/importance-of-assessing-ethics-for-ethical-decision-making/,importance-of-assessing-ethics-for-ethical-decision-making,blog,Unclustered / Other,
https://testlify.com/importance-of-assessing-feedback-acceptance-for-continuous-improvement/,importance-of-assessing-feedback-acceptance-for-continuous-improvement,blog,Unclustered / Other,
https://testlify.com/importance-of-assessing-flexibility-in-recruitment-for-adapting-to-changing-business-needs/,importance-of-assessing-flexibility-in-recruitment-for-adapting-to-changing-business-needs,blog,Recruiting & Talent Acquisition,Recruitment Process & Strategy
https://testlify.com/importance-of-assessing-goal-setting-skills-in-ambitious-individuals/,importance-of-assessing-goal-setting-skills-in-ambitious-individuals,blog,Unclustered / Other,
https://testlify.com/importance-of-assessing-initiative-in-recruitment-for-proactive-and-self-starting-employees/,importance-of-assessing-initiative-in-recruitment-for-proactive-and-self-starting-employees,blog,Recruiting & Talent Acquisition,Recruitment Process & Strategy
https://testlify.com/importance-of-assessing-integrity-for-ethical-and-honest-employees/,importance-of-assessing-integrity-for-ethical-and-honest-employees,blog,Employee Experience & Development,Employee general
https://testlify.com/importance-of-assessing-interpersonal-skills-in-recruitment-for-building-strong-relationships/,importance-of-assessing-interpersonal-skills-in-recruitment-for-building-strong-relationships,blog,Recruiting & Talent Acquisition,Recruitment Process & Strategy
https://testlify.com/importance-of-assessing-leadership-skills-in-recruitment-for-guiding-high-performing-teams/,importance-of-assessing-leadership-skills-in-recruitment-for-guiding-high-performing-teams,blog,Recruiting & Talent Acquisition,Recruitment Process & Strategy
https://testlify.com/importance-of-assessing-negotiation-skills-in-recruitment-for-successful-business-deals/,importance-of-assessing-negotiation-skills-in-recruitment-for-successful-business-deals,blog,Recruiting & Talent Acquisition,Recruitment Process & Strategy
https://testlify.com/importance-of-assessing-networking-skills-in-recruitment-for-professional-growth/,importance-of-assessing-networking-skills-in-recruitment-for-professional-growth,blog,Recruiting & Talent Acquisition,Recruitment Process & Strategy
https://testlify.com/importance-of-assessing-open-mindedness-in-recruitment-for-embracing-new-ideas/,importance-of-assessing-open-mindedness-in-recruitment-for-embracing-new-ideas,blog,Recruiting & Talent Acquisition,Recruitment Process & Strategy
https://testlify.com/importance-of-assessing-organizational-skills-in-recruitment-for-efficient-work-management/,importance-of-assessing-organizational-skills-in-recruitment-for-efficient-work-management,blog,Recruiting & Talent Acquisition,Recruitment Process & Strategy
https://testlify.com/importance-of-assessing-patience-for-dealing-with-challenging-moments/,importance-of-assessing-patience-for-dealing-with-challenging-moments,blog,Unclustered / Other,
https://testlify.com/importance-of-assessing-persuasion-skill-for-influential-communication/,importance-of-assessing-persuasion-skill-for-influential-communication,blog,Unclustered / Other,
https://testlify.com/importance-of-assessing-persuasion-skill-for-influential-communications/,importance-of-assessing-persuasion-skill-for-influential-communications,blog,Unclustered / Other,
https://testlify.com/importance-of-assessing-positive-attitude-for-a-motivated-workforce/,importance-of-assessing-positive-attitude-for-a-motivated-workforce,blog,Employee Experience & Development,Employee general
https://testlify.com/importance-of-assessing-presentation-skills-in-recruitment-for-effective-communication/,importance-of-assessing-presentation-skills-in-recruitment-for-effective-communication,blog,Recruiting & Talent Acquisition,Recruitment Process & Strategy
https://testlify.com/importance-of-assessing-problem-solving-skills-in-recruitment-for-innovative-solutions/,importance-of-assessing-problem-solving-skills-in-recruitment-for-innovative-solutions,blog,Recruiting & Talent Acquisition,Recruitment Process & Strategy
https://testlify.com/importance-of-assessing-professionalism-for-a-positive-work-image/,importance-of-assessing-professionalism-for-a-positive-work-image,blog,Unclustered / Other,
https://testlify.com/importance-of-assessing-relationship-building-skills-in-recruitment-for-strong-networks/,importance-of-assessing-relationship-building-skills-in-recruitment-for-strong-networks,blog,Recruiting & Talent Acquisition,Recruitment Process & Strategy
https://testlify.com/importance-of-assessing-resilience-in-recruitment-for-overcoming-challenges/,importance-of-assessing-resilience-in-recruitment-for-overcoming-challenges,blog,Recruiting & Talent Acquisition,Recruitment Process & Strategy
https://testlify.com/importance-of-assessing-self-awareness-in-workplace-growth/,importance-of-assessing-self-awareness-in-workplace-growth,blog,"Workplace, Culture & Future of Work",Culture & Trends
https://testlify.com/importance-of-assessing-self-discipline-for-consistent-work-habits/,importance-of-assessing-self-discipline-for-consistent-work-habits,blog,Assessments & Testing,Personality & Psychometric
https://testlify.com/importance-of-assessing-self-motivation-in-recruitment-for-driven-and-goal-oriented-employees/,importance-of-assessing-self-motivation-in-recruitment-for-driven-and-goal-oriented-employees,blog,Recruiting & Talent Acquisition,Recruitment Process & Strategy
https://testlify.com/importance-of-assessing-stress-management-skills-in-recruitment-for-resilient-employees/,importance-of-assessing-stress-management-skills-in-recruitment-for-resilient-employees,blog,Recruiting & Talent Acquisition,Recruitment Process & Strategy
https://testlify.com/importance-of-assessing-team-building-skills-in-recruitment-for-cohesive-teams/,importance-of-assessing-team-building-skills-in-recruitment-for-cohesive-teams,blog,Recruiting & Talent Acquisition,Recruitment Process & Strategy
https://testlify.com/importance-of-assessing-teamwork-skills-in-recruitment-for-a-collaborative-work-environment/,importance-of-assessing-teamwork-skills-in-recruitment-for-a-collaborative-work-environment,blog,Recruiting & Talent Acquisition,Recruitment Process & Strategy
https://testlify.com/importance-of-assessing-time-management-skills-in-recruitment-for-efficient-work-execution/,importance-of-assessing-time-management-skills-in-recruitment-for-efficient-work-execution,blog,Recruiting & Talent Acquisition,Recruitment Process & Strategy
https://testlify.com/importance-of-assessing-tolerance-for-a-respectful-work-environment/,importance-of-assessing-tolerance-for-a-respectful-work-environment,blog,Unclustered / Other,
https://testlify.com/importance-of-assessing-trustworthiness-in-recruitment-for-building-trust-and-confidence/,importance-of-assessing-trustworthiness-in-recruitment-for-building-trust-and-confidence,blog,Recruiting & Talent Acquisition,Recruitment Process & Strategy
https://testlify.com/importance-of-attention-to-detail-in-the-workplace/,importance-of-attention-to-detail-in-the-workplace,blog,"Workplace, Culture & Future of Work",Culture & Trends
https://testlify.com/importance-of-candidate-experience-in-recruitment/,importance-of-candidate-experience-in-recruitment,blog,Recruiting & Talent Acquisition,Recruitment Process & Strategy
https://testlify.com/importance-of-compensation-and-benefits/,importance-of-compensation-and-benefits,blog,HR Operations & Compliance,Compensation & Benefits
https://testlify.com/importance-of-computer-skills-tests-in-job-interviews/,importance-of-computer-skills-tests-in-job-interviews,blog,Skills Tests & Evaluation (by skill),
https://testlify.com/importance-of-conflict-management-for-workplace-relationships/,importance-of-conflict-management-for-workplace-relationships,blog,"Workplace, Culture & Future of Work",Culture & Trends
https://testlify.com/importance-of-employee-motivation/,importance-of-employee-motivation,blog,Employee Experience & Development,Employee general
https://testlify.com/importance-of-empowerment-skills-in-engaged-and-autonomous-employees/,importance-of-empowerment-skills-in-engaged-and-autonomous-employees,blog,Employee Experience & Development,Employee general
https://testlify.com/importance-of-hiring-assessments-in-diverse-workplace/,importance-of-hiring-assessments-in-diverse-workplace,blog,Assessments & Testing,Assessment general
https://testlify.com/importance-of-managing-employee-absences/,importance-of-managing-employee-absences,blog,Employee Experience & Development,Employee general
https://testlify.com/importance-of-self-confidence-skills-for-assertive-employee/,importance-of-self-confidence-skills-for-assertive-employee,blog,Employee Experience & Development,Employee general
https://testlify.com/importance-of-using-big-five-personality-test-for-recruitment-and-selection/,importance-of-using-big-five-personality-test-for-recruitment-and-selection,blog,Assessments & Testing,Personality & Psychometric
https://testlify.com/importance-of-workforce-planning/,importance-of-workforce-planning,blog,HR Operations & Compliance,Workforce & Succession Planning
https://testlify.com/important-components-of-a-candidate-assessment-report/,important-components-of-a-candidate-assessment-report,blog,Assessments & Testing,Assessment general
https://testlify.com/important-interpersonal-skills-to-assess-candidates/,important-interpersonal-skills-to-assess-candidates,blog,Unclustered / Other,
https://testlify.com/improve-candidate-assessment-without-traditional-testing/,improve-candidate-assessment-without-traditional-testing,blog,Assessments & Testing,Assessment general
https://testlify.com/improve-employee-experience-in-a-remote-workplace/,improve-employee-experience-in-a-remote-workplace,blog,Employee Experience & Development,Engagement & Retention
https://testlify.com/improve-employee-morale-proven-tactics-for-hr-professionals/,improve-employee-morale-proven-tactics-for-hr-professionals,blog,Employee Experience & Development,Engagement & Retention
https://testlify.com/improve-performance-with-skill-assessment-results/,improve-performance-with-skill-assessment-results,blog,Skills Tests & Evaluation (by skill),
https://testlify.com/improving-candidate-experience-using-smart-assessments/,improving-candidate-experience-using-smart-assessments,blog,Assessments & Testing,Assessment general
https://testlify.com/in-app-telephone-screening/,in-app-telephone-screening,blog,Unclustered / Other,
https://testlify.com/inappropriate-interview-questions-to-avoid-asking/,inappropriate-interview-questions-to-avoid-asking,blog,Interview Questions (by role),
https://testlify.com/inbound-call-center-solutions-remote-workforce-management/,inbound-call-center-solutions-remote-workforce-management,blog,Employee Experience & Development,Employee general
https://testlify.com/inbound-recruiting/,inbound-recruiting,blog,Recruiting & Talent Acquisition,Recruitment Process & Strategy
https://testlify.com/include-autocad-test-for-hiring/,include-autocad-test-for-hiring,blog,Assessments & Testing,Assessment general
https://testlify.com/inclusive-succession-planning/,inclusive-succession-planning,blog,HR Operations & Compliance,Workforce & Succession Planning
https://testlify.com/incorporate-aptitude-assessment-into-your-recruitment-strategy/,incorporate-aptitude-assessment-into-your-recruitment-strategy,blog,Assessments & Testing,Aptitude & Cognitive
https://testlify.com/incorporate-aws-test-into-your-recruitment-strategy/,incorporate-aws-test-into-your-recruitment-strategy,blog,Assessments & Testing,Assessment general
https://testlify.com/incorporate-cefr-test-into-your-recruitment-strategy/,incorporate-cefr-test-into-your-recruitment-strategy,blog,Assessments & Testing,Assessment general
https://testlify.com/incorporate-civil-engineering-test-into-your-recruitment-strategy/,incorporate-civil-engineering-test-into-your-recruitment-strategy,blog,Assessments & Testing,Assessment general
https://testlify.com/incorporate-cognitive-tests-in-recruitment-strategy/,incorporate-cognitive-tests-in-recruitment-strategy,blog,Assessments & Testing,Aptitude & Cognitive
https://testlify.com/incorporate-communication-assessment-in-recruitment/,incorporate-communication-assessment-in-recruitment,blog,Assessments & Testing,Assessment general
https://testlify.com/incorporate-english-grammar-test-in-recruitment-strategy/,incorporate-english-grammar-test-in-recruitment-strategy,blog,Assessments & Testing,Assessment general
https://testlify.com/incorporate-english-proficiency-test-into-recruitment/,incorporate-english-proficiency-test-into-recruitment,blog,Assessments & Testing,Assessment general
https://testlify.com/incorporate-feedback-from-exit-interviews-in-recruitment-strategy/,incorporate-feedback-from-exit-interviews-in-recruitment-strategy,blog,Recruiting & Talent Acquisition,Recruitment Process & Strategy
https://testlify.com/incorporate-gamification-in-corporate-training/,incorporate-gamification-in-corporate-training,blog,Employee Experience & Development,Performance & L&D
https://testlify.com/incorporate-integrity-test-in-recruitment-strategy/,incorporate-integrity-test-in-recruitment-strategy,blog,Assessments & Testing,Assessment general
https://testlify.com/incorporate-java-code-test-into-your-recruitment-strategy/,incorporate-java-code-test-into-your-recruitment-strategy,blog,Assessments & Testing,Assessment general
https://testlify.com/incorporate-javascript-test-in-recruitment-strategy/,incorporate-javascript-test-in-recruitment-strategy,blog,Assessments & Testing,Assessment general
https://testlify.com/incorporate-kotlin-test-into-your-recruitment-strategy/,incorporate-kotlin-test-into-your-recruitment-strategy,blog,Assessments & Testing,Assessment general
https://testlify.com/incorporate-leadership-assessment-in-recruitment/,incorporate-leadership-assessment-in-recruitment,blog,Assessments & Testing,Assessment general
https://testlify.com/incorporate-personality-assessment-in-recruitment/,incorporate-personality-assessment-in-recruitment,blog,Assessments & Testing,Personality & Psychometric
https://testlify.com/incorporate-quantitative-aptitude-test-into-your-recruitment-strategy/,incorporate-quantitative-aptitude-test-into-your-recruitment-strategy,blog,Assessments & Testing,Aptitude & Cognitive
https://testlify.com/incorporate-the-cefr-english-test-into-your-recruitment-strategy/,incorporate-the-cefr-english-test-into-your-recruitment-strategy,blog,Assessments & Testing,Assessment general
https://testlify.com/incorporate-video-interview-in-recruitment-strategy/,incorporate-video-interview-in-recruitment-strategy,blog,Recruiting & Talent Acquisition,Recruitment Process & Strategy
https://testlify.com/incorporate-work-reliability-test-in-recruitment-strategy/,incorporate-work-reliability-test-in-recruitment-strategy,blog,Assessments & Testing,Assessment general
https://testlify.com/incorporating-attention-to-detail-tests-in-entry-level-hiring/,incorporating-attention-to-detail-tests-in-entry-level-hiring,blog,Assessments & Testing,Assessment general
https://testlify.com/incorporating-soft-skills-in-campus-hiring/,incorporating-soft-skills-in-campus-hiring,blog,Skills Management,
https://testlify.com/increase-diversity-in-your-team-without-training/,increase-diversity-in-your-team-without-training,blog,Employee Experience & Development,Performance & L&D
https://testlify.com/indiana-employment-and-labor-laws/,indiana-employment-and-labor-laws,blog,HR Operations & Compliance,Policies & Compliance
https://testlify.com/influencer-marketing-coordinator-interview-questions-to-ask-job-applicants/,influencer-marketing-coordinator-interview-questions-to-ask-job-applicants,blog,Interview Questions (by role),
https://testlify.com/initiatives-to-promote-employee-engagement/,initiatives-to-promote-employee-engagement,blog,Employee Experience & Development,Engagement & Retention
https://testlify.com/innovative-recruitment/,innovative-recruitment,blog,Recruiting & Talent Acquisition,Recruitment Process & Strategy
https://testlify.com/inside-sales-representative-interview-questions-to-ask-job-applicants-to-ask-job-applicants/,inside-sales-representative-interview-questions-to-ask-job-applicants-to-ask-job-applicants,blog,Interview Questions (by role),
https://testlify.com/insightful-quotes-about-hiring/,insightful-quotes-about-hiring,blog,Recruiting & Talent Acquisition,General Hiring
https://testlify.com/instant-benefits-of-using-time-tracking-software/,instant-benefits-of-using-time-tracking-software,blog,HR Operations & Compliance,Compensation & Benefits
https://testlify.com/insurance-claims-analyst-interview-questions-to-ask-job-applicants/,insurance-claims-analyst-interview-questions-to-ask-job-applicants,blog,Interview Questions (by role),
https://testlify.com/insurance-claims-assistant-interview-questions-to-ask-job-applicants/,insurance-claims-assistant-interview-questions-to-ask-job-applicants,blog,Interview Questions (by role),
https://testlify.com/insurance-claims-coordinator-interview-questions-to-ask-job-applicants/,insurance-claims-coordinator-interview-questions-to-ask-job-applicants,blog,Interview Questions (by role),
https://testlify.com/insurance-claims-processor-interview-questions-to-ask-job-applicants/,insurance-claims-processor-interview-questions-to-ask-job-applicants,blog,Interview Questions (by role),
https://testlify.com/insurance-coordinator-interview-questions-to-ask-job-applicants/,insurance-coordinator-interview-questions-to-ask-job-applicants,blog,Interview Questions (by role),
https://testlify.com/insurance-verification-specialist-interview-questions-to-ask-job-applicants/,insurance-verification-specialist-interview-questions-to-ask-job-applicants,blog,Interview Questions (by role),
https://testlify.com/integrating-academic-insights-into-modern-hr-practices/,integrating-academic-insights-into-modern-hr-practices,blog,Unclustered / Other,
https://testlify.com/integrating-hr-solutions-with-payroll-systems/,integrating-hr-solutions-with-payroll-systems,blog,HR Operations & Compliance,Compensation & Benefits
https://testlify.com/intercultural-competence/,intercultural-competence,blog,Unclustered / Other,
https://testlify.com/internal-communications-coordinator-interview-questions-to-ask-job-applicants/,internal-communications-coordinator-interview-questions-to-ask-job-applicants,blog,Interview Questions (by role),
https://testlify.com/internal-job-posting-email-templates/,internal-job-posting-email-templates,blog,Recruiting & Talent Acquisition,General Hiring
https://testlify.com/internal-mobility-vs-external-hiring/,internal-mobility-vs-external-hiring,blog,Competitor Alternatives & Comparisons,
https://testlify.com/internal-talent-marketplace-and-how-does-it-work/,internal-talent-marketplace-and-how-does-it-work,blog,Recruiting & Talent Acquisition,General Talent/Team-building
https://testlify.com/internal-vs-external-recruitment-methods/,internal-vs-external-recruitment-methods,blog,Competitor Alternatives & Comparisons,
https://testlify.com/internal-vs-external-sources-of-recruitment/,internal-vs-external-sources-of-recruitment,blog,Competitor Alternatives & Comparisons,
https://testlify.com/internship-offer-email-templates/,internship-offer-email-templates,blog,Unclustered / Other,
https://testlify.com/internship-probation-confirmation-emails/,internship-probation-confirmation-emails,blog,Unclustered / Other,
https://testlify.com/interview-a-software-developer-as-non-tech-recruiter/,interview-a-software-developer-as-non-tech-recruiter,blog,Recruiting & Talent Acquisition,Recruitment Process & Strategy
https://testlify.com/interview-invitation-email-templates/,interview-invitation-email-templates,blog,Recruiting & Talent Acquisition,Interviewing (process/skills)
https://testlify.com/interview-question-to-hire-a-marketing-strategist/,interview-question-to-hire-a-marketing-strategist,blog,Interview Questions (by role),
https://testlify.com/interview-questions-bank/,interview-questions-bank,blog,Interview Questions (by role),
https://testlify.com/interview-questions-for-adobe-analytics-developer/,interview-questions-for-adobe-analytics-developer,blog,Interview Questions (by role),
https://testlify.com/interview-questions-for-agile-coach/,interview-questions-for-agile-coach,blog,Interview Questions (by role),
https://testlify.com/interview-questions-for-ai-engineer/,interview-questions-for-ai-engineer,blog,Interview Questions (by role),
https://testlify.com/interview-questions-for-angular-developer/,interview-questions-for-angular-developer,blog,Interview Questions (by role),
https://testlify.com/interview-questions-for-api-tester/,interview-questions-for-api-tester,blog,Interview Questions (by role),
https://testlify.com/interview-questions-for-app-developer/,interview-questions-for-app-developer,blog,Interview Questions (by role),
https://testlify.com/interview-questions-for-backend-developer/,interview-questions-for-backend-developer,blog,Interview Questions (by role),
https://testlify.com/interview-questions-for-big-data-engineer/,interview-questions-for-big-data-engineer,blog,Interview Questions (by role),
https://testlify.com/interview-questions-for-blockchain-developer/,interview-questions-for-blockchain-developer,blog,Interview Questions (by role),
https://testlify.com/interview-questions-for-business-analyst/,interview-questions-for-business-analyst,blog,Interview Questions (by role),
https://testlify.com/interview-questions-for-c-developer/,interview-questions-for-c-developer,blog,Interview Questions (by role),
https://testlify.com/interview-questions-for-ci-cd-developer/,interview-questions-for-ci-cd-developer,blog,Interview Questions (by role),
https://testlify.com/interview-questions-for-cloud-engineer/,interview-questions-for-cloud-engineer,blog,Interview Questions (by role),
https://testlify.com/interview-questions-for-cybersecurity-analyst/,interview-questions-for-cybersecurity-analyst,blog,Interview Questions (by role),
https://testlify.com/interview-questions-for-cybersecurity-specialist/,interview-questions-for-cybersecurity-specialist,blog,Interview Questions (by role),
https://testlify.com/interview-questions-for-data-analyst/,interview-questions-for-data-analyst,blog,Interview Questions (by role),
https://testlify.com/interview-questions-for-data-architect/,interview-questions-for-data-architect,blog,Interview Questions (by role),
https://testlify.com/interview-questions-for-data-engineer/,interview-questions-for-data-engineer,blog,Interview Questions (by role),
https://testlify.com/interview-questions-for-data-scientist/,interview-questions-for-data-scientist,blog,Interview Questions (by role),
https://testlify.com/interview-questions-for-database-administrator/,interview-questions-for-database-administrator,blog,Interview Questions (by role),
https://testlify.com/interview-questions-for-devops-engineer/,interview-questions-for-devops-engineer,blog,Interview Questions (by role),
https://testlify.com/interview-questions-for-e-commerce-analyst/,interview-questions-for-e-commerce-analyst,blog,Interview Questions (by role),
https://testlify.com/interview-questions-for-embedded-systems-engineer/,interview-questions-for-embedded-systems-engineer,blog,Interview Questions (by role),
https://testlify.com/interview-questions-for-ethical-hacker/,interview-questions-for-ethical-hacker,blog,Interview Questions (by role),
https://testlify.com/interview-questions-for-etl-developer/,interview-questions-for-etl-developer,blog,Interview Questions (by role),
https://testlify.com/interview-questions-for-frontend-developer/,interview-questions-for-frontend-developer,blog,Interview Questions (by role),
https://testlify.com/interview-questions-for-full-stack-developer/,interview-questions-for-full-stack-developer,blog,Interview Questions (by role),
https://testlify.com/interview-questions-for-game-developer/,interview-questions-for-game-developer,blog,Interview Questions (by role),
https://testlify.com/interview-questions-for-gis-specialist/,interview-questions-for-gis-specialist,blog,Interview Questions (by role),
https://testlify.com/interview-questions-for-golang-developer/,interview-questions-for-golang-developer,blog,Interview Questions (by role),
https://testlify.com/interview-questions-for-google-ads-specialist/,interview-questions-for-google-ads-specialist,blog,Interview Questions (by role),
https://testlify.com/interview-questions-for-hiring-rpa-developer/,interview-questions-for-hiring-rpa-developer,blog,Interview Questions (by role),
https://testlify.com/interview-questions-for-iot-engineer/,interview-questions-for-iot-engineer,blog,Interview Questions (by role),
https://testlify.com/interview-questions-for-it-governance-specialist/,interview-questions-for-it-governance-specialist,blog,Interview Questions (by role),
https://testlify.com/interview-questions-for-it-service-manager/,interview-questions-for-it-service-manager,blog,Interview Questions (by role),
https://testlify.com/interview-questions-for-it-support-specialist/,interview-questions-for-it-support-specialist,blog,Interview Questions (by role),
https://testlify.com/interview-questions-for-itsm-consultant/,interview-questions-for-itsm-consultant,blog,Interview Questions (by role),
https://testlify.com/interview-questions-for-java-developer/,interview-questions-for-java-developer,blog,Interview Questions (by role),
https://testlify.com/interview-questions-for-javascript-developer/,interview-questions-for-javascript-developer,blog,Interview Questions (by role),
https://testlify.com/interview-questions-for-kotlin-developer/,interview-questions-for-kotlin-developer,blog,Interview Questions (by role),
https://testlify.com/interview-questions-for-lamp-developer/,interview-questions-for-lamp-developer,blog,Interview Questions (by role),
https://testlify.com/interview-questions-for-linux-system-administrator/,interview-questions-for-linux-system-administrator,blog,Interview Questions (by role),
https://testlify.com/interview-questions-for-machine-learning-engineer/,interview-questions-for-machine-learning-engineer,blog,Interview Questions (by role),
https://testlify.com/interview-questions-for-mainframe-developer/,interview-questions-for-mainframe-developer,blog,Interview Questions (by role),
https://testlify.com/interview-questions-for-mean-stack-developer/,interview-questions-for-mean-stack-developer,blog,Interview Questions (by role),
https://testlify.com/interview-questions-for-mern-stack-developer/,interview-questions-for-mern-stack-developer,blog,Interview Questions (by role),
https://testlify.com/interview-questions-for-mobile-developer/,interview-questions-for-mobile-developer,blog,Interview Questions (by role),
https://testlify.com/interview-questions-for-net-developer/,interview-questions-for-net-developer,blog,Interview Questions (by role),
https://testlify.com/interview-questions-for-network-engineer/,interview-questions-for-network-engineer,blog,Interview Questions (by role),
https://testlify.com/interview-questions-for-nlp-specialist/,interview-questions-for-nlp-specialist,blog,Interview Questions (by role),
https://testlify.com/interview-questions-for-nosql-developer/,interview-questions-for-nosql-developer,blog,Interview Questions (by role),
https://testlify.com/interview-questions-for-operation-manager/,interview-questions-for-operation-manager,blog,Interview Questions (by role),
https://testlify.com/interview-questions-for-oracle-erp-developer/,interview-questions-for-oracle-erp-developer,blog,Interview Questions (by role),
https://testlify.com/interview-questions-for-perl-developer/,interview-questions-for-perl-developer,blog,Interview Questions (by role),
https://testlify.com/interview-questions-for-php-developer/,interview-questions-for-php-developer,blog,Interview Questions (by role),
https://testlify.com/interview-questions-for-portfolio-manager/,interview-questions-for-portfolio-manager,blog,Interview Questions (by role),
https://testlify.com/interview-questions-for-postgresql-manager/,interview-questions-for-postgresql-manager,blog,Interview Questions (by role),
https://testlify.com/interview-questions-for-power-bi-developer/,interview-questions-for-power-bi-developer,blog,Interview Questions (by role),
https://testlify.com/interview-questions-for-product-manager/,interview-questions-for-product-manager,blog,Interview Questions (by role),
https://testlify.com/interview-questions-for-project-manager/,interview-questions-for-project-manager,blog,Interview Questions (by role),
https://testlify.com/interview-questions-for-python-developer/,interview-questions-for-python-developer,blog,Interview Questions (by role),
https://testlify.com/interview-questions-for-qa-engineer/,interview-questions-for-qa-engineer,blog,Interview Questions (by role),
https://testlify.com/interview-questions-for-r-developer/,interview-questions-for-r-developer,blog,Interview Questions (by role),
https://testlify.com/interview-questions-for-react-developer/,interview-questions-for-react-developer,blog,Interview Questions (by role),
https://testlify.com/interview-questions-for-robotics-engineer/,interview-questions-for-robotics-engineer,blog,Interview Questions (by role),
https://testlify.com/interview-questions-for-ruby-on-rails-developer/,interview-questions-for-ruby-on-rails-developer,blog,Interview Questions (by role),
https://testlify.com/interview-questions-for-rust-developer/,interview-questions-for-rust-developer,blog,Interview Questions (by role),
https://testlify.com/interview-questions-for-scrum-master/,interview-questions-for-scrum-master,blog,Interview Questions (by role),
https://testlify.com/interview-questions-for-seo-specialist/,interview-questions-for-seo-specialist,blog,Interview Questions (by role),
https://testlify.com/interview-questions-for-sharepoint-administrator/,interview-questions-for-sharepoint-administrator,blog,Interview Questions (by role),
https://testlify.com/interview-questions-for-software-developer/,interview-questions-for-software-developer,blog,Interview Questions (by role),
https://testlify.com/interview-questions-for-spring-boot-developer/,interview-questions-for-spring-boot-developer,blog,Interview Questions (by role),
https://testlify.com/interview-questions-for-sql-developer/,interview-questions-for-sql-developer,blog,Interview Questions (by role),
https://testlify.com/interview-questions-for-system-administrator/,interview-questions-for-system-administrator,blog,Interview Questions (by role),
https://testlify.com/interview-questions-for-system-engineer/,interview-questions-for-system-engineer,blog,Interview Questions (by role),
https://testlify.com/interview-questions-for-technical-support-engineer/,interview-questions-for-technical-support-engineer,blog,Interview Questions (by role),
https://testlify.com/interview-questions-for-telecom-engineer/,interview-questions-for-telecom-engineer,blog,Interview Questions (by role),
https://testlify.com/interview-questions-for-typescript-developer/,interview-questions-for-typescript-developer,blog,Interview Questions (by role),
https://testlify.com/interview-questions-for-ui-ux-designer/,interview-questions-for-ui-ux-designer,blog,Interview Questions (by role),
https://testlify.com/interview-questions-for-web-developer/,interview-questions-for-web-developer,blog,Interview Questions (by role),
https://testlify.com/interview-questions-to-ask-while-hiring-a-data-quality-analysts/,interview-questions-to-ask-while-hiring-a-data-quality-analysts,blog,Interview Questions (by role),
https://testlify.com/interview-questions-to-ask-while-hiring-for-project-coordinator/,interview-questions-to-ask-while-hiring-for-project-coordinator,blog,Interview Questions (by role),
https://testlify.com/interview-questions-to-check-if-the-candidate-is-tech-savvy/,interview-questions-to-check-if-the-candidate-is-tech-savvy,blog,Interview Questions (by role),
https://testlify.com/interview-red-flags-candidates/,interview-red-flags-candidates,blog,Recruiting & Talent Acquisition,Interviewing (process/skills)
https://testlify.com/interview-scheduling/,interview-scheduling,blog,Recruiting & Talent Acquisition,Interviewing (process/skills)
https://testlify.com/interview-simulations-play-role-in-pre-hiring-assessments/,interview-simulations-play-role-in-pre-hiring-assessments,blog,Assessments & Testing,Assessment general
https://testlify.com/interview-to-hire-ratio/,interview-to-hire-ratio,blog,Recruiting & Talent Acquisition,Interviewing (process/skills)
https://testlify.com/interview-to-onboarding-continuity-candidate-experience/,interview-to-onboarding-continuity-candidate-experience,blog,Recruiting & Talent Acquisition,Recruitment Process & Strategy
https://testlify.com/introduction-to-big-data-engineering-hiring/,introduction-to-big-data-engineering-hiring,blog,Recruiting & Talent Acquisition,General Hiring
https://testlify.com/inventory-analyst-interview-questions-to-ask-job-applicants/,inventory-analyst-interview-questions-to-ask-job-applicants,blog,Interview Questions (by role),
https://testlify.com/inventory-control-analyst-interview-questions-to-ask-job-applicants/,inventory-control-analyst-interview-questions-to-ask-job-applicants,blog,Interview Questions (by role),
https://testlify.com/inventory-control-specialist-interview-questions-to-ask-job-applicants/,inventory-control-specialist-interview-questions-to-ask-job-applicants,blog,Interview Questions (by role),
https://testlify.com/inventory-coordinator-interview-questions-to-ask-job-applicants/,inventory-coordinator-interview-questions-to-ask-job-applicants,blog,Interview Questions (by role),
https://testlify.com/inventory-planner-interview-questions-to-ask-job-applicants/,inventory-planner-interview-questions-to-ask-job-applicants,blog,Interview Questions (by role),
https://testlify.com/invest-in-pre-hiring-assessment-software/,invest-in-pre-hiring-assessment-software,blog,Assessments & Testing,Assessment general
https://testlify.com/investment-analyst-assistant-interview-questions-to-ask-job-applicants/,investment-analyst-assistant-interview-questions-to-ask-job-applicants,blog,Interview Questions (by role),
https://testlify.com/investment-assistant-interview-questions-to-ask-job-applicants/,investment-assistant-interview-questions-to-ask-job-applicants,blog,Interview Questions (by role),
https://testlify.com/investment-banking-analyst-interview-questions-to-ask-job-applicants/,investment-banking-analyst-interview-questions-to-ask-job-applicants,blog,Interview Questions (by role),
https://testlify.com/investor-relations-coordinator-interview-questions-to-ask-job-applicants/,investor-relations-coordinator-interview-questions-to-ask-job-applicants,blog,Interview Questions (by role),
https://testlify.com/investor-relations-manager-interview-questions-to-ask-job-applicants/,investor-relations-manager-interview-questions-to-ask-job-applicants,blog,Interview Questions (by role),
https://testlify.com/is-ai-a-threat-to-recruiters-and-hr-professionals/,is-ai-a-threat-to-recruiters-and-hr-professionals,blog,Recruiting & Talent Acquisition,Recruitment Process & Strategy
https://testlify.com/is-it-necessary-to-verify-educational-qualifications/,is-it-necessary-to-verify-educational-qualifications,blog,Unclustered / Other,
https://testlify.com/istp-personality/,istp-personality,blog,Assessments & Testing,Personality & Psychometric
https://testlify.com/it-infrastructure-management-services-for-hr-and-ta-teams/,it-infrastructure-management-services-for-hr-and-ta-teams,blog,Recruiting & Talent Acquisition,General Talent/Team-building
https://testlify.com/it-skills-testing-everything-you-need-to-know/,it-skills-testing-everything-you-need-to-know,blog,Skills Tests & Evaluation (by skill),
https://testlify.com/it-skills-tests-to-build-a-tech-savvy-team/,it-skills-tests-to-build-a-tech-savvy-team,blog,Skills Tests & Evaluation (by skill),
https://testlify.com/it-support-analyst-interview-questions-to-ask-job-applicants/,it-support-analyst-interview-questions-to-ask-job-applicants,blog,Interview Questions (by role),
https://testlify.com/java-coding-test-to-assess-candidates-coding-skills/,java-coding-test-to-assess-candidates-coding-skills,blog,Skills Tests & Evaluation (by skill),
https://testlify.com/job-advertising-vs-job-posting/,job-advertising-vs-job-posting,blog,Competitor Alternatives & Comparisons,
https://testlify.com/job-aggregator/,job-aggregator,blog,Unclustered / Other,
https://testlify.com/job-analysis-for-hr-professionals/,job-analysis-for-hr-professionals,blog,HR Operations & Compliance,Workforce & Succession Planning
https://testlify.com/job-characteristics-model/,job-characteristics-model,blog,HR Operations & Compliance,Workforce & Succession Planning
https://testlify.com/job-crafting/,job-crafting,blog,Unclustered / Other,
https://testlify.com/job-description-vs-job-profile/,job-description-vs-job-profile,blog,Competitor Alternatives & Comparisons,
https://testlify.com/job-description-vs-job-specification/,job-description-vs-job-specification,blog,Competitor Alternatives & Comparisons,
https://testlify.com/job-design/,job-design,blog,Unclustered / Other,
https://testlify.com/job-enlargement/,job-enlargement,blog,Unclustered / Other,
https://testlify.com/job-leveling/,job-leveling,blog,Unclustered / Other,
https://testlify.com/job-offer-email-templates/,job-offer-email-templates,blog,Recruiting & Talent Acquisition,General Hiring
https://testlify.com/job-offer-letter-templates-for-all-types-of-hire/,job-offer-letter-templates-for-all-types-of-hire,blog,Recruiting & Talent Acquisition,General Hiring
https://testlify.com/job-profile-components/,job-profile-components,blog,Unclustered / Other,
https://testlify.com/job-profile-examples/,job-profile-examples,blog,Unclustered / Other,
https://testlify.com/job-profile-templates/,job-profile-templates,blog,Unclustered / Other,
https://testlify.com/job-profiling-tools/,job-profiling-tools,blog,Unclustered / Other,
https://testlify.com/job-profiling/,job-profiling,blog,Unclustered / Other,
https://testlify.com/job-requisition-and-how-to-write-a-good-one/,job-requisition-and-how-to-write-a-good-one,blog,Unclustered / Other,
https://testlify.com/job-restructuring/,job-restructuring,blog,Unclustered / Other,
https://testlify.com/job-roles-that-need-pre-hiring-assessments/,job-roles-that-need-pre-hiring-assessments,blog,Assessments & Testing,Assessment general
https://testlify.com/job-simulation/,job-simulation,blog,Unclustered / Other,
https://testlify.com/job-specialization/,job-specialization,blog,Unclustered / Other,
https://testlify.com/jp-morgan-recruitment-process/,jp-morgan-recruitment-process,blog,Recruiting & Talent Acquisition,Recruitment Process & Strategy
https://testlify.com/key-account-manager-interview-questions-to-ask-job-applicants/,key-account-manager-interview-questions-to-ask-job-applicants,blog,Interview Questions (by role),
https://testlify.com/key-benefits-of-using-aptitude-assessment-in-the-recruitment-process/,key-benefits-of-using-aptitude-assessment-in-the-recruitment-process,blog,Assessments & Testing,Aptitude & Cognitive
https://testlify.com/key-benefits-of-using-big-five-personality-test-in-the-recruitment-process/,key-benefits-of-using-big-five-personality-test-in-the-recruitment-process,blog,Assessments & Testing,Personality & Psychometric
https://testlify.com/key-benefits-of-using-qa-test-in-the-recruitment-process/,key-benefits-of-using-qa-test-in-the-recruitment-process,blog,Assessments & Testing,Assessment general
https://testlify.com/key-benefits-of-using-technical-interview-questions-in-the-recruitment-process/,key-benefits-of-using-technical-interview-questions-in-the-recruitment-process,blog,Interview Questions (by role),
https://testlify.com/key-compliance-trends/,key-compliance-trends,blog,HR Operations & Compliance,Policies & Compliance
https://testlify.com/key-components-of-a-customer-support-test/,key-components-of-a-customer-support-test,blog,Assessments & Testing,Assessment general
https://testlify.com/key-components-of-a-technical-aptitude-test/,key-components-of-a-technical-aptitude-test,blog,Assessments & Testing,Aptitude & Cognitive
https://testlify.com/key-computer-skills-to-assess-during-job-interviews/,key-computer-skills-to-assess-during-job-interviews,blog,Recruiting & Talent Acquisition,Interviewing (process/skills)
https://testlify.com/key-considerations-when-hiring-a-coding-specialist/,key-considerations-when-hiring-a-coding-specialist,blog,Recruiting & Talent Acquisition,General Hiring
https://testlify.com/key-functions-of-hr-you-learn-in-college/,key-functions-of-hr-you-learn-in-college,blog,Unclustered / Other,
https://testlify.com/key-hr-metrics/,key-hr-metrics,blog,Unclustered / Other,
https://testlify.com/key-leadership-development-best-practices/,key-leadership-development-best-practices,blog,Recruiting & Talent Acquisition,General Talent/Team-building
https://testlify.com/key-responsibility-areas-kras/,key-responsibility-areas-kras,blog,Unclustered / Other,
https://testlify.com/key-skills-ios-test-should-assess-in-candidates/,key-skills-ios-test-should-assess-in-candidates,blog,Assessments & Testing,Assessment general
https://testlify.com/key-steps-for-workplace-success/,key-steps-for-workplace-success,blog,"Workplace, Culture & Future of Work",Culture & Trends
https://testlify.com/key-tips-for-employee-feedback-and-communication/,key-tips-for-employee-feedback-and-communication,blog,Employee Experience & Development,Employee general
https://testlify.com/know-about-ethical-dimension-of-ai-in-recruitment/,know-about-ethical-dimension-of-ai-in-recruitment,blog,Recruiting & Talent Acquisition,Recruitment Process & Strategy
https://testlify.com/know-about-sourcing-for-small-businesses/,know-about-sourcing-for-small-businesses,blog,Recruiting & Talent Acquisition,Sourcing & Candidate Pool
https://testlify.com/know-about-sourcing-for-startups/,know-about-sourcing-for-startups,blog,Recruiting & Talent Acquisition,Sourcing & Candidate Pool
https://testlify.com/know-about-the-new-era-of-recruitment/,know-about-the-new-era-of-recruitment,blog,Recruiting & Talent Acquisition,Recruitment Process & Strategy
https://testlify.com/know-everything-about-remote-recruitment/,know-everything-about-remote-recruitment,blog,Recruiting & Talent Acquisition,Recruitment Process & Strategy
https://testlify.com/know-everything-about-skill-based-recruitment-tests/,know-everything-about-skill-based-recruitment-tests,blog,Assessments & Testing,Assessment general
https://testlify.com/know-everything-about-the-future-of-fair-hiring/,know-everything-about-the-future-of-fair-hiring,blog,Recruiting & Talent Acquisition,General Hiring
https://testlify.com/kpis-for-evaluating-training-and-development/,kpis-for-evaluating-training-and-development,blog,Employee Experience & Development,Performance & L&D
https://testlify.com/kpis-for-measuring-assessment-impact-on-hiring/,kpis-for-measuring-assessment-impact-on-hiring,blog,Assessments & Testing,Assessment general
https://testlify.com/language-proficiency-testing-software-comparison/,language-proficiency-testing-software-comparison,blog,Assessments & Testing,Assessment general
https://testlify.com/lateral-hiring-complete-guide/,lateral-hiring-complete-guide,blog,Recruiting & Talent Acquisition,General Hiring
https://testlify.com/latest-freelance-recruiting-trends/,latest-freelance-recruiting-trends,blog,Recruiting & Talent Acquisition,Recruitment Process & Strategy
https://testlify.com/lead-gen-teams-what-they-do-and-how-to-build-one/,lead-gen-teams-what-they-do-and-how-to-build-one,blog,Recruiting & Talent Acquisition,General Talent/Team-building
https://testlify.com/leadership-assessment-helps-screen-candidates/,leadership-assessment-helps-screen-candidates,blog,Screening by Skill/Role,
https://testlify.com/leadership-assessment-need-in-hiring-process/,leadership-assessment-need-in-hiring-process,blog,Assessments & Testing,Assessment general
https://testlify.com/leadership-development-programs-for-hr-professionals/,leadership-development-programs-for-hr-professionals,blog,Recruiting & Talent Acquisition,General Talent/Team-building
https://testlify.com/leadership-training-programs-for-educators/,leadership-training-programs-for-educators,blog,Employee Experience & Development,Performance & L&D
https://testlify.com/leadership-vs-management-in-project-management/,leadership-vs-management-in-project-management,blog,Competitor Alternatives & Comparisons,
https://testlify.com/leaderships-key-role-in-developing-core-competencies/,leaderships-key-role-in-developing-core-competencies,blog,Recruiting & Talent Acquisition,General Talent/Team-building
https://testlify.com/leading-with-data-6-tech-strategies-for-executive-leaders/,leading-with-data-6-tech-strategies-for-executive-leaders,blog,Recruiting & Talent Acquisition,General Talent/Team-building
https://testlify.com/learning-agility/,learning-agility,blog,Unclustered / Other,
https://testlify.com/learning-and-development-assistant-interview-questions-to-ask-job-applicants/,learning-and-development-assistant-interview-questions-to-ask-job-applicants,blog,Interview Questions (by role),
https://testlify.com/learning-and-development-coordinator-interview-questions-to-ask-job-applicants/,learning-and-development-coordinator-interview-questions-to-ask-job-applicants,blog,Interview Questions (by role),
https://testlify.com/learning-and-development-specialist-interview-questions-to-ask-job-applicants/,learning-and-development-specialist-interview-questions-to-ask-job-applicants,blog,Interview Questions (by role),
https://testlify.com/legal-assistant-interview-questions-to-ask-job-applicants/,legal-assistant-interview-questions-to-ask-job-applicants,blog,Interview Questions (by role),
https://testlify.com/legal-compliance-checklist-for-hiring/,legal-compliance-checklist-for-hiring,blog,HR Operations & Compliance,Policies & Compliance
https://testlify.com/legal-considerations-in-recruitment-compliance-tips/,legal-considerations-in-recruitment-compliance-tips,blog,Recruiting & Talent Acquisition,Recruitment Process & Strategy
https://testlify.com/legal-education-skill-based-testing/,legal-education-skill-based-testing,blog,Assessments & Testing,Assessment general
https://testlify.com/legal-secretary-interview-questions-to-ask-job-applicants/,legal-secretary-interview-questions-to-ask-job-applicants,blog,Interview Questions (by role),
https://testlify.com/leverage-ai-and-automation-for-efficient-hr-processes/,leverage-ai-and-automation-for-efficient-hr-processes,blog,Unclustered / Other,
https://testlify.com/leverage-campus-hiring-for-talent-pipeline/,leverage-campus-hiring-for-talent-pipeline,blog,Recruiting & Talent Acquisition,Sourcing & Candidate Pool
https://testlify.com/leverage-hr-analytics-for-data-driven-decision-making/,leverage-hr-analytics-for-data-driven-decision-making,blog,Unclustered / Other,
https://testlify.com/leveraging-ai-for-cheating-prevention-in-online-assessments/,leveraging-ai-for-cheating-prevention-in-online-assessments,blog,Assessments & Testing,Proctoring & Integrity
https://testlify.com/leveraging-analytics-for-smarter-hiring-in-recruitment/,leveraging-analytics-for-smarter-hiring-in-recruitment,blog,Recruiting & Talent Acquisition,Recruitment Process & Strategy
https://testlify.com/leveraging-paraphrasing-tools-to-enhance-recruitment-strategies/,leveraging-paraphrasing-tools-to-enhance-recruitment-strategies,blog,Recruiting & Talent Acquisition,Recruitment Process & Strategy
https://testlify.com/leveraging-technology-in-talent-acquisition-trends-and-tools/,leveraging-technology-in-talent-acquisition-trends-and-tools,blog,Recruiting & Talent Acquisition,Recruitment Process & Strategy
https://testlify.com/licensing-and-compliance-specialist-questions-to-ask-job-applicants/,licensing-and-compliance-specialist-questions-to-ask-job-applicants,blog,Recruiting & Talent Acquisition,Recruitment Process & Strategy
https://testlify.com/licensing-specialist-interview-questions-to-ask-job-applicants/,licensing-specialist-interview-questions-to-ask-job-applicants,blog,Interview Questions (by role),
https://testlify.com/linux-interview-questions-to-ask-job-applicants/,linux-interview-questions-to-ask-job-applicants,blog,Interview Questions (by role),
https://testlify.com/live-proctoring/,live-proctoring,blog,Assessments & Testing,Proctoring & Integrity
https://testlify.com/loan-officer-interview-questions-to-ask-job-applicants/,loan-officer-interview-questions-to-ask-job-applicants,blog,Interview Questions (by role),
https://testlify.com/loan-processor-assistant-interview-questions-to-ask-job-applicants/,loan-processor-assistant-interview-questions-to-ask-job-applicants,blog,Interview Questions (by role),
https://testlify.com/loan-processor-interview-questions-to-ask-job-applicants/,loan-processor-interview-questions-to-ask-job-applicants,blog,Interview Questions (by role),
https://testlify.com/lockdown-browser/,lockdown-browser,blog,Unclustered / Other,
https://testlify.com/logistics-analyst-interview-questions-to-ask-job-applicants/,logistics-analyst-interview-questions-to-ask-job-applicants,blog,Interview Questions (by role),
https://testlify.com/logistics-assistant-interview-questions-to-ask-job-applicants/,logistics-assistant-interview-questions-to-ask-job-applicants,blog,Interview Questions (by role),
https://testlify.com/logistics-coordinator-interview-questions-to-ask-job-applicants/,logistics-coordinator-interview-questions-to-ask-job-applicants,blog,Interview Questions (by role),
https://testlify.com/logistics-manager-interview-questions-to-ask-job-applicants/,logistics-manager-interview-questions-to-ask-job-applicants,blog,Interview Questions (by role),
https://testlify.com/mailroom-clerk-interview-questions-to-ask-job-applicants/,mailroom-clerk-interview-questions-to-ask-job-applicants,blog,Interview Questions (by role),
https://testlify.com/maintain-employee-performance-reviews-and-feedback/,maintain-employee-performance-reviews-and-feedback,blog,Employee Experience & Development,Performance & L&D
https://testlify.com/maintaining-fairness-designing-cheating-resistant-online-tests/,maintaining-fairness-designing-cheating-resistant-online-tests,blog,Assessments & Testing,Proctoring & Integrity
https://testlify.com/maintenance-coordinator-interview-questions-to-ask-job-applicants/,maintenance-coordinator-interview-questions-to-ask-job-applicants,blog,Interview Questions (by role),
https://testlify.com/maintenance-technician-interview-questions-to-ask-job-applicants/,maintenance-technician-interview-questions-to-ask-job-applicants,blog,Interview Questions (by role),
https://testlify.com/major-trends-in-hiring/,major-trends-in-hiring,blog,"Workplace, Culture & Future of Work",Culture & Trends
https://testlify.com/make-candidates-feel-comfortable-before-taking-assessment/,make-candidates-feel-comfortable-before-taking-assessment,blog,Assessments & Testing,Assessment general
https://testlify.com/make-faster-hiring-decisions-with-real-time-analytics/,make-faster-hiring-decisions-with-real-time-analytics,blog,Recruiting & Talent Acquisition,General Hiring
https://testlify.com/makipeople-alternatives/,makipeople-alternatives,blog,Competitor Alternatives & Comparisons,
https://testlify.com/manage-and-prevent-workplace-harassment-in-organization/,manage-and-prevent-workplace-harassment-in-organization,blog,HR Operations & Compliance,Policies & Compliance
https://testlify.com/manage-and-prioritize-multiple-open-positions-simultaneously/,manage-and-prioritize-multiple-open-positions-simultaneously,blog,Unclustered / Other,
https://testlify.com/manage-employee-probation-periods/,manage-employee-probation-periods,blog,Employee Experience & Development,Employee general
https://testlify.com/manage-hr-responsibilities-in-small-and-medium-sized-enterprises/,manage-hr-responsibilities-in-small-and-medium-sized-enterprises,blog,Unclustered / Other,
https://testlify.com/management-test-guide-for-hiring-managers/,management-test-guide-for-hiring-managers,blog,Assessments & Testing,Assessment general
https://testlify.com/market-analyst-interview-questions-to-ask-job-applicants/,market-analyst-interview-questions-to-ask-job-applicants,blog,Interview Questions (by role),
https://testlify.com/market-research-analyst-interview-questions-to-ask-job-applicants/,market-research-analyst-interview-questions-to-ask-job-applicants,blog,Interview Questions (by role),
https://testlify.com/market-research-assistant-interview-questions-to-ask-job-applicants/,market-research-assistant-interview-questions-to-ask-job-applicants,blog,Interview Questions (by role),
https://testlify.com/market-research-coordinator-interview-questions-to-ask-job-applicants/,market-research-coordinator-interview-questions-to-ask-job-applicants,blog,Interview Questions (by role),
https://testlify.com/market-researcher-interview-questions-to-ask-job-applicants/,market-researcher-interview-questions-to-ask-job-applicants,blog,Interview Questions (by role),
https://testlify.com/marketing-analyst-interview-questions-to-ask-job-applicants/,marketing-analyst-interview-questions-to-ask-job-applicants,blog,Interview Questions (by role),
https://testlify.com/marketing-assistant-interview-questions-to-ask-job-applicants/,marketing-assistant-interview-questions-to-ask-job-applicants,blog,Interview Questions (by role),
https://testlify.com/marketing-automation-specialist-interview-questions-to-ask-job-applicants/,marketing-automation-specialist-interview-questions-to-ask-job-applicants,blog,Interview Questions (by role),
https://testlify.com/marketing-communications-manager-interview-questions-to-ask-job-applicants/,marketing-communications-manager-interview-questions-to-ask-job-applicants,blog,Interview Questions (by role),
https://testlify.com/marketing-coordinator-interview-questions-to-ask-job-applicants/,marketing-coordinator-interview-questions-to-ask-job-applicants,blog,Interview Questions (by role),
https://testlify.com/marketing-manager-interview-questions-to-ask-job-applicants/,marketing-manager-interview-questions-to-ask-job-applicants,blog,Interview Questions (by role),
https://testlify.com/marketing-operations-manager-interview-questions-to-ask-job-applicants/,marketing-operations-manager-interview-questions-to-ask-job-applicants,blog,Interview Questions (by role),
https://testlify.com/marketing-operations-specialist-interview-questions-to-ask-job-applicants/,marketing-operations-specialist-interview-questions-to-ask-job-applicants,blog,Interview Questions (by role),
https://testlify.com/marketing-specialist-interview-questions-to-ask-job-applicants/,marketing-specialist-interview-questions-to-ask-job-applicants,blog,Interview Questions (by role),
https://testlify.com/marketing-test-in-your-hiring-process/,marketing-test-in-your-hiring-process,blog,Assessments & Testing,Assessment general
https://testlify.com/maryland-employment-and-labor-laws/,maryland-employment-and-labor-laws,blog,HR Operations & Compliance,Policies & Compliance
https://testlify.com/mass-recruitment/,mass-recruitment,blog,Recruiting & Talent Acquisition,Recruitment Process & Strategy
https://testlify.com/massachusetts-employment-and-labor-laws-2025/,massachusetts-employment-and-labor-laws-2025,blog,HR Operations & Compliance,Policies & Compliance
https://testlify.com/mastering-the-art-of-employer-branding-on-job-sites/,mastering-the-art-of-employer-branding-on-job-sites,blog,"Workplace, Culture & Future of Work",Culture & Trends
https://testlify.com/mastering-the-art-of-pre-employment-assessment-methods/,mastering-the-art-of-pre-employment-assessment-methods,blog,Assessments & Testing,Pre-employment / Pre-hire
https://testlify.com/materials-planner-interview-questions-to-ask-job-applicants/,materials-planner-interview-questions-to-ask-job-applicants,blog,Interview Questions (by role),
https://testlify.com/maximize-hiring-success-with-a-comprehension-test/,maximize-hiring-success-with-a-comprehension-test,blog,Assessments & Testing,Assessment general
https://testlify.com/maximize-roi-with-employee-assessments/,maximize-roi-with-employee-assessments,blog,Assessments & Testing,Assessment general
https://testlify.com/maximizing-recruitment-roi-using-recruitment-software/,maximizing-recruitment-roi-using-recruitment-software,blog,Recruiting & Talent Acquisition,Recruitment Process & Strategy
https://testlify.com/measure-recruitment-performance-with-limited-data/,measure-recruitment-performance-with-limited-data,blog,Recruiting & Talent Acquisition,Recruitment Process & Strategy
https://testlify.com/measure-success-of-strategic-human-resource-planning/,measure-success-of-strategic-human-resource-planning,blog,Recruiting & Talent Acquisition,Sourcing & Candidate Pool
https://testlify.com/measures-to-promote-dei-in-hiring-practices/,measures-to-promote-dei-in-hiring-practices,blog,"Workplace, Culture & Future of Work",DEI
https://testlify.com/measuring-the-roi-of-ats-integrations/,measuring-the-roi-of-ats-integrations,blog,Recruiting & Talent Acquisition,Recruitment Process & Strategy
https://testlify.com/measuring-the-roi-of-talent-acquisition/,measuring-the-roi-of-talent-acquisition,blog,Recruiting & Talent Acquisition,Recruitment Process & Strategy
https://testlify.com/mechanic-test-helps-you-screen-candidates/,mechanic-test-helps-you-screen-candidates,blog,Screening by Skill/Role,
https://testlify.com/mechanical-engineering-test-to-assess-technical-skill/,mechanical-engineering-test-to-assess-technical-skill,blog,Skills Tests & Evaluation (by skill),
https://testlify.com/media-planner-interview-questions-to-ask-job-applicants/,media-planner-interview-questions-to-ask-job-applicants,blog,Interview Questions (by role),
https://testlify.com/media-relations-coordinator-interview-questions-to-ask-job-applicants/,media-relations-coordinator-interview-questions-to-ask-job-applicants,blog,Interview Questions (by role),
https://testlify.com/media-relations-specialist-interview-questions-to-ask-job-applicants/,media-relations-specialist-interview-questions-to-ask-job-applicants,blog,Interview Questions (by role),
https://testlify.com/medical-coder-interview-questions-to-ask-job-applicants/,medical-coder-interview-questions-to-ask-job-applicants,blog,Interview Questions (by role),
https://testlify.com/medical-transcriptionist-interview-questions-to-ask-job-applicants/,medical-transcriptionist-interview-questions-to-ask-job-applicants,blog,Interview Questions (by role),
https://testlify.com/meet-aggressive-hiring-targets/,meet-aggressive-hiring-targets,blog,Recruiting & Talent Acquisition,General Hiring
https://testlify.com/metrics-to-evaluate-the-efficiency-effectiveness-of-hiring-process/,metrics-to-evaluate-the-efficiency-effectiveness-of-hiring-process,blog,Recruiting & Talent Acquisition,Recruitment Process & Strategy
https://testlify.com/mettl-alternatives/,mettl-alternatives,blog,Competitor Alternatives & Comparisons,
https://testlify.com/michigan-employment-and-labor-laws/,michigan-employment-and-labor-laws,blog,HR Operations & Compliance,Policies & Compliance
https://testlify.com/microsoft-office-test-in-your-hiring-process/,microsoft-office-test-in-your-hiring-process,blog,Assessments & Testing,Assessment general
https://testlify.com/minnesota-employment-and-labor-laws/,minnesota-employment-and-labor-laws,blog,HR Operations & Compliance,Policies & Compliance
https://testlify.com/mistakes-to-avoid-strategic-human-resource-planning/,mistakes-to-avoid-strategic-human-resource-planning,blog,Recruiting & Talent Acquisition,Sourcing & Candidate Pool
https://testlify.com/mistakes-to-avoid-when-building-your-hr-toolkit/,mistakes-to-avoid-when-building-your-hr-toolkit,blog,HR Operations & Compliance,HR general / HRM
https://testlify.com/mistakes-to-avoid-while-hiring-remotely/,mistakes-to-avoid-while-hiring-remotely,blog,"Workplace, Culture & Future of Work",Remote & Hybrid
https://testlify.com/mobile-tools-to-simplify-hr-tasks/,mobile-tools-to-simplify-hr-tasks,blog,Unclustered / Other,
https://testlify.com/modern-recruitment/,modern-recruitment,blog,Recruiting & Talent Acquisition,Recruitment Process & Strategy
https://testlify.com/moonlighting/,moonlighting,blog,Unclustered / Other,
https://testlify.com/mortgage-underwriter-interview-questions-to-ask-job-applicants/,mortgage-underwriter-interview-questions-to-ask-job-applicants,blog,Interview Questions (by role),
https://testlify.com/most-in-demand-skills-driving-the-leadership-development/,most-in-demand-skills-driving-the-leadership-development,blog,Recruiting & Talent Acquisition,General Talent/Team-building
https://testlify.com/most-pressing-issues-in-the-workplace-with-solutions/,most-pressing-issues-in-the-workplace-with-solutions,blog,"Workplace, Culture & Future of Work",Culture & Trends
https://testlify.com/must-have-checklist-for-candidate-assessments/,must-have-checklist-for-candidate-assessments,blog,Assessments & Testing,Assessment general
https://testlify.com/must-have-documents-in-your-hr-toolkit/,must-have-documents-in-your-hr-toolkit,blog,HR Operations & Compliance,HR general / HRM
https://testlify.com/must-have-elements-in-programming-test/,must-have-elements-in-programming-test,blog,Assessments & Testing,Assessment general
https://testlify.com/must-know-hr-and-recruitment-statistics/,must-know-hr-and-recruitment-statistics,blog,Recruiting & Talent Acquisition,Recruitment Process & Strategy
https://testlify.com/navigate-challenges-in-cross-cultural-communication/,navigate-challenges-in-cross-cultural-communication,blog,Unclustered / Other,
https://testlify.com/navigate-ethical-considerations-in-lateral-hiring/,navigate-ethical-considerations-in-lateral-hiring,blog,Recruiting & Talent Acquisition,General Hiring
https://testlify.com/navigate-hr-challenges-in-a-changing-business-environment/,navigate-hr-challenges-in-a-changing-business-environment,blog,Unclustered / Other,
https://testlify.com/navigating-talent-planning-in-the-digital-era/,navigating-talent-planning-in-the-digital-era,blog,Recruiting & Talent Acquisition,General Talent/Team-building
https://testlify.com/navigating-the-hiring-landscape-in-the-energy-industry/,navigating-the-hiring-landscape-in-the-energy-industry,blog,Recruiting & Talent Acquisition,General Hiring
https://testlify.com/navigating-the-hiring-landscape-in-the-real-estate-industry/,navigating-the-hiring-landscape-in-the-real-estate-industry,blog,Recruiting & Talent Acquisition,General Hiring
https://testlify.com/negative-impact-of-lengthy-recruitment-process/,negative-impact-of-lengthy-recruitment-process,blog,Recruiting & Talent Acquisition,Recruitment Process & Strategy
https://testlify.com/negotiate-competitive-salary-and-benefits-packages-within-budget-constraints/,negotiate-competitive-salary-and-benefits-packages-within-budget-constraints,blog,HR Operations & Compliance,Compensation & Benefits
https://testlify.com/netflix-hiring-process/,netflix-hiring-process,blog,Recruiting & Talent Acquisition,Recruitment Process & Strategy
https://testlify.com/network-administrator-interview-questions-to-ask-job-applicants/,network-administrator-interview-questions-to-ask-job-applicants,blog,Interview Questions (by role),
https://testlify.com/network-technician-interview-questions-to-ask-job-applicants/,network-technician-interview-questions-to-ask-job-applicants,blog,Interview Questions (by role),
https://testlify.com/new-and-emerging-trends-in-programming-tests/,new-and-emerging-trends-in-programming-tests,blog,Assessments & Testing,Assessment general
https://testlify.com/new-hire-orientations-for-remote-teams/,new-hire-orientations-for-remote-teams,blog,"Workplace, Culture & Future of Work",Remote & Hybrid
https://testlify.com/new-hire-orientations-for-small-businesses/,new-hire-orientations-for-small-businesses,blog,Recruiting & Talent Acquisition,General Hiring
https://testlify.com/new-hire-orientations-for-startups/,new-hire-orientations-for-startups,blog,Recruiting & Talent Acquisition,General Hiring
https://testlify.com/new-hire-orientations-for-the-future-of-work/,new-hire-orientations-for-the-future-of-work,blog,"Workplace, Culture & Future of Work",Culture & Trends
https://testlify.com/new-jersey-employment-and-labor-laws/,new-jersey-employment-and-labor-laws,blog,HR Operations & Compliance,Policies & Compliance
https://testlify.com/new-mexico-employment-and-labor-laws/,new-mexico-employment-and-labor-laws,blog,HR Operations & Compliance,Policies & Compliance
https://testlify.com/new-york-employment-and-labor-laws/,new-york-employment-and-labor-laws,blog,HR Operations & Compliance,Policies & Compliance
https://testlify.com/nvidia-interview-process/,nvidia-interview-process,blog,Recruiting & Talent Acquisition,Interviewing (process/skills)
https://testlify.com/occupational-health-and-safety-coordinator-interview-questions-to-ask-job-applicants/,occupational-health-and-safety-coordinator-interview-questions-to-ask-job-applicants,blog,Interview Questions (by role),
https://testlify.com/office-administrator-interview-questions-to-ask-job-applicants/,office-administrator-interview-questions-to-ask-job-applicants,blog,Interview Questions (by role),
https://testlify.com/office-assistant-interview-questions-to-ask-job-applicants/,office-assistant-interview-questions-to-ask-job-applicants,blog,Interview Questions (by role),
https://testlify.com/office-manager-interview-questions-to-ask-job-applicants/,office-manager-interview-questions-to-ask-job-applicants,blog,Interview Questions (by role),
https://testlify.com/office-services-coordinator-interview-questions-to-ask-job-applicants/,office-services-coordinator-interview-questions-to-ask-job-applicants,blog,Interview Questions (by role),
https://testlify.com/ohio-employment-and-labor-laws/,ohio-employment-and-labor-laws,blog,HR Operations & Compliance,Policies & Compliance
https://testlify.com/on-demand-recruitment/,on-demand-recruitment,blog,Recruiting & Talent Acquisition,Recruitment Process & Strategy
https://testlify.com/onboarding-checklist/,onboarding-checklist,blog,Employee Experience & Development,Onboarding
https://testlify.com/onboarding-email-templates/,onboarding-email-templates,blog,Employee Experience & Development,Onboarding
https://testlify.com/onboarding-external-workers-in-business/,onboarding-external-workers-in-business,blog,Employee Experience & Development,Onboarding
https://testlify.com/onboarding-ideas-to-welcome-new-employees/,onboarding-ideas-to-welcome-new-employees,blog,Employee Experience & Development,Onboarding
https://testlify.com/online-assessment-tests-for-successful-recruitment-process/,online-assessment-tests-for-successful-recruitment-process,blog,Assessments & Testing,Assessment general
https://testlify.com/online-proctoring/,online-proctoring,blog,Assessments & Testing,Proctoring & Integrity
https://testlify.com/online-proctors-in-test-fairness-and-integrity/,online-proctors-in-test-fairness-and-integrity,blog,Assessments & Testing,Proctoring & Integrity
https://testlify.com/open-pay-policies-impact-employee-satisfaction-and-retention/,open-pay-policies-impact-employee-satisfaction-and-retention,blog,Employee Experience & Development,Engagement & Retention
https://testlify.com/openai-interview-process/,openai-interview-process,blog,Recruiting & Talent Acquisition,Interviewing (process/skills)
https://testlify.com/operationalize-dei-in-enterprise-recruitment-funnel/,operationalize-dei-in-enterprise-recruitment-funnel,blog,Recruiting & Talent Acquisition,Recruitment Process & Strategy
https://testlify.com/operations-analyst-interview-questions-to-ask-job-applicants/,operations-analyst-interview-questions-to-ask-job-applicants,blog,Interview Questions (by role),
https://testlify.com/operations-manager-interview-questions-to-ask-job-applicants/,operations-manager-interview-questions-to-ask-job-applicants,blog,Interview Questions (by role),
https://testlify.com/operations-supervisor-interview-questions-to-ask-job-applicants/,operations-supervisor-interview-questions-to-ask-job-applicants,blog,Interview Questions (by role),
https://testlify.com/optimize-resume-for-tech-jobs/,optimize-resume-for-tech-jobs,blog,Unclustered / Other,
https://testlify.com/optimizing-talent-acquisition-with-ai-and-ppc/,optimizing-talent-acquisition-with-ai-and-ppc,blog,Recruiting & Talent Acquisition,Recruitment Process & Strategy
https://testlify.com/order-fulfillment-specialist-interview-questions-to-ask-job-applicants/,order-fulfillment-specialist-interview-questions-to-ask-job-applicants,blog,Interview Questions (by role),
https://testlify.com/order-processor-interview-questions-to-ask-job-applicants/,order-processor-interview-questions-to-ask-job-applicants,blog,Interview Questions (by role),
https://testlify.com/organizational-development-assistant-interview-questions-to-ask-job-applicants/,organizational-development-assistant-interview-questions-to-ask-job-applicants,blog,Interview Questions (by role),
https://testlify.com/organizational-development-for-remote-teams/,organizational-development-for-remote-teams,blog,"Workplace, Culture & Future of Work",Remote & Hybrid
https://testlify.com/organizational-development-for-small-businesses/,organizational-development-for-small-businesses,blog,Unclustered / Other,
https://testlify.com/organizational-development-for-startups/,organizational-development-for-startups,blog,Unclustered / Other,
https://testlify.com/organizational-structure-influence-hiring-decisions/,organizational-structure-influence-hiring-decisions,blog,HR Operations & Compliance,Workforce & Succession Planning
https://testlify.com/outbound-recruiting-strategies-to-hire-faster/,outbound-recruiting-strategies-to-hire-faster,blog,Recruiting & Talent Acquisition,Recruitment Process & Strategy
https://testlify.com/outsourcing-talent-screening-client-satisfaction/,outsourcing-talent-screening-client-satisfaction,blog,Screening by Skill/Role,
https://testlify.com/overcome-lack-of-diversity-due-to-unconscious-bias-in-sourcing-and-selection/,overcome-lack-of-diversity-due-to-unconscious-bias-in-sourcing-and-selection,blog,Recruiting & Talent Acquisition,Sourcing & Candidate Pool
https://testlify.com/overcome-the-challenges-of-a-limited-budget-for-recruiting/,overcome-the-challenges-of-a-limited-budget-for-recruiting,blog,Recruiting & Talent Acquisition,Recruitment Process & Strategy
https://testlify.com/overcome-unconscious-bias-in-hiring/,overcome-unconscious-bias-in-hiring,blog,"Workplace, Culture & Future of Work",DEI
https://testlify.com/overcoming-campus-hiring-recruitment-challenges/,overcoming-campus-hiring-recruitment-challenges,blog,Recruiting & Talent Acquisition,Recruitment Process & Strategy
https://testlify.com/overcoming-hr-challenges-from-sourcing-to-onboarding/,overcoming-hr-challenges-from-sourcing-to-onboarding,blog,Recruiting & Talent Acquisition,Sourcing & Candidate Pool
https://testlify.com/paralegal-interview-questions-to-ask-job-applicants/,paralegal-interview-questions-to-ask-job-applicants,blog,Interview Questions (by role),
https://testlify.com/partnership-manager-interview-questions-to-ask-job-applicants/,partnership-manager-interview-questions-to-ask-job-applicants,blog,Interview Questions (by role),
https://testlify.com/passive-candidates/,passive-candidates,blog,Recruiting & Talent Acquisition,Sourcing & Candidate Pool
https://testlify.com/patient-registrar-interview-questions-to-ask-job-applicants/,patient-registrar-interview-questions-to-ask-job-applicants,blog,Interview Questions (by role),
https://testlify.com/pay-transparency/,pay-transparency,blog,Unclustered / Other,
https://testlify.com/payroll-administrator-interview-questions-to-ask-job-applicants/,payroll-administrator-interview-questions-to-ask-job-applicants,blog,Interview Questions (by role),
https://testlify.com/payroll-specialist-interview-questions-to-ask-job-applicants/,payroll-specialist-interview-questions-to-ask-job-applicants,blog,Interview Questions (by role),
https://testlify.com/pennsylvania-employment-and-labor-laws/,pennsylvania-employment-and-labor-laws,blog,HR Operations & Compliance,Policies & Compliance
https://testlify.com/people-management-skills/,people-management-skills,blog,HR Operations & Compliance,HR general / HRM
https://testlify.com/peoplogicaskill-alternatives/,peoplogicaskill-alternatives,blog,Competitor Alternatives & Comparisons,
https://testlify.com/percentile-scores/,percentile-scores,blog,Unclustered / Other,
https://testlify.com/performance-appraisals-in-remote-work-environments/,performance-appraisals-in-remote-work-environments,blog,Employee Experience & Development,Performance & L&D
https://testlify.com/performance-management-coordinator-interview-questions-to-ask-job-applicants/,performance-management-coordinator-interview-questions-to-ask-job-applicants,blog,Interview Questions (by role),
https://testlify.com/performance-management-cycle/,performance-management-cycle,blog,Employee Experience & Development,Performance & L&D
https://testlify.com/performance-management-system-in-remote-teams/,performance-management-system-in-remote-teams,blog,Employee Experience & Development,Performance & L&D
https://testlify.com/performance-management-system-in-the-future-of-work/,performance-management-system-in-the-future-of-work,blog,Employee Experience & Development,Performance & L&D
https://testlify.com/performance-marketing-performance-hiring-skills-assessments/,performance-marketing-performance-hiring-skills-assessments,blog,Skills Tests & Evaluation (by skill),
https://testlify.com/perks-to-boost-employee-engagement-and-morale/,perks-to-boost-employee-engagement-and-morale,blog,Employee Experience & Development,Engagement & Retention
https://testlify.com/personality-hires/,personality-hires,blog,Assessments & Testing,Personality & Psychometric
https://testlify.com/personality-test-using-images/,personality-test-using-images,blog,Assessments & Testing,Personality & Psychometric
https://testlify.com/personality-tests-for-hiring-are-a-must-have/,personality-tests-for-hiring-are-a-must-have,blog,Assessments & Testing,Personality & Psychometric
https://testlify.com/personality-tests-reliable-for-candidate-evaluation/,personality-tests-reliable-for-candidate-evaluation,blog,Assessments & Testing,Personality & Psychometric
https://testlify.com/personally-identifiable-information/,personally-identifiable-information,blog,Unclustered / Other,
https://testlify.com/perspect-ai-alternatives/,perspect-ai-alternatives,blog,Competitor Alternatives & Comparisons,
https://testlify.com/pharmacy-technician-interview-questions-to-ask-job-applicants/,pharmacy-technician-interview-questions-to-ask-job-applicants,blog,Interview Questions (by role),
https://testlify.com/phased-return-to-work/,phased-return-to-work,blog,Unclustered / Other,
https://testlify.com/picocean-perosnality-test/,picocean-perosnality-test,blog,Assessments & Testing,Assessment general
https://testlify.com/picture-personality-test/,picture-personality-test,blog,Assessments & Testing,Personality & Psychometric
https://testlify.com/pink-collar-jobs/,pink-collar-jobs,blog,Unclustered / Other,
https://testlify.com/pixonality-alternatives/,pixonality-alternatives,blog,Competitor Alternatives & Comparisons,
https://testlify.com/platforms-for-ai-recruitment-agents/,platforms-for-ai-recruitment-agents,blog,Recruiting & Talent Acquisition,Recruitment Process & Strategy
https://testlify.com/plumber-test-helps-you-screen-candidates/,plumber-test-helps-you-screen-candidates,blog,Screening by Skill/Role,
https://testlify.com/policy-analyst-interview-questions-to-ask-job-applicants/,policy-analyst-interview-questions-to-ask-job-applicants,blog,Interview Questions (by role),
https://testlify.com/post-hire-employee-monitoring-and-behavioral-analysis/,post-hire-employee-monitoring-and-behavioral-analysis,blog,Employee Experience & Development,Employee general
https://testlify.com/potential-legal-risks-of-pre-hiring-assessments/,potential-legal-risks-of-pre-hiring-assessments,blog,Assessments & Testing,Assessment general
https://testlify.com/power-bi-test-data-driven-roles/,power-bi-test-data-driven-roles,blog,Assessments & Testing,Assessment general
https://testlify.com/power-skills/,power-skills,blog,Unclustered / Other,
https://testlify.com/ppc-specialist-interview-questions-to-ask-job-applicants/,ppc-specialist-interview-questions-to-ask-job-applicants,blog,Interview Questions (by role),
https://testlify.com/pr-coordinator-interview-questions-to-ask-job-applicants/,pr-coordinator-interview-questions-to-ask-job-applicants,blog,Interview Questions (by role),
https://testlify.com/pr-manager-interview-questions-to-ask-job-applicants/,pr-manager-interview-questions-to-ask-job-applicants,blog,Interview Questions (by role),
https://testlify.com/practical-guide-hiring-virtual-assistants-business/,practical-guide-hiring-virtual-assistants-business,blog,Recruiting & Talent Acquisition,General Hiring
https://testlify.com/practical-ways-to-evaluate-job-candidates-remotely/,practical-ways-to-evaluate-job-candidates-remotely,blog,"Workplace, Culture & Future of Work",Remote & Hybrid
https://testlify.com/pre-employment-assessments-what-you-need-to-know/,pre-employment-assessments-what-you-need-to-know,blog,Assessments & Testing,Pre-employment / Pre-hire
https://testlify.com/pre-employment-disc-personality-test-a-must-have-tool-for-hiring/,pre-employment-disc-personality-test-a-must-have-tool-for-hiring,blog,Assessments & Testing,Personality & Psychometric
https://testlify.com/pre-employment-emotional-intelligence-test-a-must-have-tool-for-hiring/,pre-employment-emotional-intelligence-test-a-must-have-tool-for-hiring,blog,Assessments & Testing,Pre-employment / Pre-hire
https://testlify.com/pre-employment-personality-tests-a-must-have-tool-for-hiring/,pre-employment-personality-tests-a-must-have-tool-for-hiring,blog,Assessments & Testing,Personality & Psychometric
https://testlify.com/pre-employment-screening-in-hiring-process/,pre-employment-screening-in-hiring-process,blog,Screening by Skill/Role,
https://testlify.com/pre-employment-tests-for-hiring-success/,pre-employment-tests-for-hiring-success,blog,Assessments & Testing,Pre-employment / Pre-hire
https://testlify.com/pre-employment-tests-strategies-and-tips/,pre-employment-tests-strategies-and-tips,blog,Assessments & Testing,Pre-employment / Pre-hire
https://testlify.com/pre-hire-assessment-for-graduate-hiring/,pre-hire-assessment-for-graduate-hiring,blog,Assessments & Testing,Pre-employment / Pre-hire
https://testlify.com/pre-hire-assessments-for-automotive-industry/,pre-hire-assessments-for-automotive-industry,blog,Assessments & Testing,Pre-employment / Pre-hire
https://testlify.com/pre-hire-assessments-for-aviation-industry/,pre-hire-assessments-for-aviation-industry,blog,Assessments & Testing,Pre-employment / Pre-hire
https://testlify.com/pre-hire-assessments-for-call-centers/,pre-hire-assessments-for-call-centers,blog,Assessments & Testing,Pre-employment / Pre-hire
https://testlify.com/pre-hire-assessments-for-construction-industry/,pre-hire-assessments-for-construction-industry,blog,Assessments & Testing,Pre-employment / Pre-hire
https://testlify.com/pre-hire-assessments-for-consulting-industry/,pre-hire-assessments-for-consulting-industry,blog,Assessments & Testing,Pre-employment / Pre-hire
https://testlify.com/pre-hire-assessments-for-e-commerce-industry/,pre-hire-assessments-for-e-commerce-industry,blog,Assessments & Testing,Pre-employment / Pre-hire
https://testlify.com/pre-hire-assessments-for-education-industry/,pre-hire-assessments-for-education-industry,blog,Assessments & Testing,Pre-employment / Pre-hire
https://testlify.com/pre-hire-assessments-for-engineering-industry/,pre-hire-assessments-for-engineering-industry,blog,Assessments & Testing,Pre-employment / Pre-hire
https://testlify.com/pre-hire-assessments-for-entertainment-and-media-industry/,pre-hire-assessments-for-entertainment-and-media-industry,blog,Assessments & Testing,Pre-employment / Pre-hire
https://testlify.com/pre-hire-assessments-for-financial-services-industry/,pre-hire-assessments-for-financial-services-industry,blog,Assessments & Testing,Pre-employment / Pre-hire
https://testlify.com/pre-hire-assessments-for-food-and-beverage-industry/,pre-hire-assessments-for-food-and-beverage-industry,blog,Assessments & Testing,Pre-employment / Pre-hire
https://testlify.com/pre-hire-assessments-for-healthcare-industry/,pre-hire-assessments-for-healthcare-industry,blog,Assessments & Testing,Pre-employment / Pre-hire
https://testlify.com/pre-hire-assessments-for-high-volume-hiring/,pre-hire-assessments-for-high-volume-hiring,blog,Assessments & Testing,Pre-employment / Pre-hire
https://testlify.com/pre-hire-assessments-for-hospitality-maximizing-recruitment-success-in-the-dynamic-industry/,pre-hire-assessments-for-hospitality-maximizing-recruitment-success-in-the-dynamic-industry,blog,Assessments & Testing,Pre-employment / Pre-hire
https://testlify.com/pre-hire-assessments-for-hr-and-recruitment-industry/,pre-hire-assessments-for-hr-and-recruitment-industry,blog,Assessments & Testing,Pre-employment / Pre-hire
https://testlify.com/pre-hire-assessments-for-information-technology-industry/,pre-hire-assessments-for-information-technology-industry,blog,Assessments & Testing,Pre-employment / Pre-hire
https://testlify.com/pre-hire-assessments-for-legal-industry/,pre-hire-assessments-for-legal-industry,blog,Assessments & Testing,Pre-employment / Pre-hire
https://testlify.com/pre-hire-assessments-for-manufacturing-industry/,pre-hire-assessments-for-manufacturing-industry,blog,Assessments & Testing,Pre-employment / Pre-hire
https://testlify.com/pre-hire-assessments-for-marketing-and-advertising-industry/,pre-hire-assessments-for-marketing-and-advertising-industry,blog,Assessments & Testing,Pre-employment / Pre-hire
https://testlify.com/pre-hire-assessments-for-nonprofit-sector/,pre-hire-assessments-for-nonprofit-sector,blog,Assessments & Testing,Pre-employment / Pre-hire
https://testlify.com/pre-hire-assessments-for-pharmaceuticals-industry/,pre-hire-assessments-for-pharmaceuticals-industry,blog,Assessments & Testing,Pre-employment / Pre-hire
https://testlify.com/pre-hire-assessments-for-retail-industry/,pre-hire-assessments-for-retail-industry,blog,Assessments & Testing,Pre-employment / Pre-hire
https://testlify.com/pre-hire-assessments-for-sales/,pre-hire-assessments-for-sales,blog,Assessments & Testing,Pre-employment / Pre-hire
https://testlify.com/pre-hire-assessments-for-technicians/,pre-hire-assessments-for-technicians,blog,Assessments & Testing,Pre-employment / Pre-hire
https://testlify.com/pre-hire-assessments-for-telecommunications-industry/,pre-hire-assessments-for-telecommunications-industry,blog,Assessments & Testing,Pre-employment / Pre-hire
https://testlify.com/pre-hire-assessments-for-transportation-and-logistics-industry/,pre-hire-assessments-for-transportation-and-logistics-industry,blog,Assessments & Testing,Pre-employment / Pre-hire
https://testlify.com/pre-hire-assessments-for-warehouse-operatives/,pre-hire-assessments-for-warehouse-operatives,blog,Assessments & Testing,Pre-employment / Pre-hire
https://testlify.com/pre-hiring-assessments-an-accurate-predictor-of-career-progression/,pre-hiring-assessments-an-accurate-predictor-of-career-progression,blog,Assessments & Testing,Assessment general
https://testlify.com/pre-hiring-assessments-be-tailored-to-specific-roles/,pre-hiring-assessments-be-tailored-to-specific-roles,blog,Assessments & Testing,Assessment general
https://testlify.com/pre-hiring-assessments-contribute-to-diversity-hiring/,pre-hiring-assessments-contribute-to-diversity-hiring,blog,Assessments & Testing,Assessment general
https://testlify.com/pre-hiring-assessments-fair-to-all-candidates/,pre-hiring-assessments-fair-to-all-candidates,blog,Assessments & Testing,Assessment general
https://testlify.com/pre-hiring-assessments-impact-time-to-fill-metrics/,pre-hiring-assessments-impact-time-to-fill-metrics,blog,Assessments & Testing,Assessment general
https://testlify.com/pre-hiring-assessments-impact-time-to-hire-metrics/,pre-hiring-assessments-impact-time-to-hire-metrics,blog,Assessments & Testing,Assessment general
https://testlify.com/pre-hiring-assessments-scalable-for-high-volume-hiring/,pre-hiring-assessments-scalable-for-high-volume-hiring,blog,Assessments & Testing,Assessment general
https://testlify.com/predicting-job-performance-the-big-five-as-a-recruitment-tool/,predicting-job-performance-the-big-five-as-a-recruitment-tool,blog,Assessments & Testing,Personality & Psychometric
https://testlify.com/predictive-analytics-for-remote-workforce-management/,predictive-analytics-for-remote-workforce-management,blog,Employee Experience & Development,Employee general
https://testlify.com/predictive-hiring/,predictive-hiring,blog,Recruiting & Talent Acquisition,General Hiring
https://testlify.com/predictive-validity/,predictive-validity,blog,Assessments & Testing,Proctoring & Integrity
https://testlify.com/prevent-impostors-in-video-interviews/,prevent-impostors-in-video-interviews,blog,Recruiting & Talent Acquisition,Interviewing (process/skills)
https://testlify.com/prevent-qualification-fraud-in-hiring/,prevent-qualification-fraud-in-hiring,blog,Assessments & Testing,Proctoring & Integrity
https://testlify.com/pricing-analyst-interview-questions-to-ask-job-applicants/,pricing-analyst-interview-questions-to-ask-job-applicants,blog,Interview Questions (by role),
https://testlify.com/primary-benefits-of-implementing-time-tracking-systems-for-employees/,primary-benefits-of-implementing-time-tracking-systems-for-employees,blog,HR Operations & Compliance,Compensation & Benefits
https://testlify.com/prioritization-matrix/,prioritization-matrix,blog,Unclustered / Other,
https://testlify.com/prioritize-financial-literacy-test-in-hiring/,prioritize-financial-literacy-test-in-hiring,blog,Assessments & Testing,Assessment general
https://testlify.com/proactive-recruitment/,proactive-recruitment,blog,Recruiting & Talent Acquisition,Recruitment Process & Strategy
https://testlify.com/problem-solving-test-enhance-recruitment-efforts/,problem-solving-test-enhance-recruitment-efforts,blog,Assessments & Testing,Assessment general
https://testlify.com/process-knowledge-tests-101-a-beginners-guide/,process-knowledge-tests-101-a-beginners-guide,blog,Assessments & Testing,Assessment general
https://testlify.com/proctored-exam/,proctored-exam,blog,Assessments & Testing,Proctoring & Integrity
https://testlify.com/proctored-exams-key-features/,proctored-exams-key-features,blog,Assessments & Testing,Proctoring & Integrity
https://testlify.com/proctored-live-coding-projects/,proctored-live-coding-projects,blog,Assessments & Testing,Proctoring & Integrity
https://testlify.com/proctoring-services-compared/,proctoring-services-compared,blog,Assessments & Testing,Proctoring & Integrity
https://testlify.com/procurement-analyst-interview-questions-to-ask-job-applicants/,procurement-analyst-interview-questions-to-ask-job-applicants,blog,Interview Questions (by role),
https://testlify.com/procurement-assistant-interview-questions-to-ask-job-applicants/,procurement-assistant-interview-questions-to-ask-job-applicants,blog,Interview Questions (by role),
https://testlify.com/procurement-coordinator-interview-questions-to-ask-job-applicants/,procurement-coordinator-interview-questions-to-ask-job-applicants,blog,Interview Questions (by role),
https://testlify.com/procurement-manager-interview-questions-to-ask-job-applicants/,procurement-manager-interview-questions-to-ask-job-applicants,blog,Interview Questions (by role),
https://testlify.com/procurement-specialist-interview-questions-to-ask-job-applicants/,procurement-specialist-interview-questions-to-ask-job-applicants,blog,Interview Questions (by role),
https://testlify.com/product-analyst-interview-questions-to-ask-job-applicants/,product-analyst-interview-questions-to-ask-job-applicants,blog,Interview Questions (by role),
https://testlify.com/product-development-strategist-interview-questions-to-ask-job-applicants/,product-development-strategist-interview-questions-to-ask-job-applicants,blog,Interview Questions (by role),
https://testlify.com/product-manager-interview-questions-to-ask-job-applicants/,product-manager-interview-questions-to-ask-job-applicants,blog,Interview Questions (by role),
https://testlify.com/product-marketing-manager-interview-questions-to-ask-job-applicants/,product-marketing-manager-interview-questions-to-ask-job-applicants,blog,Interview Questions (by role),
https://testlify.com/product-support-specialist-interview-questions-to-ask-job-applicants/,product-support-specialist-interview-questions-to-ask-job-applicants,blog,Interview Questions (by role),
https://testlify.com/production-planner-interview-questions-to-ask-job-applicants/,production-planner-interview-questions-to-ask-job-applicants,blog,Interview Questions (by role),
https://testlify.com/production-scheduler-interview-questions-to-ask-job-applicants/,production-scheduler-interview-questions-to-ask-job-applicants,blog,Interview Questions (by role),
https://testlify.com/programming-tests-a-complete-guide/,programming-tests-a-complete-guide,blog,Assessments & Testing,Assessment general
https://testlify.com/programming-tests-to-hire-top-talent/,programming-tests-to-hire-top-talent,blog,Assessments & Testing,Assessment general
https://testlify.com/project-coordinator-interview-questions-to-ask-job-applicants/,project-coordinator-interview-questions-to-ask-job-applicants,blog,Interview Questions (by role),
https://testlify.com/project-management-test-help-you-hire-top-managers/,project-management-test-help-you-hire-top-managers,blog,Assessments & Testing,Assessment general
https://testlify.com/projective-assessment/,projective-assessment,blog,Assessments & Testing,Assessment general
https://testlify.com/promote-diversity-in-leadership-roles-within-the-organization/,promote-diversity-in-leadership-roles-within-the-organization,blog,"Workplace, Culture & Future of Work",DEI
https://testlify.com/promote-employee-well-being-and-mental-health-in-the-workplace/,promote-employee-well-being-and-mental-health-in-the-workplace,blog,Employee Experience & Development,Engagement & Retention
https://testlify.com/proofreader-interview-questions-to-ask-job-applicants/,proofreader-interview-questions-to-ask-job-applicants,blog,Interview Questions (by role),
https://testlify.com/pros-and-cons-of-personality-tests-in-hiring-process/,pros-and-cons-of-personality-tests-in-hiring-process,blog,Assessments & Testing,Personality & Psychometric
https://testlify.com/pros-and-cons-of-pre-hire-assessments/,pros-and-cons-of-pre-hire-assessments,blog,Assessments & Testing,Pre-employment / Pre-hire
https://testlify.com/pros-and-cons-of-the-disc-personality-test-in-hiring-process/,pros-and-cons-of-the-disc-personality-test-in-hiring-process,blog,Assessments & Testing,Personality & Psychometric
https://testlify.com/pros-and-cons-of-the-emotional-intelligence-test-in-hiring-process/,pros-and-cons-of-the-emotional-intelligence-test-in-hiring-process,blog,Assessments & Testing,Assessment general
https://testlify.com/pros-and-cons-of-using-mechanical-tests/,pros-and-cons-of-using-mechanical-tests,blog,Assessments & Testing,Assessment general
https://testlify.com/pros-cons-of-pre-recorded-video-interviews/,pros-cons-of-pre-recorded-video-interviews,blog,Recruiting & Talent Acquisition,Interviewing (process/skills)
https://testlify.com/provide-compensation-and-benefits-as-a-small-business/,provide-compensation-and-benefits-as-a-small-business,blog,HR Operations & Compliance,Compensation & Benefits
https://testlify.com/providing-compensation-and-benefits-as-a-remote-team/,providing-compensation-and-benefits-as-a-remote-team,blog,HR Operations & Compliance,Compensation & Benefits
https://testlify.com/providing-compensation-and-benefits-as-startup/,providing-compensation-and-benefits-as-startup,blog,HR Operations & Compliance,Compensation & Benefits
https://testlify.com/proxy-interview/,proxy-interview,blog,Recruiting & Talent Acquisition,Interviewing (process/skills)
https://testlify.com/psychometric-assessments-beyond-big-five-personality-test/,psychometric-assessments-beyond-big-five-personality-test,blog,Assessments & Testing,Personality & Psychometric
https://testlify.com/public-affairs-specialist-interview-questions-to-ask-job-applicants/,public-affairs-specialist-interview-questions-to-ask-job-applicants,blog,Interview Questions (by role),
https://testlify.com/public-relations-assistant-interview-questions-to-ask-job-applicants/,public-relations-assistant-interview-questions-to-ask-job-applicants,blog,Interview Questions (by role),
https://testlify.com/public-relations-coordinator-interview-questions-to-ask-job-applicants/,public-relations-coordinator-interview-questions-to-ask-job-applicants,blog,Interview Questions (by role),
https://testlify.com/public-relations-manager-interview-questions-to-ask-job-applicants/,public-relations-manager-interview-questions-to-ask-job-applicants,blog,Interview Questions (by role),
https://testlify.com/public-relations-specialist-interview-questions-to-ask-job-applicants/,public-relations-specialist-interview-questions-to-ask-job-applicants,blog,Interview Questions (by role),
https://testlify.com/public-speaker-presenter-interview-questions-to-ask-job-applicants/,public-speaker-presenter-interview-questions-to-ask-job-applicants,blog,Interview Questions (by role),
https://testlify.com/pulse-surveys/,pulse-surveys,blog,Unclustered / Other,
https://testlify.com/purchasing-assistant-interview-questions-to-ask-job-applicants/,purchasing-assistant-interview-questions-to-ask-job-applicants,blog,Interview Questions (by role),
https://testlify.com/purple-squirrel/,purple-squirrel,blog,Unclustered / Other,
https://testlify.com/purpose-of-capturing-screenshots-while-testing/,purpose-of-capturing-screenshots-while-testing,blog,Assessments & Testing,Assessment general
https://testlify.com/quality-assurance-analyst-interview-questions-to-ask-job-applicants/,quality-assurance-analyst-interview-questions-to-ask-job-applicants,blog,Interview Questions (by role),
https://testlify.com/quality-assurance-coordinator-interview-questions-to-ask-job-applicants/,quality-assurance-coordinator-interview-questions-to-ask-job-applicants,blog,Interview Questions (by role),
https://testlify.com/quality-assurance-manager-interview-questions-to-ask-job-applicants/,quality-assurance-manager-interview-questions-to-ask-job-applicants,blog,Interview Questions (by role),
https://testlify.com/quality-control-inspector-interview-questions-to-ask-job-applicants/,quality-control-inspector-interview-questions-to-ask-job-applicants,blog,Interview Questions (by role),
https://testlify.com/quality-control-specialist-interview-questions-to-ask-job-applicants/,quality-control-specialist-interview-questions-to-ask-job-applicants,blog,Interview Questions (by role),
https://testlify.com/quick-guide-to-integrate-crm-with-other-tools/,quick-guide-to-integrate-crm-with-other-tools,blog,Unclustered / Other,
https://testlify.com/quiet-hiring/,quiet-hiring,blog,Recruiting & Talent Acquisition,General Hiring
https://testlify.com/quiet-quitting/,quiet-quitting,blog,"Workplace, Culture & Future of Work",Culture & Trends
https://testlify.com/ravens-progressive-matrices-test/,ravens-progressive-matrices-test,blog,Assessments & Testing,Assessment general
https://testlify.com/real-cost-of-a-slow-hiring-process/,real-cost-of-a-slow-hiring-process,blog,Recruiting & Talent Acquisition,Recruitment Process & Strategy
https://testlify.com/real-estate-administrator-interview-questions-to-ask-job-applicants/,real-estate-administrator-interview-questions-to-ask-job-applicants,blog,Interview Questions (by role),
https://testlify.com/real-world-examples-of-how-sjts-predict-job-performance/,real-world-examples-of-how-sjts-predict-job-performance,blog,Unclustered / Other,
https://testlify.com/reasons-to-study-human-resource-management/,reasons-to-study-human-resource-management,blog,Recruiting & Talent Acquisition,Sourcing & Candidate Pool
https://testlify.com/reasons-to-use-cognitive-ability-tests-in-recruitment/,reasons-to-use-cognitive-ability-tests-in-recruitment,blog,Assessments & Testing,Aptitude & Cognitive
https://testlify.com/reasons-why-you-should-use-personality-tests-in-recruitment/,reasons-why-you-should-use-personality-tests-in-recruitment,blog,Assessments & Testing,Personality & Psychometric
https://testlify.com/reasons-why-you-should-use-the-disc-personality-test-in-recruitment/,reasons-why-you-should-use-the-disc-personality-test-in-recruitment,blog,Assessments & Testing,Personality & Psychometric
https://testlify.com/reasons-why-you-should-use-the-emotional-intelligence-test-in-recruitment/,reasons-why-you-should-use-the-emotional-intelligence-test-in-recruitment,blog,Assessments & Testing,Assessment general
https://testlify.com/reasons-you-need-a-consistent-hiring-process/,reasons-you-need-a-consistent-hiring-process,blog,Recruiting & Talent Acquisition,Recruitment Process & Strategy
https://testlify.com/receptionist-interview-questions-to-ask-job-applicants/,receptionist-interview-questions-to-ask-job-applicants,blog,Interview Questions (by role),
https://testlify.com/records-management-coordinator-interview-questions-to-ask-job-applicants/,records-management-coordinator-interview-questions-to-ask-job-applicants,blog,Interview Questions (by role),
https://testlify.com/records-management-specialist-interview-questions-to-ask-job-applicants/,records-management-specialist-interview-questions-to-ask-job-applicants,blog,Interview Questions (by role),
https://testlify.com/recruit-top-talent-using-customer-service-assessment/,recruit-top-talent-using-customer-service-assessment,blog,Assessments & Testing,Assessment general
https://testlify.com/recruiter-burnout/,recruiter-burnout,blog,Recruiting & Talent Acquisition,Recruitment Process & Strategy
https://testlify.com/recruiter-cheat-sheet-how-to-assess-technical-roles/,recruiter-cheat-sheet-how-to-assess-technical-roles,blog,Assessments & Testing,Proctoring & Integrity
https://testlify.com/recruiters-ensure-hiring-compliance/,recruiters-ensure-hiring-compliance,blog,Recruiting & Talent Acquisition,Recruitment Process & Strategy
https://testlify.com/recruiting-for-high-demand-healthcare-roles/,recruiting-for-high-demand-healthcare-roles,blog,Recruiting & Talent Acquisition,Recruitment Process & Strategy
https://testlify.com/recruiting-generation-z/,recruiting-generation-z,blog,Recruiting & Talent Acquisition,Recruitment Process & Strategy
https://testlify.com/recruiting-professional-in-the-recruitment-industry/,recruiting-professional-in-the-recruitment-industry,blog,Recruiting & Talent Acquisition,Recruitment Process & Strategy
https://testlify.com/recruitment-advertising/,recruitment-advertising,blog,Recruiting & Talent Acquisition,Recruitment Process & Strategy
https://testlify.com/recruitment-agencies-help-with-high-volume-hiring/,recruitment-agencies-help-with-high-volume-hiring,blog,Recruiting & Talent Acquisition,Recruitment Process & Strategy
https://testlify.com/recruitment-automation-tools/,recruitment-automation-tools,blog,Recruiting & Talent Acquisition,Recruitment Process & Strategy
https://testlify.com/recruitment-books/,recruitment-books,blog,Recruiting & Talent Acquisition,Recruitment Process & Strategy
https://testlify.com/recruitment-center-of-excellence/,recruitment-center-of-excellence,blog,Recruiting & Talent Acquisition,Recruitment Process & Strategy
https://testlify.com/recruitment-challenges-and-how-to-solve-them/,recruitment-challenges-and-how-to-solve-them,blog,Recruiting & Talent Acquisition,Recruitment Process & Strategy
https://testlify.com/recruitment-chatbot/,recruitment-chatbot,blog,Recruiting & Talent Acquisition,Recruitment Process & Strategy
https://testlify.com/recruitment-coordinator-interview-questions-to-ask-job-applicants/,recruitment-coordinator-interview-questions-to-ask-job-applicants,blog,Interview Questions (by role),
https://testlify.com/recruitment-crm/,recruitment-crm,blog,Recruiting & Talent Acquisition,Recruitment Process & Strategy
https://testlify.com/recruitment-dashboard/,recruitment-dashboard,blog,Recruiting & Talent Acquisition,Recruitment Process & Strategy
https://testlify.com/recruitment-database/,recruitment-database,blog,Recruiting & Talent Acquisition,Recruitment Process & Strategy
https://testlify.com/recruitment-diversity/,recruitment-diversity,blog,Recruiting & Talent Acquisition,Recruitment Process & Strategy
https://testlify.com/recruitment-fair/,recruitment-fair,blog,Recruiting & Talent Acquisition,Recruitment Process & Strategy
https://testlify.com/recruitment-for-small-businesses/,recruitment-for-small-businesses,blog,Recruiting & Talent Acquisition,Recruitment Process & Strategy
https://testlify.com/recruitment-fraud-financial-and-brand-risk/,recruitment-fraud-financial-and-brand-risk,blog,Assessments & Testing,Proctoring & Integrity
https://testlify.com/recruitment-kpis/,recruitment-kpis,blog,Recruiting & Talent Acquisition,Recruitment Process & Strategy
https://testlify.com/recruitment-management-system-streamline-hiring/,recruitment-management-system-streamline-hiring,blog,Recruiting & Talent Acquisition,Recruitment Process & Strategy
https://testlify.com/recruitment-methods-benchmark/,recruitment-methods-benchmark,blog,Recruiting & Talent Acquisition,Recruitment Process & Strategy
https://testlify.com/recruitment-methods/,recruitment-methods,blog,Recruiting & Talent Acquisition,Recruitment Process & Strategy
https://testlify.com/recruitment-metrics-for-assessing-candidate/,recruitment-metrics-for-assessing-candidate,blog,Recruiting & Talent Acquisition,Recruitment Process & Strategy
https://testlify.com/recruitment-planning/,recruitment-planning,blog,Recruiting & Talent Acquisition,Recruitment Process & Strategy
https://testlify.com/recruitment-process-outsourcing/,recruitment-process-outsourcing,blog,Recruiting & Talent Acquisition,Sourcing & Candidate Pool
https://testlify.com/recruitment-roles-for-building-successful-teams/,recruitment-roles-for-building-successful-teams,blog,Recruiting & Talent Acquisition,Recruitment Process & Strategy
https://testlify.com/recruitment-services-in-hiring-efficiency/,recruitment-services-in-hiring-efficiency,blog,Recruiting & Talent Acquisition,Recruitment Process & Strategy
https://testlify.com/recruitment-services-in-reducing-time-to-hire/,recruitment-services-in-reducing-time-to-hire,blog,Recruiting & Talent Acquisition,Recruitment Process & Strategy
https://testlify.com/recruitment-sources/,recruitment-sources,blog,Recruiting & Talent Acquisition,Sourcing & Candidate Pool
https://testlify.com/recruitment-strategies-with-social-media-and-online-platforms/,recruitment-strategies-with-social-media-and-online-platforms,blog,Recruiting & Talent Acquisition,Recruitment Process & Strategy
https://testlify.com/recruitment-technology-shaping-the-future/,recruitment-technology-shaping-the-future,blog,Recruiting & Talent Acquisition,Recruitment Process & Strategy
https://testlify.com/recruitment-technology/,recruitment-technology,blog,Recruiting & Talent Acquisition,Recruitment Process & Strategy
https://testlify.com/recruitment-trends-in-customer-service-manager-hiring/,recruitment-trends-in-customer-service-manager-hiring,blog,Recruiting & Talent Acquisition,Recruitment Process & Strategy
https://testlify.com/recruitment-trends-in-event-planner-hiring/,recruitment-trends-in-event-planner-hiring,blog,Recruiting & Talent Acquisition,Recruitment Process & Strategy
https://testlify.com/recruitment-trends-in-it-support-specialist-hiring/,recruitment-trends-in-it-support-specialist-hiring,blog,Recruiting & Talent Acquisition,Recruitment Process & Strategy
https://testlify.com/recruitment-trends-in-marketing-coordinator-hiring/,recruitment-trends-in-marketing-coordinator-hiring,blog,Recruiting & Talent Acquisition,Recruitment Process & Strategy
https://testlify.com/recruitment-trends-in-network-administrator-hiring/,recruitment-trends-in-network-administrator-hiring,blog,Recruiting & Talent Acquisition,Recruitment Process & Strategy
https://testlify.com/recruitment-trends-in-product-manager-hiring/,recruitment-trends-in-product-manager-hiring,blog,Recruiting & Talent Acquisition,Recruitment Process & Strategy
https://testlify.com/recruitment-types/,recruitment-types,blog,Recruiting & Talent Acquisition,Recruitment Process & Strategy
https://testlify.com/recruitment-vs-executive-search/,recruitment-vs-executive-search,blog,Competitor Alternatives & Comparisons,
https://testlify.com/recruitment-vs-talent-acquisition/,recruitment-vs-talent-acquisition,blog,Competitor Alternatives & Comparisons,
https://testlify.com/red-flags-should-hrs-look-for-during-pre-hiring-checks/,red-flags-should-hrs-look-for-during-pre-hiring-checks,blog,Recruiting & Talent Acquisition,General Hiring
https://testlify.com/reduce-hiring-time-without-losing-integrations/,reduce-hiring-time-without-losing-integrations,blog,Recruiting & Talent Acquisition,General Hiring
https://testlify.com/reduce-recruitment-costs-while-maintaining-quality-hires/,reduce-recruitment-costs-while-maintaining-quality-hires,blog,Recruiting & Talent Acquisition,Recruitment Process & Strategy
https://testlify.com/reducing-technical-glitches-remote-skills-assessments/,reducing-technical-glitches-remote-skills-assessments,blog,Skills Tests & Evaluation (by skill),
https://testlify.com/regretted-attrition/,regretted-attrition,blog,Employee Experience & Development,Engagement & Retention
https://testlify.com/regulatory-affairs-coordinator-interview-questions-to-ask-job-applicants/,regulatory-affairs-coordinator-interview-questions-to-ask-job-applicants,blog,Interview Questions (by role),
https://testlify.com/regulatory-compliance-specialist-interview-questions-to-ask-job-applicants/,regulatory-compliance-specialist-interview-questions-to-ask-job-applicants,blog,Interview Questions (by role),
https://testlify.com/rejection-emails-to-unsuccessful-candidates-free-templates/,rejection-emails-to-unsuccessful-candidates-free-templates,blog,Unclustered / Other,
https://testlify.com/remote-assessments-effective-for-evaluating-candidates/,remote-assessments-effective-for-evaluating-candidates,blog,Assessments & Testing,Assessment general
https://testlify.com/remote-assessments-in-remote-hiring/,remote-assessments-in-remote-hiring,blog,Assessments & Testing,Assessment general
https://testlify.com/remote-hiring-global-security/,remote-hiring-global-security,blog,"Workplace, Culture & Future of Work",Remote & Hybrid
https://testlify.com/remote-hiring-statistics/,remote-hiring-statistics,blog,"Workplace, Culture & Future of Work",Remote & Hybrid
https://testlify.com/remote-proctoring/,remote-proctoring,blog,Assessments & Testing,Proctoring & Integrity
https://testlify.com/remote-skills-assessment-overcoming-challenges-in-virtual-hiring/,remote-skills-assessment-overcoming-challenges-in-virtual-hiring,blog,Skills Tests & Evaluation (by skill),
https://testlify.com/remote-technical-skills-assessments-challenges-and-best-practices/,remote-technical-skills-assessments-challenges-and-best-practices,blog,Skills Tests & Evaluation (by skill),
https://testlify.com/remote-work-allowances-becoming-staple-benefits-packages/,remote-work-allowances-becoming-staple-benefits-packages,blog,HR Operations & Compliance,Compensation & Benefits
https://testlify.com/remote-work-and-talent-acquisition/,remote-work-and-talent-acquisition,blog,Recruiting & Talent Acquisition,Recruitment Process & Strategy
https://testlify.com/reporting-analyst-interview-questions-to-ask-job-applicants/,reporting-analyst-interview-questions-to-ask-job-applicants,blog,Interview Questions (by role),
https://testlify.com/requisition-position/,requisition-position,blog,Unclustered / Other,
https://testlify.com/research-about-skills-assessment/,research-about-skills-assessment,blog,Skills Tests & Evaluation (by skill),
https://testlify.com/research-analyst-interview-questions-to-ask-job-applicants/,research-analyst-interview-questions-to-ask-job-applicants,blog,Interview Questions (by role),
https://testlify.com/research-and-development-assistant-interview-questions-to-ask-job-applicants/,research-and-development-assistant-interview-questions-to-ask-job-applicants,blog,Interview Questions (by role),
https://testlify.com/research-assistant-interview-questions-to-ask-job-applicants/,research-assistant-interview-questions-to-ask-job-applicants,blog,Interview Questions (by role),
https://testlify.com/resource-management-and-why-is-it-so-important/,resource-management-and-why-is-it-so-important,blog,Recruiting & Talent Acquisition,Sourcing & Candidate Pool
https://testlify.com/resume-review-process-affects-your-company-brand/,resume-review-process-affects-your-company-brand,blog,Unclustered / Other,
https://testlify.com/resume-screening-every-recruiter-should-know/,resume-screening-every-recruiter-should-know,blog,Screening by Skill/Role,
https://testlify.com/resume-screening-techniques/,resume-screening-techniques,blog,Screening by Skill/Role,
https://testlify.com/resume-verification-process/,resume-verification-process,blog,Unclustered / Other,
https://testlify.com/retail-operations-manager-interview-questions-to-ask-job-applicants/,retail-operations-manager-interview-questions-to-ask-job-applicants,blog,Interview Questions (by role),
https://testlify.com/retail-store-manager-interview-questions-to-ask-job-applicants/,retail-store-manager-interview-questions-to-ask-job-applicants,blog,Interview Questions (by role),
https://testlify.com/rethinking-global-hiring-strategies/,rethinking-global-hiring-strategies,blog,Recruiting & Talent Acquisition,Recruitment Process & Strategy
https://testlify.com/rethinking-talent-validation-in-skills-based-hiring/,rethinking-talent-validation-in-skills-based-hiring,blog,Skills Management,
https://testlify.com/retirement-planning-assistance-play-in-benefits-packages/,retirement-planning-assistance-play-in-benefits-packages,blog,HR Operations & Compliance,Compensation & Benefits
https://testlify.com/return-migration-hiring-strategies-asia/,return-migration-hiring-strategies-asia,blog,Recruiting & Talent Acquisition,Recruitment Process & Strategy
https://testlify.com/returnship/,returnship,blog,Unclustered / Other,
https://testlify.com/revenue-per-fte/,revenue-per-fte,blog,Unclustered / Other,
https://testlify.com/reverse-logistics-coordinator-interview-questions-to-ask-job-applicants/,reverse-logistics-coordinator-interview-questions-to-ask-job-applicants,blog,Interview Questions (by role),
https://testlify.com/reverse-mentoring/,reverse-mentoring,blog,Employee Experience & Development,Performance & L&D
https://testlify.com/reverse-recruiting-in-modern-talent-acquisition/,reverse-recruiting-in-modern-talent-acquisition,blog,Recruiting & Talent Acquisition,Recruitment Process & Strategy
https://testlify.com/reverse-recruiting/,reverse-recruiting,blog,Recruiting & Talent Acquisition,Recruitment Process & Strategy
https://testlify.com/reviving-cold-talent-in-ats/,reviving-cold-talent-in-ats,blog,Recruiting & Talent Acquisition,Recruitment Process & Strategy
https://testlify.com/revolutionizing-talent-engagement-image-to-video-ai-hr/,revolutionizing-talent-engagement-image-to-video-ai-hr,blog,Employee Experience & Development,Engagement & Retention
https://testlify.com/risk-analyst-interview-questions-to-ask-job-applicants/,risk-analyst-interview-questions-to-ask-job-applicants,blog,Interview Questions (by role),
https://testlify.com/risk-management-analyst-interview-questions-to-ask-job-applicants/,risk-management-analyst-interview-questions-to-ask-job-applicants,blog,Interview Questions (by role),
https://testlify.com/risk-management-assistant-interview-questions-to-ask-job-applicants/,risk-management-assistant-interview-questions-to-ask-job-applicants,blog,Interview Questions (by role),
https://testlify.com/risk-management-coordinator-interview-questions-to-ask-job-applicants/,risk-management-coordinator-interview-questions-to-ask-job-applicants,blog,Interview Questions (by role),
https://testlify.com/risk-management-strategist-interview-questions-to-ask-job-applicants/,risk-management-strategist-interview-questions-to-ask-job-applicants,blog,Interview Questions (by role),
https://testlify.com/risks-of-skipping-pre-hiring-background-checks/,risks-of-skipping-pre-hiring-background-checks,blog,Assessments & Testing,Proctoring & Integrity
https://testlify.com/roadmap-to-success-with-strategic-talent-planning/,roadmap-to-success-with-strategic-talent-planning,blog,Recruiting & Talent Acquisition,General Talent/Team-building
https://testlify.com/roi-of-smarter-hiring/,roi-of-smarter-hiring,blog,Recruiting & Talent Acquisition,General Hiring
https://testlify.com/role-mapping/,role-mapping,blog,Unclustered / Other,
https://testlify.com/role-of-ai-in-ats-integration/,role-of-ai-in-ats-integration,blog,Recruiting & Talent Acquisition,Recruitment Process & Strategy
https://testlify.com/role-of-big-data-in-predictive-hiring-insights-for-talent-management/,role-of-big-data-in-predictive-hiring-insights-for-talent-management,blog,Recruiting & Talent Acquisition,General Hiring
https://testlify.com/role-of-emotional-intelligence-in-leadership-and-hiring/,role-of-emotional-intelligence-in-leadership-and-hiring,blog,Recruiting & Talent Acquisition,General Hiring
https://testlify.com/role-of-employee-monitoring-in-the-remote-work-era/,role-of-employee-monitoring-in-the-remote-work-era,blog,Employee Experience & Development,Employee general
https://testlify.com/role-of-english-proficiency-test-in-hiring-success/,role-of-english-proficiency-test-in-hiring-success,blog,Assessments & Testing,Assessment general
https://testlify.com/role-of-hr-in-assessment-quality/,role-of-hr-in-assessment-quality,blog,Assessments & Testing,Assessment general
https://testlify.com/role-of-hr-in-building-effective-teamwork/,role-of-hr-in-building-effective-teamwork,blog,Recruiting & Talent Acquisition,General Talent/Team-building
https://testlify.com/role-of-internships-in-talent-acquisition-strategies/,role-of-internships-in-talent-acquisition-strategies,blog,Recruiting & Talent Acquisition,Recruitment Process & Strategy
https://testlify.com/role-of-organizational-development-consultant/,role-of-organizational-development-consultant,blog,Unclustered / Other,
https://testlify.com/role-of-support-services-in-streamlining-recruitment-process/,role-of-support-services-in-streamlining-recruitment-process,blog,Recruiting & Talent Acquisition,Recruitment Process & Strategy
https://testlify.com/role-terraform-test-play-in-devops-recruitment/,role-terraform-test-play-in-devops-recruitment,blog,Assessments & Testing,Assessment general
https://testlify.com/ruby-test-helps-you-screen-candidates/,ruby-test-helps-you-screen-candidates,blog,Screening by Skill/Role,
https://testlify.com/rules-of-thumb-for-hiring-a-project-manager-for-your-e-commerce-company/,rules-of-thumb-for-hiring-a-project-manager-for-your-e-commerce-company,blog,Recruiting & Talent Acquisition,General Hiring
https://testlify.com/run-a-system-check-before-online-assessment/,run-a-system-check-before-online-assessment,blog,Assessments & Testing,Assessment general
https://testlify.com/saas-content-marketing-agencies-boost-visibility/,saas-content-marketing-agencies-boost-visibility,blog,Unclustered / Other,
https://testlify.com/saas-industry-hiring-with-pre-hire-tests/,saas-industry-hiring-with-pre-hire-tests,blog,Assessments & Testing,Pre-employment / Pre-hire
https://testlify.com/sales-analyst-interview-questions-to-ask-job-applicants/,sales-analyst-interview-questions-to-ask-job-applicants,blog,Interview Questions (by role),
https://testlify.com/sales-coordinator-interview-questions-to-ask-job-applicants/,sales-coordinator-interview-questions-to-ask-job-applicants,blog,Interview Questions (by role),
https://testlify.com/sales-operations-analyst-interview-questions-to-ask-job-applicants/,sales-operations-analyst-interview-questions-to-ask-job-applicants,blog,Interview Questions (by role),
https://testlify.com/sales-operations-coordinator-interview-questions-to-ask-job-applicants/,sales-operations-coordinator-interview-questions-to-ask-job-applicants,blog,Interview Questions (by role),
https://testlify.com/sales-representative-interview-questions-to-ask-job-applicants/,sales-representative-interview-questions-to-ask-job-applicants,blog,Interview Questions (by role),
https://testlify.com/sales-support-coordinator-interview-questions-to-ask-job-applicants/,sales-support-coordinator-interview-questions-to-ask-job-applicants,blog,Interview Questions (by role),
https://testlify.com/sales-support-representative-interview-questions-to-ask-job-applicants/,sales-support-representative-interview-questions-to-ask-job-applicants,blog,Interview Questions (by role),
https://testlify.com/sales-support-specialist-interview-questions-to-ask-job-applicants/,sales-support-specialist-interview-questions-to-ask-job-applicants,blog,Interview Questions (by role),
https://testlify.com/sales-trainer-interview-questions-to-ask-job-applicants/,sales-trainer-interview-questions-to-ask-job-applicants,blog,Interview Questions (by role),
https://testlify.com/salesforce-test-help-you-screen-candidates/,salesforce-test-help-you-screen-candidates,blog,Screening by Skill/Role,
https://testlify.com/save-screening-time-reduce-resume-fatigue/,save-screening-time-reduce-resume-fatigue,blog,Screening by Skill/Role,
https://testlify.com/saville-assessment-alternatives/,saville-assessment-alternatives,blog,Assessments & Testing,Assessment general
https://testlify.com/scale-bpo-industry-hiring/,scale-bpo-industry-hiring,blog,Recruiting & Talent Acquisition,General Hiring
https://testlify.com/scale-it-industry-hiring/,scale-it-industry-hiring,blog,Recruiting & Talent Acquisition,General Hiring
https://testlify.com/scale-qa-teams-with-attention-to-detail-test/,scale-qa-teams-with-attention-to-detail-test,blog,Assessments & Testing,Assessment general
https://testlify.com/scale-r-and-d-teams-without-missing-innovation/,scale-r-and-d-teams-without-missing-innovation,blog,Recruiting & Talent Acquisition,General Talent/Team-building
https://testlify.com/scale-recruiting-efforts-without-expanding-your-team/,scale-recruiting-efforts-without-expanding-your-team,blog,Recruiting & Talent Acquisition,Recruitment Process & Strategy
https://testlify.com/scale-talent-acquisition/,scale-talent-acquisition,blog,Recruiting & Talent Acquisition,Recruitment Process & Strategy
https://testlify.com/screen-and-interview-data-scientist-candidates/,screen-and-interview-data-scientist-candidates,blog,Recruiting & Talent Acquisition,Interviewing (process/skills)
https://testlify.com/screening-and-interviewing-techniques-in-hrm/,screening-and-interviewing-techniques-in-hrm,blog,Screening by Skill/Role,
https://testlify.com/screening-in-vs-screening-out/,screening-in-vs-screening-out,blog,Screening by Skill/Role,
https://testlify.com/screening-interview/,screening-interview,blog,Screening by Skill/Role,
https://testlify.com/scripting-languages-interview-questions-to-ask-job-applicants/,scripting-languages-interview-questions-to-ask-job-applicants,blog,Interview Questions (by role),
https://testlify.com/seasonal-and-project-based-hiring/,seasonal-and-project-based-hiring,blog,Recruiting & Talent Acquisition,General Hiring
https://testlify.com/secure-an-up-to-date-hr-email-list-online/,secure-an-up-to-date-hr-email-list-online,blog,Unclustered / Other,
https://testlify.com/security-officer-interview-questions-to-ask-job-applicants/,security-officer-interview-questions-to-ask-job-applicants,blog,Interview Questions (by role),
https://testlify.com/selecting-the-talent-for-the-distributed-workforce/,selecting-the-talent-for-the-distributed-workforce,blog,Employee Experience & Development,Employee general
https://testlify.com/selection-process/,selection-process,blog,Recruiting & Talent Acquisition,Recruitment Process & Strategy
https://testlify.com/seo-for-recruitment-the-role-of-ai-in-talent-search/,seo-for-recruitment-the-role-of-ai-in-talent-search,blog,Recruiting & Talent Acquisition,Recruitment Process & Strategy
https://testlify.com/seo-specialist-interview-questions-to-ask-job-applicants/,seo-specialist-interview-questions-to-ask-job-applicants,blog,Interview Questions (by role),
https://testlify.com/servant-leadership-transforms-workplace-culture/,servant-leadership-transforms-workplace-culture,blog,"Workplace, Culture & Future of Work",Culture & Trends
https://testlify.com/setting-recruitment-goals-for-2023/,setting-recruitment-goals-for-2023,blog,Recruiting & Talent Acquisition,Recruitment Process & Strategy
https://testlify.com/setup-proctored-exam/,setup-proctored-exam,blog,Assessments & Testing,Proctoring & Integrity
https://testlify.com/sharepoint-and-benefits-of-lms-with-sharepoint-integration/,sharepoint-and-benefits-of-lms-with-sharepoint-integration,blog,HR Operations & Compliance,Compensation & Benefits
https://testlify.com/shell-scripting-interview-questions-to-ask-job-applicants/,shell-scripting-interview-questions-to-ask-job-applicants,blog,Interview Questions (by role),
https://testlify.com/shipping-and-receiving-clerk-interview-questions-to-ask-job-applicants/,shipping-and-receiving-clerk-interview-questions-to-ask-job-applicants,blog,Interview Questions (by role),
https://testlify.com/shipping-coordinator-interview-questions-to-ask-job-applicants/,shipping-coordinator-interview-questions-to-ask-job-applicants,blog,Interview Questions (by role),
https://testlify.com/should-personality-tests-be-used-in-hiring/,should-personality-tests-be-used-in-hiring,blog,Assessments & Testing,Personality & Psychometric
https://testlify.com/should-pre-hire-tests-be-mandatory-for-all/,should-pre-hire-tests-be-mandatory-for-all,blog,Assessments & Testing,Pre-employment / Pre-hire
https://testlify.com/should-the-disc-personality-test-be-used-in-hiring/,should-the-disc-personality-test-be-used-in-hiring,blog,Assessments & Testing,Personality & Psychometric
https://testlify.com/should-the-emotional-intelligence-test-be-used-in-hiring/,should-the-emotional-intelligence-test-be-used-in-hiring,blog,Assessments & Testing,Assessment general
https://testlify.com/simplify-campus-drive-with-recruitment-technology/,simplify-campus-drive-with-recruitment-technology,blog,Recruiting & Talent Acquisition,Recruitment Process & Strategy
https://testlify.com/simplify-candidate-screening-with-admin-test/,simplify-candidate-screening-with-admin-test,blog,Screening by Skill/Role,
https://testlify.com/simplify-candidate-screening-with-autocad-test/,simplify-candidate-screening-with-autocad-test,blog,Screening by Skill/Role,
https://testlify.com/simplify-candidate-screening-with-aws-test/,simplify-candidate-screening-with-aws-test,blog,Screening by Skill/Role,
https://testlify.com/simplify-candidate-screening-with-business-analyst-test/,simplify-candidate-screening-with-business-analyst-test,blog,Screening by Skill/Role,
https://testlify.com/simplify-candidate-screening-with-cefr-english-test/,simplify-candidate-screening-with-cefr-english-test,blog,Screening by Skill/Role,
https://testlify.com/simplify-candidate-screening-with-cefr-test/,simplify-candidate-screening-with-cefr-test,blog,Screening by Skill/Role,
https://testlify.com/simplify-candidate-screening-with-civil-engineering/,simplify-candidate-screening-with-civil-engineering,blog,Screening by Skill/Role,
https://testlify.com/simplify-candidate-screening-with-cognitive-tests/,simplify-candidate-screening-with-cognitive-tests,blog,Screening by Skill/Role,
https://testlify.com/simplify-candidate-screening-with-construction-test/,simplify-candidate-screening-with-construction-test,blog,Screening by Skill/Role,
https://testlify.com/simplify-candidate-screening-with-custodian-test/,simplify-candidate-screening-with-custodian-test,blog,Screening by Skill/Role,
https://testlify.com/simplify-candidate-screening-with-english-grammar-test/,simplify-candidate-screening-with-english-grammar-test,blog,Screening by Skill/Role,
https://testlify.com/simplify-candidate-screening-with-following-directions-test/,simplify-candidate-screening-with-following-directions-test,blog,Screening by Skill/Role,
https://testlify.com/simplify-candidate-screening-with-integrity-test/,simplify-candidate-screening-with-integrity-test,blog,Screening by Skill/Role,
https://testlify.com/simplify-candidate-screening-with-java-code-test/,simplify-candidate-screening-with-java-code-test,blog,Screening by Skill/Role,
https://testlify.com/simplify-candidate-screening-with-javascript-test/,simplify-candidate-screening-with-javascript-test,blog,Screening by Skill/Role,
https://testlify.com/simplify-candidate-screening-with-kotlin-test/,simplify-candidate-screening-with-kotlin-test,blog,Screening by Skill/Role,
https://testlify.com/simplify-candidate-screening-with-mechanic-test/,simplify-candidate-screening-with-mechanic-test,blog,Screening by Skill/Role,
https://testlify.com/simplify-candidate-screening-with-microsoft-office-test/,simplify-candidate-screening-with-microsoft-office-test,blog,Screening by Skill/Role,
https://testlify.com/simplify-candidate-screening-with-php-test/,simplify-candidate-screening-with-php-test,blog,Screening by Skill/Role,
https://testlify.com/simplify-candidate-screening-with-plumber-test/,simplify-candidate-screening-with-plumber-test,blog,Screening by Skill/Role,
https://testlify.com/simplify-candidate-screening-with-quantitative-aptitude-test/,simplify-candidate-screening-with-quantitative-aptitude-test,blog,Screening by Skill/Role,
https://testlify.com/simplify-candidate-screening-with-ruby-test/,simplify-candidate-screening-with-ruby-test,blog,Screening by Skill/Role,
https://testlify.com/simplify-candidate-screening-with-salesforce-test/,simplify-candidate-screening-with-salesforce-test,blog,Screening by Skill/Role,
https://testlify.com/simplify-candidate-screening-with-skill-assessment-tools/,simplify-candidate-screening-with-skill-assessment-tools,blog,Screening by Skill/Role,
https://testlify.com/simplify-candidate-screening-with-video-interview/,simplify-candidate-screening-with-video-interview,blog,Screening by Skill/Role,
https://testlify.com/simplify-hr-team-work-processes/,simplify-hr-team-work-processes,blog,Recruiting & Talent Acquisition,General Talent/Team-building
https://testlify.com/skill-assessment-tool-in-your-hiring-process/,skill-assessment-tool-in-your-hiring-process,blog,Assessments & Testing,Assessment general
https://testlify.com/skill-assessments-help-improve-candidate-experience/,skill-assessments-help-improve-candidate-experience,blog,Assessments & Testing,Assessment general
https://testlify.com/skill-assessments-high-performance-hiring/,skill-assessments-high-performance-hiring,blog,Assessments & Testing,Assessment general
https://testlify.com/skill-gap-analysis/,skill-gap-analysis,blog,Skills Management,
https://testlify.com/skill-issue/,skill-issue,blog,Unclustered / Other,
https://testlify.com/skill-testing-leads-to-better-hiring-decisions/,skill-testing-leads-to-better-hiring-decisions,blog,Assessments & Testing,Assessment general
https://testlify.com/skill-will-matrix-a-simple-guide-for-managers/,skill-will-matrix-a-simple-guide-for-managers,blog,Recruiting & Talent Acquisition,General Talent/Team-building
https://testlify.com/skillmeter-alternatives/,skillmeter-alternatives,blog,Competitor Alternatives & Comparisons,
https://testlify.com/skills-and-abilities/,skills-and-abilities,blog,Unclustered / Other,
https://testlify.com/skills-assessment-for-global-recruitment/,skills-assessment-for-global-recruitment,blog,Assessments & Testing,Assessment general
https://testlify.com/skills-assessments-job-performance-correlation/,skills-assessments-job-performance-correlation,blog,Assessments & Testing,Assessment general
https://testlify.com/skills-audit/,skills-audit,blog,Skills Management,
https://testlify.com/skills-based-hiring-statistics/,skills-based-hiring-statistics,blog,Skills Management,
https://testlify.com/skills-based-organizations/,skills-based-organizations,blog,Skills Management,
https://testlify.com/skills-every-recruiter-should-look-for/,skills-every-recruiter-should-look-for,blog,Recruiting & Talent Acquisition,Recruitment Process & Strategy
https://testlify.com/skills-gap-analysis-tools/,skills-gap-analysis-tools,blog,Skills Management,
https://testlify.com/skills-in-evaluated-management-tests/,skills-in-evaluated-management-tests,blog,Assessments & Testing,Assessment general
https://testlify.com/skills-intelligence/,skills-intelligence,blog,Unclustered / Other,
https://testlify.com/skills-inventory/,skills-inventory,blog,Skills Management,
https://testlify.com/skills-management/,skills-management,blog,Skills Management,
https://testlify.com/skills-mapping-framework/,skills-mapping-framework,blog,Skills Management,
https://testlify.com/skills-mapping-vs-competency-mapping/,skills-mapping-vs-competency-mapping,blog,Competitor Alternatives & Comparisons,
https://testlify.com/skills-mapping/,skills-mapping,blog,Skills Management,
https://testlify.com/skills-matrix/,skills-matrix,blog,Skills Management,
https://testlify.com/skills-mismatch-a-detailed-guide/,skills-mismatch-a-detailed-guide,blog,Skills Management,
https://testlify.com/skills-mismatch-and-how-to-address-it/,skills-mismatch-and-how-to-address-it,blog,Skills Management,
https://testlify.com/skills-ontology/,skills-ontology,blog,Unclustered / Other,
https://testlify.com/skills-profile/,skills-profile,blog,Unclustered / Other,
https://testlify.com/skills-should-a-customer-service-test-measure/,skills-should-a-customer-service-test-measure,blog,Assessments & Testing,Assessment general
https://testlify.com/skills-taxonomy/,skills-taxonomy,blog,Skills Management,
https://testlify.com/skills-to-be-assessed-in-a-microsoft-word-test/,skills-to-be-assessed-in-a-microsoft-word-test,blog,Assessments & Testing,Assessment general
https://testlify.com/skills-vs-competencies/,skills-vs-competencies,blog,Competitor Alternatives & Comparisons,
https://testlify.com/skills-vs-titles-future-of-hiring-worldwide/,skills-vs-titles-future-of-hiring-worldwide,blog,Competitor Alternatives & Comparisons,
https://testlify.com/small-business-succession-planning/,small-business-succession-planning,blog,HR Operations & Compliance,Workforce & Succession Planning
https://testlify.com/small-businesses-use-scheduling-software-to-attract-top-talent/,small-businesses-use-scheduling-software-to-attract-top-talent,blog,Recruiting & Talent Acquisition,General Talent/Team-building
https://testlify.com/smarter-operations-bridging-talent-management-workflow-automation-compliance/,smarter-operations-bridging-talent-management-workflow-automation-compliance,blog,HR Operations & Compliance,Policies & Compliance
https://testlify.com/smarter-ways-to-identify-top-talent-ai-hiring-practices/,smarter-ways-to-identify-top-talent-ai-hiring-practices,blog,Recruiting & Talent Acquisition,General Hiring
https://testlify.com/social-media-assistant-interview-questions-to-ask-job-applicants/,social-media-assistant-interview-questions-to-ask-job-applicants,blog,Interview Questions (by role),
https://testlify.com/social-media-coordinator-interview-questions-to-ask-job-applicants/,social-media-coordinator-interview-questions-to-ask-job-applicants,blog,Interview Questions (by role),
https://testlify.com/social-media-manager-interview-questions-to-ask-job-applicants/,social-media-manager-interview-questions-to-ask-job-applicants,blog,Interview Questions (by role),
https://testlify.com/social-media-recruiting-tips/,social-media-recruiting-tips,blog,Recruiting & Talent Acquisition,Recruitment Process & Strategy
https://testlify.com/social-media-recruiting-tools/,social-media-recruiting-tools,blog,Recruiting & Talent Acquisition,Recruitment Process & Strategy
https://testlify.com/social-media-recruiting/,social-media-recruiting,blog,Recruiting & Talent Acquisition,Recruitment Process & Strategy
https://testlify.com/social-media-strategist-interview-questions-to-ask-job-applicants/,social-media-strategist-interview-questions-to-ask-job-applicants,blog,Interview Questions (by role),
https://testlify.com/soft-skills-assess-what-matters-with-testlify/,soft-skills-assess-what-matters-with-testlify,blog,Skills Management,
https://testlify.com/soft-skills-case-studies/,soft-skills-case-studies,blog,Skills Management,
https://testlify.com/soft-skills-interview-question-bank/,soft-skills-interview-question-bank,blog,Interview Questions (by role),
https://testlify.com/soft-skills-statistics/,soft-skills-statistics,blog,Skills Management,
https://testlify.com/soft-skills-to-assess-while-hiring-developers/,soft-skills-to-assess-while-hiring-developers,blog,Skills Management,
https://testlify.com/software-trainer-interview-questions-to-ask-job-applicants/,software-trainer-interview-questions-to-ask-job-applicants,blog,Interview Questions (by role),
https://testlify.com/sources-of-recruitment-checklist/,sources-of-recruitment-checklist,blog,Recruiting & Talent Acquisition,Sourcing & Candidate Pool
https://testlify.com/sourcing-for-remote-teams/,sourcing-for-remote-teams,blog,Recruiting & Talent Acquisition,Sourcing & Candidate Pool
https://testlify.com/sourcing-specialist-interview-questions-to-ask-job-applicants/,sourcing-specialist-interview-questions-to-ask-job-applicants,blog,Interview Questions (by role),
https://testlify.com/sourcing-tools-recruiters-use-to-find-candidates/,sourcing-tools-recruiters-use-to-find-candidates,blog,Recruiting & Talent Acquisition,Sourcing & Candidate Pool
https://testlify.com/south-carolina-employment-and-labor-laws/,south-carolina-employment-and-labor-laws,blog,HR Operations & Compliance,Policies & Compliance
https://testlify.com/sova-alternatives/,sova-alternatives,blog,Competitor Alternatives & Comparisons,
https://testlify.com/spans-and-layers/,spans-and-layers,blog,Unclustered / Other,
https://testlify.com/sql-concepts-to-be-included-in-a-sql-programming-test/,sql-concepts-to-be-included-in-a-sql-programming-test,blog,Assessments & Testing,Assessment general
https://testlify.com/staff-augmentation-vs-outsourcing/,staff-augmentation-vs-outsourcing,blog,Competitor Alternatives & Comparisons,
https://testlify.com/stand-out-in-a-competitive-talent-market/,stand-out-in-a-competitive-talent-market,blog,Recruiting & Talent Acquisition,General Talent/Team-building
https://testlify.com/star-interview-method/,star-interview-method,blog,Recruiting & Talent Acquisition,Interviewing (process/skills)
https://testlify.com/stay-compliant-with-compensation-and-benefits-laws/,stay-compliant-with-compensation-and-benefits-laws,blog,HR Operations & Compliance,Compensation & Benefits
https://testlify.com/stay-updated-on-latest-trends-in-recruitment-and-hr/,stay-updated-on-latest-trends-in-recruitment-and-hr,blog,Recruiting & Talent Acquisition,Recruitment Process & Strategy
https://testlify.com/step-expert-guide-to-project-resource-management/,step-expert-guide-to-project-resource-management,blog,Recruiting & Talent Acquisition,Sourcing & Candidate Pool
https://testlify.com/steps-to-build-a-performance-improvement-plan/,steps-to-build-a-performance-improvement-plan,blog,Unclustered / Other,
https://testlify.com/steps-to-create-a-leadership-development-plan/,steps-to-create-a-leadership-development-plan,blog,Recruiting & Talent Acquisition,General Talent/Team-building
https://testlify.com/steps-to-ensure-a-smooth-probation-period-management/,steps-to-ensure-a-smooth-probation-period-management,blog,Recruiting & Talent Acquisition,General Talent/Team-building
https://testlify.com/steps-to-onboard-new-hires-into-company-culture/,steps-to-onboard-new-hires-into-company-culture,blog,Employee Experience & Development,Onboarding
https://testlify.com/steps-to-streamline-your-hiring-process/,steps-to-streamline-your-hiring-process,blog,Recruiting & Talent Acquisition,Recruitment Process & Strategy
https://testlify.com/steps-to-take-to-nurture-talent-pipelines-for-future-hiring-needs/,steps-to-take-to-nurture-talent-pipelines-for-future-hiring-needs,blog,Recruiting & Talent Acquisition,Sourcing & Candidate Pool
https://testlify.com/stop-cheating-in-online-tests/,stop-cheating-in-online-tests,blog,Assessments & Testing,Proctoring & Integrity
https://testlify.com/stop-employment-fraud/,stop-employment-fraud,blog,Assessments & Testing,Proctoring & Integrity
https://testlify.com/strategic-human-resource-planning-for-future-of-work/,strategic-human-resource-planning-for-future-of-work,blog,Recruiting & Talent Acquisition,Sourcing & Candidate Pool
https://testlify.com/strategic-human-resource-planning-for-remote-teams/,strategic-human-resource-planning-for-remote-teams,blog,Recruiting & Talent Acquisition,Sourcing & Candidate Pool
https://testlify.com/strategic-human-resource-planning-for-small-business/,strategic-human-resource-planning-for-small-business,blog,Recruiting & Talent Acquisition,Sourcing & Candidate Pool
https://testlify.com/strategic-human-resource-planning-for-startups/,strategic-human-resource-planning-for-startups,blog,Recruiting & Talent Acquisition,Sourcing & Candidate Pool
https://testlify.com/strategic-planner-interview-questions-to-ask-job-applicants/,strategic-planner-interview-questions-to-ask-job-applicants,blog,Interview Questions (by role),
https://testlify.com/strategic-talent-acquisition-in-e-commerce/,strategic-talent-acquisition-in-e-commerce,blog,Recruiting & Talent Acquisition,Recruitment Process & Strategy
https://testlify.com/strategies-align-product-development-customer-feedback/,strategies-align-product-development-customer-feedback,blog,Unclustered / Other,
https://testlify.com/strategies-for-building-managing-distributed-teams/,strategies-for-building-managing-distributed-teams,blog,"Workplace, Culture & Future of Work",Remote & Hybrid
https://testlify.com/strategies-for-candidate-sourcing-outreach/,strategies-for-candidate-sourcing-outreach,blog,Recruiting & Talent Acquisition,Sourcing & Candidate Pool
https://testlify.com/strategies-for-evaluating-nursing-talent/,strategies-for-evaluating-nursing-talent,blog,Recruiting & Talent Acquisition,General Talent/Team-building
https://testlify.com/strategies-for-overcoming-geographical-and-cultural-barriers-in-remote-hiring/,strategies-for-overcoming-geographical-and-cultural-barriers-in-remote-hiring,blog,"Workplace, Culture & Future of Work",Remote & Hybrid
https://testlify.com/strategies-for-psychometric-test-in-recruitment/,strategies-for-psychometric-test-in-recruitment,blog,Assessments & Testing,Personality & Psychometric
https://testlify.com/strategies-for-upholding-online-test-integrity/,strategies-for-upholding-online-test-integrity,blog,Assessments & Testing,Assessment general
https://testlify.com/strategies-recruiters-use-to-recognize-top-talent/,strategies-recruiters-use-to-recognize-top-talent,blog,Recruiting & Talent Acquisition,Recruitment Process & Strategy
https://testlify.com/strategies-to-accelerate-time-to-fill-for-open-positions/,strategies-to-accelerate-time-to-fill-for-open-positions,blog,Recruiting & Talent Acquisition,General Hiring
https://testlify.com/strategies-to-attract-top-talents/,strategies-to-attract-top-talents,blog,Recruiting & Talent Acquisition,General Talent/Team-building
https://testlify.com/strategies-to-create-a-great-recruitment-experience/,strategies-to-create-a-great-recruitment-experience,blog,Recruiting & Talent Acquisition,Recruitment Process & Strategy
https://testlify.com/strategies-to-create-a-leadership-pipeline/,strategies-to-create-a-leadership-pipeline,blog,Recruiting & Talent Acquisition,General Talent/Team-building
https://testlify.com/strategies-to-find-talent-in-the-gig-economy/,strategies-to-find-talent-in-the-gig-economy,blog,Recruiting & Talent Acquisition,Sourcing & Candidate Pool
https://testlify.com/strategy-consultant-interview-questions-to-ask-job-applicants/,strategy-consultant-interview-questions-to-ask-job-applicants,blog,Interview Questions (by role),
https://testlify.com/streamline-workflow-with-time-tracking-tools/,streamline-workflow-with-time-tracking-tools,blog,Unclustered / Other,
https://testlify.com/strengths-based-interviewing-for-hiring-managers/,strengths-based-interviewing-for-hiring-managers,blog,Recruiting & Talent Acquisition,Interviewing (process/skills)
https://testlify.com/structured-interview-why-they-work-and-how-to-conduct/,structured-interview-why-they-work-and-how-to-conduct,blog,Recruiting & Talent Acquisition,Interviewing (process/skills)
https://testlify.com/structured-job-profiles-improve-hiring/,structured-job-profiles-improve-hiring,blog,Recruiting & Talent Acquisition,General Hiring
https://testlify.com/structured-vs-unstructured-interviews/,structured-vs-unstructured-interviews,blog,Competitor Alternatives & Comparisons,
https://testlify.com/studies-of-companies-with-good-workplace-cultures/,studies-of-companies-with-good-workplace-cultures,blog,"Workplace, Culture & Future of Work",Culture & Trends
https://testlify.com/studies-of-companies-with-successful-talent-pools/,studies-of-companies-with-successful-talent-pools,blog,Recruiting & Talent Acquisition,Sourcing & Candidate Pool
https://testlify.com/successful-ats-integration-stories-from-top-companies/,successful-ats-integration-stories-from-top-companies,blog,Recruiting & Talent Acquisition,Recruitment Process & Strategy
https://testlify.com/successful-pre-boarding-strategies-for-hrs/,successful-pre-boarding-strategies-for-hrs,blog,Unclustered / Other,
https://testlify.com/succession-planning-a-quick-guide-for-future-work/,succession-planning-a-quick-guide-for-future-work,blog,HR Operations & Compliance,Workforce & Succession Planning
https://testlify.com/succession-planning-a-quick-guide-for-startups/,succession-planning-a-quick-guide-for-startups,blog,HR Operations & Compliance,Workforce & Succession Planning
https://testlify.com/succession-planning-for-remote-teams/,succession-planning-for-remote-teams,blog,HR Operations & Compliance,Workforce & Succession Planning
https://testlify.com/supplier-quality-engineer-interview-questions-to-ask-job-applicants/,supplier-quality-engineer-interview-questions-to-ask-job-applicants,blog,Interview Questions (by role),
https://testlify.com/supplier-relationship-manager-interview-questions-to-ask-job-applicants/,supplier-relationship-manager-interview-questions-to-ask-job-applicants,blog,Interview Questions (by role),
https://testlify.com/supply-chain-analyst-interview-questions-to-ask-job-applicants/,supply-chain-analyst-interview-questions-to-ask-job-applicants,blog,Interview Questions (by role),
https://testlify.com/supply-chain-coordinator-interview-questions-to-ask-job-applicants/,supply-chain-coordinator-interview-questions-to-ask-job-applicants,blog,Interview Questions (by role),
https://testlify.com/supply-chain-manager-interview-questions-to-ask-job-applicants/,supply-chain-manager-interview-questions-to-ask-job-applicants,blog,Interview Questions (by role),
https://testlify.com/sustainability-manager-interview-questions-to-ask-job-applicants/,sustainability-manager-interview-questions-to-ask-job-applicants,blog,Interview Questions (by role),
https://testlify.com/sustainability-strategist-interview-questions-to-ask-job-applicants/,sustainability-strategist-interview-questions-to-ask-job-applicants,blog,Interview Questions (by role),
https://testlify.com/system-administrator-hiring/,system-administrator-hiring,blog,Recruiting & Talent Acquisition,General Hiring
https://testlify.com/system-administrator-interview-questions-to-ask-job-applicants/,system-administrator-interview-questions-to-ask-job-applicants,blog,Interview Questions (by role),
https://testlify.com/system-compatibility-check-to-prevent-exam-failure/,system-compatibility-check-to-prevent-exam-failure,blog,Unclustered / Other,
https://testlify.com/systems-analyst-interview-questions-to-ask-job-applicants/,systems-analyst-interview-questions-to-ask-job-applicants,blog,Interview Questions (by role),
https://testlify.com/t-shaped-skills/,t-shaped-skills,blog,Unclustered / Other,
https://testlify.com/tailoring-aptitude-tests-for-specific-industries-best-practices/,tailoring-aptitude-tests-for-specific-industries-best-practices,blog,Assessments & Testing,Aptitude & Cognitive
https://testlify.com/tailoring-integration-programs-for-talent-onboarding/,tailoring-integration-programs-for-talent-onboarding,blog,Employee Experience & Development,Onboarding
https://testlify.com/taking-a-hands-on-approach-to-assessment/,taking-a-hands-on-approach-to-assessment,blog,Assessments & Testing,Assessment general
https://testlify.com/talent-acquisition-and-best-practices-for-hr-professionals/,talent-acquisition-and-best-practices-for-hr-professionals,blog,Recruiting & Talent Acquisition,Recruitment Process & Strategy
https://testlify.com/talent-acquisition-benefits-citizenship-investment-programs/,talent-acquisition-benefits-citizenship-investment-programs,blog,Recruiting & Talent Acquisition,Recruitment Process & Strategy
https://testlify.com/talent-acquisition-coordinator-interview-questions-to-ask-job-applicants/,talent-acquisition-coordinator-interview-questions-to-ask-job-applicants,blog,Interview Questions (by role),
https://testlify.com/talent-acquisition-in-a-post-pandemic-world/,talent-acquisition-in-a-post-pandemic-world,blog,Recruiting & Talent Acquisition,Recruitment Process & Strategy
https://testlify.com/talent-acquisition-specialist-interview-questions-to-ask-job-applicants/,talent-acquisition-specialist-interview-questions-to-ask-job-applicants,blog,Interview Questions (by role),
https://testlify.com/talent-acquisition-tools/,talent-acquisition-tools,blog,Recruiting & Talent Acquisition,Recruitment Process & Strategy
https://testlify.com/talent-assessment-tool-in-your-hiring-process/,talent-assessment-tool-in-your-hiring-process,blog,Assessments & Testing,Assessment general
https://testlify.com/talent-assessment-tools-available-in-dutch/,talent-assessment-tools-available-in-dutch,blog,Assessments & Testing,Assessment general
https://testlify.com/talent-assessment-tools-available-in-french/,talent-assessment-tools-available-in-french,blog,Assessments & Testing,Assessment general
https://testlify.com/talent-assessment-tools-available-in-german/,talent-assessment-tools-available-in-german,blog,Assessments & Testing,Assessment general
https://testlify.com/talent-assessment-tools-available-in-spanish/,talent-assessment-tools-available-in-spanish,blog,Assessments & Testing,Assessment general
https://testlify.com/talent-assessment-tools-for-testing-language-skills/,talent-assessment-tools-for-testing-language-skills,blog,Assessments & Testing,Assessment general
https://testlify.com/talent-density/,talent-density,blog,Recruiting & Talent Acquisition,General Talent/Team-building
https://testlify.com/talent-development/,talent-development,blog,Recruiting & Talent Acquisition,General Talent/Team-building
https://testlify.com/talent-gap/,talent-gap,blog,Recruiting & Talent Acquisition,General Talent/Team-building
https://testlify.com/talent-intelligence/,talent-intelligence,blog,Recruiting & Talent Acquisition,General Talent/Team-building
https://testlify.com/talent-leader/,talent-leader,blog,Recruiting & Talent Acquisition,General Talent/Team-building
https://testlify.com/talent-lifecycle/,talent-lifecycle,blog,Recruiting & Talent Acquisition,General Talent/Team-building
https://testlify.com/talent-management-specialist-interview-questions-to-ask-job-applicants/,talent-management-specialist-interview-questions-to-ask-job-applicants,blog,Interview Questions (by role),
https://testlify.com/talent-mapping-and-how-to-use-it-to-your-advantage/,talent-mapping-and-how-to-use-it-to-your-advantage,blog,Recruiting & Talent Acquisition,General Talent/Team-building
https://testlify.com/talent-matching/,talent-matching,blog,Recruiting & Talent Acquisition,General Talent/Team-building
https://testlify.com/talent-mobility/,talent-mobility,blog,Recruiting & Talent Acquisition,General Talent/Team-building
https://testlify.com/talent-optimization/,talent-optimization,blog,Recruiting & Talent Acquisition,General Talent/Team-building
https://testlify.com/talent-planning-essentials-for-modern-businesses/,talent-planning-essentials-for-modern-businesses,blog,Recruiting & Talent Acquisition,General Talent/Team-building
https://testlify.com/talent-recruitment-trends-influencing/,talent-recruitment-trends-influencing,blog,Recruiting & Talent Acquisition,Recruitment Process & Strategy
https://testlify.com/talent-review/,talent-review,blog,Recruiting & Talent Acquisition,General Talent/Team-building
https://testlify.com/talent-search/,talent-search,blog,Recruiting & Talent Acquisition,General Talent/Team-building
https://testlify.com/talent-sourcing-strategies/,talent-sourcing-strategies,blog,Recruiting & Talent Acquisition,Sourcing & Candidate Pool
https://testlify.com/talent-strategy/,talent-strategy,blog,Recruiting & Talent Acquisition,General Talent/Team-building
https://testlify.com/talentate-alternatives/,talentate-alternatives,blog,Competitor Alternatives & Comparisons,
https://testlify.com/talentclick-alternatives/,talentclick-alternatives,blog,Competitor Alternatives & Comparisons,
https://testlify.com/talentlens-alternatives/,talentlens-alternatives,blog,Competitor Alternatives & Comparisons,
https://testlify.com/talentlyft-alternatives/,talentlyft-alternatives,blog,Competitor Alternatives & Comparisons,
https://testlify.com/talentmesh-alternatives/,talentmesh-alternatives,blog,Competitor Alternatives & Comparisons,
https://testlify.com/talentmetrix-alternatives/,talentmetrix-alternatives,blog,Competitor Alternatives & Comparisons,
https://testlify.com/talogy-alternatives/,talogy-alternatives,blog,Competitor Alternatives & Comparisons,
https://testlify.com/talview-alternatives/,talview-alternatives,blog,Competitor Alternatives & Comparisons,
https://testlify.com/targeted-training/,targeted-training,blog,Employee Experience & Development,Performance & L&D
https://testlify.com/tasks-executives-should-delegate-to-boost-productivity/,tasks-executives-should-delegate-to-boost-productivity,blog,Recruiting & Talent Acquisition,General Talent/Team-building
https://testlify.com/tax-assistant-interview-questions-to-ask-job-applicants/,tax-assistant-interview-questions-to-ask-job-applicants,blog,Interview Questions (by role),
https://testlify.com/tax-preparer-interview-questions-to-ask-job-applicants/,tax-preparer-interview-questions-to-ask-job-applicants,blog,Interview Questions (by role),
https://testlify.com/tax-specialist-interview-questions-to-ask-job-applicants/,tax-specialist-interview-questions-to-ask-job-applicants,blog,Interview Questions (by role),
https://testlify.com/tech-companies-switching-to-open-source-lms-platforms/,tech-companies-switching-to-open-source-lms-platforms,blog,Recruiting & Talent Acquisition,Sourcing & Candidate Pool
https://testlify.com/tech-recruitment-with-talent-engagement-strategies/,tech-recruitment-with-talent-engagement-strategies,blog,Recruiting & Talent Acquisition,Recruitment Process & Strategy
https://testlify.com/tech-tools-for-enhancing-hr-efficiency/,tech-tools-for-enhancing-hr-efficiency,blog,Unclustered / Other,
https://testlify.com/technical-assessment-platforms-with-live-proctoring/,technical-assessment-platforms-with-live-proctoring,blog,Assessments & Testing,Proctoring & Integrity
https://testlify.com/technical-interview-questions-to-assess-problem-solving-skills/,technical-interview-questions-to-assess-problem-solving-skills,blog,Interview Questions (by role),
https://testlify.com/technical-screening/,technical-screening,blog,Unclustered / Other,
https://testlify.com/technical-skill-assessment-new-perimeter-cybersecurity-recruitment/,technical-skill-assessment-new-perimeter-cybersecurity-recruitment,blog,Skills Tests & Evaluation (by skill),
https://testlify.com/technical-skills-assessments-improve-hiring-accuracy/,technical-skills-assessments-improve-hiring-accuracy,blog,Skills Tests & Evaluation (by skill),
https://testlify.com/technical-writer-interview-questions-to-ask-job-applicants/,technical-writer-interview-questions-to-ask-job-applicants,blog,Interview Questions (by role),
https://testlify.com/techniques-for-identifying-and-attracting-top-talent/,techniques-for-identifying-and-attracting-top-talent,blog,Recruiting & Talent Acquisition,General Talent/Team-building
https://testlify.com/technology-tools-or-platforms-to-use-for-sourcing-screening-candidates/,technology-tools-or-platforms-to-use-for-sourcing-screening-candidates,blog,Screening by Skill/Role,
https://testlify.com/test-partnership-alternatives/,test-partnership-alternatives,blog,Competitor Alternatives & Comparisons,
https://testlify.com/testdome-alternatives/,testdome-alternatives,blog,Competitor Alternatives & Comparisons,
https://testlify.com/testello-alternatives/,testello-alternatives,blog,Competitor Alternatives & Comparisons,
https://testlify.com/testgenius-alternatives/,testgenius-alternatives,blog,Competitor Alternatives & Comparisons,
https://testlify.com/testgorilla-alternatives/,testgorilla-alternatives,blog,Competitor Alternatives & Comparisons,
https://testlify.com/testgrid-alternatives/,testgrid-alternatives,blog,Competitor Alternatives & Comparisons,
https://testlify.com/testinvite-alternatives/,testinvite-alternatives,blog,Competitor Alternatives & Comparisons,
https://testlify.com/testlify-empowering-businesses-through-pre-hiring-assessments/,testlify-empowering-businesses-through-pre-hiring-assessments,blog,Assessments & Testing,Assessment general
https://testlify.com/testlify-transforms-data-driven-recruitment/,testlify-transforms-data-driven-recruitment,blog,Recruiting & Talent Acquisition,Recruitment Process & Strategy
https://testlify.com/testlify-vs-adaface-detailed-comparison/,testlify-vs-adaface-detailed-comparison,blog,Competitor Alternatives & Comparisons,
https://testlify.com/testlify-vs-alex-ai-detailed-comparison/,testlify-vs-alex-ai-detailed-comparison,blog,Competitor Alternatives & Comparisons,
https://testlify.com/testlify-vs-alva-labs-detailed-comparison/,testlify-vs-alva-labs-detailed-comparison,blog,Competitor Alternatives & Comparisons,
https://testlify.com/testlify-vs-asc-smarter-assessment-comparison/,testlify-vs-asc-smarter-assessment-comparison,blog,Assessments & Testing,Assessment general
https://testlify.com/testlify-vs-canditech-detailed-comparison/,testlify-vs-canditech-detailed-comparison,blog,Competitor Alternatives & Comparisons,
https://testlify.com/testlify-vs-cangrade-detailed-comparison/,testlify-vs-cangrade-detailed-comparison,blog,Competitor Alternatives & Comparisons,
https://testlify.com/testlify-vs-coderbyte-detailed-comparison/,testlify-vs-coderbyte-detailed-comparison,blog,Competitor Alternatives & Comparisons,
https://testlify.com/testlify-vs-codesignal-detailed-comparison/,testlify-vs-codesignal-detailed-comparison,blog,Competitor Alternatives & Comparisons,
https://testlify.com/testlify-vs-codility-detailed-comparison/,testlify-vs-codility-detailed-comparison,blog,Competitor Alternatives & Comparisons,
https://testlify.com/testlify-vs-criteria-corp-detailed-comparison/,testlify-vs-criteria-corp-detailed-comparison,blog,Competitor Alternatives & Comparisons,
https://testlify.com/testlify-vs-equip-detailed-comparison/,testlify-vs-equip-detailed-comparison,blog,Competitor Alternatives & Comparisons,
https://testlify.com/testlify-vs-eskill-detailed-comparison/,testlify-vs-eskill-detailed-comparison,blog,Competitor Alternatives & Comparisons,
https://testlify.com/testlify-vs-evalgator-detailed-comparison/,testlify-vs-evalgator-detailed-comparison,blog,Competitor Alternatives & Comparisons,
https://testlify.com/testlify-vs-glider-ai-detailed-comparison/,testlify-vs-glider-ai-detailed-comparison,blog,Competitor Alternatives & Comparisons,
https://testlify.com/testlify-vs-hackerearth-detailed-comparison/,testlify-vs-hackerearth-detailed-comparison,blog,Competitor Alternatives & Comparisons,
https://testlify.com/testlify-vs-hackerrank-detailed-comparison/,testlify-vs-hackerrank-detailed-comparison,blog,Competitor Alternatives & Comparisons,
https://testlify.com/testlify-vs-harver-detailed-comparison/,testlify-vs-harver-detailed-comparison,blog,Competitor Alternatives & Comparisons,
https://testlify.com/testlify-vs-hire-success-detailed-comparison/,testlify-vs-hire-success-detailed-comparison,blog,Competitor Alternatives & Comparisons,
https://testlify.com/testlify-vs-hiremojo-detailed-comparison/,testlify-vs-hiremojo-detailed-comparison,blog,Competitor Alternatives & Comparisons,
https://testlify.com/testlify-vs-hirevue-detailed-comparison/,testlify-vs-hirevue-detailed-comparison,blog,Competitor Alternatives & Comparisons,
https://testlify.com/testlify-vs-hyring-ai-interviewing-tool-comparison/,testlify-vs-hyring-ai-interviewing-tool-comparison,blog,Competitor Alternatives & Comparisons,
https://testlify.com/testlify-vs-imocha-detailed-comparison/,testlify-vs-imocha-detailed-comparison,blog,Competitor Alternatives & Comparisons,
https://testlify.com/testlify-vs-incruiter-detailed-comparison/,testlify-vs-incruiter-detailed-comparison,blog,Competitor Alternatives & Comparisons,
https://testlify.com/testlify-vs-jobma-detailed-comparison/,testlify-vs-jobma-detailed-comparison,blog,Competitor Alternatives & Comparisons,
https://testlify.com/testlify-vs-maki-people-detailed-comparison/,testlify-vs-maki-people-detailed-comparison,blog,Competitor Alternatives & Comparisons,
https://testlify.com/testlify-vs-mercer-mettl-detailed-comparison/,testlify-vs-mercer-mettl-detailed-comparison,blog,Competitor Alternatives & Comparisons,
https://testlify.com/testlify-vs-peoplogica-skills-detailed-comparison/,testlify-vs-peoplogica-skills-detailed-comparison,blog,Competitor Alternatives & Comparisons,
https://testlify.com/testlify-vs-perspect-ai-detailed-comparison/,testlify-vs-perspect-ai-detailed-comparison,blog,Competitor Alternatives & Comparisons,
https://testlify.com/testlify-vs-pixonality-detailed-comparison/,testlify-vs-pixonality-detailed-comparison,blog,Competitor Alternatives & Comparisons,
https://testlify.com/testlify-vs-predictive-index-detailed-comparison/,testlify-vs-predictive-index-detailed-comparison,blog,Competitor Alternatives & Comparisons,
https://testlify.com/testlify-vs-ribbon-ai-in-depth-comparison/,testlify-vs-ribbon-ai-in-depth-comparison,blog,Competitor Alternatives & Comparisons,
https://testlify.com/testlify-vs-saville-assessment-detailed-comparison/,testlify-vs-saville-assessment-detailed-comparison,blog,Assessments & Testing,Assessment general
https://testlify.com/testlify-vs-skillmeter-detailed-comparison/,testlify-vs-skillmeter-detailed-comparison,blog,Competitor Alternatives & Comparisons,
https://testlify.com/testlify-vs-sova-detailed-comparison/,testlify-vs-sova-detailed-comparison,blog,Competitor Alternatives & Comparisons,
https://testlify.com/testlify-vs-spark-hire-comparison/,testlify-vs-spark-hire-comparison,blog,Competitor Alternatives & Comparisons,
https://testlify.com/testlify-vs-symphony-talent-detailed-comparison/,testlify-vs-symphony-talent-detailed-comparison,blog,Competitor Alternatives & Comparisons,
https://testlify.com/testlify-vs-talentate-detailed-comparison/,testlify-vs-talentate-detailed-comparison,blog,Competitor Alternatives & Comparisons,
https://testlify.com/testlify-vs-talentclick-detailed-comparison/,testlify-vs-talentclick-detailed-comparison,blog,Competitor Alternatives & Comparisons,
https://testlify.com/testlify-vs-talentlens-detailed-comparison/,testlify-vs-talentlens-detailed-comparison,blog,Competitor Alternatives & Comparisons,
https://testlify.com/testlify-vs-talently-ai-detailed-comparison/,testlify-vs-talently-ai-detailed-comparison,blog,Competitor Alternatives & Comparisons,
https://testlify.com/testlify-vs-talentlyft-detailed-comparison/,testlify-vs-talentlyft-detailed-comparison,blog,Competitor Alternatives & Comparisons,
https://testlify.com/testlify-vs-talentmesh-detailed-comparison/,testlify-vs-talentmesh-detailed-comparison,blog,Competitor Alternatives & Comparisons,
https://testlify.com/testlify-vs-talentmetrix-detailed-comparison/,testlify-vs-talentmetrix-detailed-comparison,blog,Competitor Alternatives & Comparisons,
https://testlify.com/testlify-vs-talogy-detailed-comparison/,testlify-vs-talogy-detailed-comparison,blog,Competitor Alternatives & Comparisons,
https://testlify.com/testlify-vs-talview-detailed-comparison/,testlify-vs-talview-detailed-comparison,blog,Competitor Alternatives & Comparisons,
https://testlify.com/testlify-vs-test-partnership-detailed-comparison/,testlify-vs-test-partnership-detailed-comparison,blog,Assessments & Testing,Assessment general
https://testlify.com/testlify-vs-testdome-detailed-comparison/,testlify-vs-testdome-detailed-comparison,blog,Competitor Alternatives & Comparisons,
https://testlify.com/testlify-vs-testello-detailed-comparison/,testlify-vs-testello-detailed-comparison,blog,Competitor Alternatives & Comparisons,
https://testlify.com/testlify-vs-testgenius-detailed-comparison/,testlify-vs-testgenius-detailed-comparison,blog,Competitor Alternatives & Comparisons,
https://testlify.com/testlify-vs-testgorilla-detailed-comparison/,testlify-vs-testgorilla-detailed-comparison,blog,Competitor Alternatives & Comparisons,
https://testlify.com/testlify-vs-testgrid-detailed-comparison/,testlify-vs-testgrid-detailed-comparison,blog,Competitor Alternatives & Comparisons,
https://testlify.com/testlify-vs-testinvite-detailed-comparison/,testlify-vs-testinvite-detailed-comparison,blog,Competitor Alternatives & Comparisons,
https://testlify.com/testlify-vs-testtrick-detailed-comparison/,testlify-vs-testtrick-detailed-comparison,blog,Competitor Alternatives & Comparisons,
https://testlify.com/testlify-vs-testwise-detailed-comparison/,testlify-vs-testwise-detailed-comparison,blog,Competitor Alternatives & Comparisons,
https://testlify.com/testlify-vs-the-talent-games-detailed-comparison/,testlify-vs-the-talent-games-detailed-comparison,blog,Competitor Alternatives & Comparisons,
https://testlify.com/testlify-vs-thrive-detailed-comparison/,testlify-vs-thrive-detailed-comparison,blog,Competitor Alternatives & Comparisons,
https://testlify.com/testlify-vs-thrivemap-detailed-comparison/,testlify-vs-thrivemap-detailed-comparison,blog,Competitor Alternatives & Comparisons,
https://testlify.com/testlify-vs-total-testing-detailed-comparison/,testlify-vs-total-testing-detailed-comparison,blog,Assessments & Testing,Assessment general
https://testlify.com/testlify-vs-ubiaptitude-detailed-comparison/,testlify-vs-ubiaptitude-detailed-comparison,blog,Assessments & Testing,Aptitude & Cognitive
https://testlify.com/testlify-vs-veloxhire-detailed-comparison/,testlify-vs-veloxhire-detailed-comparison,blog,Competitor Alternatives & Comparisons,
https://testlify.com/testlify-vs-vervoe-detailed-comparison/,testlify-vs-vervoe-detailed-comparison,blog,Competitor Alternatives & Comparisons,
https://testlify.com/testlify-vs-vidcruiter-ai-interview-tools-compared/,testlify-vs-vidcruiter-ai-interview-tools-compared,blog,Competitor Alternatives & Comparisons,
https://testlify.com/testlify-vs-wecp-detailed-comparison/,testlify-vs-wecp-detailed-comparison,blog,Competitor Alternatives & Comparisons,
https://testlify.com/testlify-vs-xobin-detailed-comparison/,testlify-vs-xobin-detailed-comparison,blog,Competitor Alternatives & Comparisons,
https://testlify.com/testlify-vs-zapilio-detailed-comparison/,testlify-vs-zapilio-detailed-comparison,blog,Competitor Alternatives & Comparisons,
https://testlify.com/tests-to-check-your-professional-aptitude-for-students/,tests-to-check-your-professional-aptitude-for-students,blog,Assessments & Testing,Aptitude & Cognitive
https://testlify.com/texas-employment-and-labor-laws/,texas-employment-and-labor-laws,blog,HR Operations & Compliance,Policies & Compliance
https://testlify.com/text-recruiting/,text-recruiting,blog,Recruiting & Talent Acquisition,Recruitment Process & Strategy
https://testlify.com/the-5-steps-to-succession-planning/,the-5-steps-to-succession-planning,blog,HR Operations & Compliance,Workforce & Succession Planning
https://testlify.com/the-benefits-of-real-time-recruitment-metrics/,the-benefits-of-real-time-recruitment-metrics,blog,Recruiting & Talent Acquisition,Recruitment Process & Strategy
https://testlify.com/the-benefits-of-using-hiring-assessments-in-the-recruitment-process/,the-benefits-of-using-hiring-assessments-in-the-recruitment-process,blog,Assessments & Testing,Assessment general
https://testlify.com/the-benefits-of-using-psychometric-tests-in-the-workplace/,the-benefits-of-using-psychometric-tests-in-the-workplace,blog,Assessments & Testing,Personality & Psychometric
https://testlify.com/the-benefits-of-using-talent-assessment-in-the-hiring-process/,the-benefits-of-using-talent-assessment-in-the-hiring-process,blog,Assessments & Testing,Assessment general
https://testlify.com/the-best-practices-for-reference-checks/,the-best-practices-for-reference-checks,blog,Assessments & Testing,Proctoring & Integrity
https://testlify.com/the-best-recruitment-technology-tools-for-small-businesses/,the-best-recruitment-technology-tools-for-small-businesses,blog,Recruiting & Talent Acquisition,Recruitment Process & Strategy
https://testlify.com/the-best-sales-aptitude-test-for-different-types-of-sales-jobs/,the-best-sales-aptitude-test-for-different-types-of-sales-jobs,blog,Assessments & Testing,Aptitude & Cognitive
https://testlify.com/the-blue-collar-hiring-landscape-and-beyond/,the-blue-collar-hiring-landscape-and-beyond,blog,Recruiting & Talent Acquisition,General Hiring
https://testlify.com/the-evolution-of-talent-acquisition-from-traditional-to-modern-approaches/,the-evolution-of-talent-acquisition-from-traditional-to-modern-approaches,blog,Recruiting & Talent Acquisition,Recruitment Process & Strategy
https://testlify.com/the-evolving-role-of-enterprise-recruiters/,the-evolving-role-of-enterprise-recruiters,blog,Recruiting & Talent Acquisition,Recruitment Process & Strategy
https://testlify.com/the-excel-edge-assessing-advanced-excel-sills/,the-excel-edge-assessing-advanced-excel-sills,blog,Unclustered / Other,
https://testlify.com/the-future-of-ats-integration/,the-future-of-ats-integration,blog,Recruiting & Talent Acquisition,Recruitment Process & Strategy
https://testlify.com/the-future-of-coding-assessments-in-the-hiring-process/,the-future-of-coding-assessments-in-the-hiring-process,blog,Assessments & Testing,Assessment general
https://testlify.com/the-future-of-data-science-hiring/,the-future-of-data-science-hiring,blog,Recruiting & Talent Acquisition,General Hiring
https://testlify.com/the-future-of-talent-assessment-in-the-hiring-process/,the-future-of-talent-assessment-in-the-hiring-process,blog,Assessments & Testing,Assessment general
https://testlify.com/the-growing-demand-for-blockchain-engineers/,the-growing-demand-for-blockchain-engineers,blog,Unclustered / Other,
https://testlify.com/the-guide-to-hiring-a-cybersecurity-specialist/,the-guide-to-hiring-a-cybersecurity-specialist,blog,Recruiting & Talent Acquisition,General Hiring
https://testlify.com/the-impact-of-employee-engagement-on-productivity-and-profitability/,the-impact-of-employee-engagement-on-productivity-and-profitability,blog,Employee Experience & Development,Engagement & Retention
https://testlify.com/the-impact-of-employment-testing-on-hiring-success/,the-impact-of-employment-testing-on-hiring-success,blog,Assessments & Testing,Assessment general
https://testlify.com/the-impact-of-patient-recruitment-organizations-on-trial-efficiency/,the-impact-of-patient-recruitment-organizations-on-trial-efficiency,blog,Recruiting & Talent Acquisition,Recruitment Process & Strategy
https://testlify.com/the-importance-of-data-driven-hiring/,the-importance-of-data-driven-hiring,blog,Recruiting & Talent Acquisition,General Hiring
https://testlify.com/the-importance-of-employee-engagement/,the-importance-of-employee-engagement,blog,Employee Experience & Development,Engagement & Retention
https://testlify.com/the-importance-of-employer-branding-in-talent-acquisition/,the-importance-of-employer-branding-in-talent-acquisition,blog,Recruiting & Talent Acquisition,Recruitment Process & Strategy
https://testlify.com/the-importance-of-performance-management/,the-importance-of-performance-management,blog,Employee Experience & Development,Performance & L&D
https://testlify.com/the-importance-of-sales-aptitude-tests-in-hiring/,the-importance-of-sales-aptitude-tests-in-hiring,blog,Assessments & Testing,Aptitude & Cognitive
https://testlify.com/the-importance-of-strategic-human-resource-planning/,the-importance-of-strategic-human-resource-planning,blog,Recruiting & Talent Acquisition,Sourcing & Candidate Pool
https://testlify.com/the-importance-of-succession-planning/,the-importance-of-succession-planning,blog,HR Operations & Compliance,Workforce & Succession Planning
https://testlify.com/the-importance-of-talent-management-in-todays-economy/,the-importance-of-talent-management-in-todays-economy,blog,Recruiting & Talent Acquisition,General Talent/Team-building
https://testlify.com/the-importance-of-typing-speed-and-accuracy-in-the-workplace/,the-importance-of-typing-speed-and-accuracy-in-the-workplace,blog,"Workplace, Culture & Future of Work",Culture & Trends
https://testlify.com/the-landscape-of-hiring-in-recruiting-services/,the-landscape-of-hiring-in-recruiting-services,blog,Recruiting & Talent Acquisition,Recruitment Process & Strategy
https://testlify.com/the-latest-trends-in-hr-technology/,the-latest-trends-in-hr-technology,blog,HR Operations & Compliance,HR general / HRM
https://testlify.com/the-latest-trends-in-talent-management/,the-latest-trends-in-talent-management,blog,"Workplace, Culture & Future of Work",Culture & Trends
https://testlify.com/the-latest-trends-in-technical-assessments/,the-latest-trends-in-technical-assessments,blog,Assessments & Testing,Assessment general
https://testlify.com/the-most-common-signs-of-a-bad-hire/,the-most-common-signs-of-a-bad-hire,blog,Recruiting & Talent Acquisition,General Hiring
https://testlify.com/the-ongoing-battle-technology-vs-cheating-in-online-tests/,the-ongoing-battle-technology-vs-cheating-in-online-tests,blog,Assessments & Testing,Proctoring & Integrity
https://testlify.com/the-predictive-index-alternatives/,the-predictive-index-alternatives,blog,Competitor Alternatives & Comparisons,
https://testlify.com/the-pros-and-cons-of-hiring-freelancers/,the-pros-and-cons-of-hiring-freelancers,blog,Recruiting & Talent Acquisition,General Hiring
https://testlify.com/the-pros-and-cons-of-internal-recruitment/,the-pros-and-cons-of-internal-recruitment,blog,Recruiting & Talent Acquisition,Recruitment Process & Strategy
https://testlify.com/the-real-cost-of-a-mis-hire/,the-real-cost-of-a-mis-hire,blog,Recruiting & Talent Acquisition,General Hiring
https://testlify.com/the-roi-of-cognitive-reasoning-why-its-the-smartest-hiring-metric/,the-roi-of-cognitive-reasoning-why-its-the-smartest-hiring-metric,blog,Assessments & Testing,Aptitude & Cognitive
https://testlify.com/the-role-of-aptitude-tests-in-assessing-efficiency/,the-role-of-aptitude-tests-in-assessing-efficiency,blog,Assessments & Testing,Aptitude & Cognitive
https://testlify.com/the-role-of-communication-in-remote-job-interviews/,the-role-of-communication-in-remote-job-interviews,blog,Recruiting & Talent Acquisition,Interviewing (process/skills)
https://testlify.com/the-role-of-hiring-assessments-in-decision-making/,the-role-of-hiring-assessments-in-decision-making,blog,Assessments & Testing,Assessment general
https://testlify.com/the-role-of-hr-and-cxos-in-community-building/,the-role-of-hr-and-cxos-in-community-building,blog,Unclustered / Other,
https://testlify.com/the-role-of-hr-in-cmms-implementation-success/,the-role-of-hr-in-cmms-implementation-success,blog,Unclustered / Other,
https://testlify.com/the-role-of-hr-tools-in-remote-work-environment/,the-role-of-hr-tools-in-remote-work-environment,blog,"Workplace, Culture & Future of Work",Remote & Hybrid
https://testlify.com/the-role-of-it-skills-tests-in-identifying-top-talent/,the-role-of-it-skills-tests-in-identifying-top-talent,blog,Skills Tests & Evaluation (by skill),
https://testlify.com/the-role-of-leadership-in-employee-engagement/,the-role-of-leadership-in-employee-engagement,blog,Employee Experience & Development,Engagement & Retention
https://testlify.com/the-role-of-mechanical-tests-in-reducing-turnover/,the-role-of-mechanical-tests-in-reducing-turnover,blog,Assessments & Testing,Assessment general
https://testlify.com/the-role-of-soft-skills-assessment-in-team-collab/,the-role-of-soft-skills-assessment-in-team-collab,blog,Skills Tests & Evaluation (by skill),
https://testlify.com/the-role-of-soft-skills-in-data-science-hiring/,the-role-of-soft-skills-in-data-science-hiring,blog,Skills Management,
https://testlify.com/the-role-of-technology-in-hiring-assessments/,the-role-of-technology-in-hiring-assessments,blog,Assessments & Testing,Assessment general
https://testlify.com/the-secret-to-creating-the-best-job-pre-screening-test/,the-secret-to-creating-the-best-job-pre-screening-test,blog,Screening by Skill/Role,
https://testlify.com/the-significance-of-nlp-test-in-hiring-decisions/,the-significance-of-nlp-test-in-hiring-decisions,blog,Assessments & Testing,Assessment general
https://testlify.com/the-silent-recruiter-video-content-attracts-top-talent/,the-silent-recruiter-video-content-attracts-top-talent,blog,Recruiting & Talent Acquisition,Recruitment Process & Strategy
https://testlify.com/the-talent-games-alternatives/,the-talent-games-alternatives,blog,Competitor Alternatives & Comparisons,
https://testlify.com/the-ultimate-guide-on-hiring-an-executive-assistant/,the-ultimate-guide-on-hiring-an-executive-assistant,blog,Recruiting & Talent Acquisition,General Hiring
https://testlify.com/the-ultimate-guide-to-candidate-assessment/,the-ultimate-guide-to-candidate-assessment,blog,Assessments & Testing,Assessment general
https://testlify.com/the-ultimate-guide-to-employee-onboarding/,the-ultimate-guide-to-employee-onboarding,blog,Employee Experience & Development,Onboarding
https://testlify.com/the-value-of-psychometric-tests-in-candidate-evaluation/,the-value-of-psychometric-tests-in-candidate-evaluation,blog,Assessments & Testing,Personality & Psychometric
https://testlify.com/the-vital-role-of-proctoring-in-online-tests/,the-vital-role-of-proctoring-in-online-tests,blog,Assessments & Testing,Proctoring & Integrity
https://testlify.com/things-to-learn-while-creating-hybrid-remote-work-policies/,things-to-learn-while-creating-hybrid-remote-work-policies,blog,"Workplace, Culture & Future of Work",Remote & Hybrid
https://testlify.com/things-your-hr-team-can-do-during-a-hiring-freeze/,things-your-hr-team-can-do-during-a-hiring-freeze,blog,Recruiting & Talent Acquisition,General Hiring
https://testlify.com/thrive-alternatives/,thrive-alternatives,blog,Competitor Alternatives & Comparisons,
https://testlify.com/thrivemap-alternatives/,thrivemap-alternatives,blog,Competitor Alternatives & Comparisons,
https://testlify.com/time-tracking-without-invading-employee-privacy/,time-tracking-without-invading-employee-privacy,blog,Employee Experience & Development,Employee general
https://testlify.com/timesheet-management/,timesheet-management,blog,Recruiting & Talent Acquisition,General Talent/Team-building
https://testlify.com/tips-and-tricks-for-recruiting-top-talent-across-time-zones-and-borders/,tips-and-tricks-for-recruiting-top-talent-across-time-zones-and-borders,blog,Recruiting & Talent Acquisition,Recruitment Process & Strategy
https://testlify.com/tips-for-conducting-remote-programming-tests-in-recruitment/,tips-for-conducting-remote-programming-tests-in-recruitment,blog,Assessments & Testing,Assessment general
https://testlify.com/tips-for-diversity-in-candidate-assessments/,tips-for-diversity-in-candidate-assessments,blog,Assessments & Testing,Assessment general
https://testlify.com/tips-for-hr-to-optimize-working-days/,tips-for-hr-to-optimize-working-days,blog,Unclustered / Other,
https://testlify.com/tips-for-human-resource-management-strategy/,tips-for-human-resource-management-strategy,blog,Recruiting & Talent Acquisition,Sourcing & Candidate Pool
https://testlify.com/tips-for-organizing-perfect-workation-for-your-team/,tips-for-organizing-perfect-workation-for-your-team,blog,Recruiting & Talent Acquisition,General Talent/Team-building
https://testlify.com/tips-for-successful-remote-interviews/,tips-for-successful-remote-interviews,blog,Recruiting & Talent Acquisition,Interviewing (process/skills)
https://testlify.com/tips-on-recruiting-students-for-hr-professionals/,tips-on-recruiting-students-for-hr-professionals,blog,Recruiting & Talent Acquisition,Recruitment Process & Strategy
https://testlify.com/tips-to-build-a-team-in-financial-sector/,tips-to-build-a-team-in-financial-sector,blog,Recruiting & Talent Acquisition,General Talent/Team-building
https://testlify.com/tips-to-evaluate-analytical-skills/,tips-to-evaluate-analytical-skills,blog,Skills Tests & Evaluation (by skill),
https://testlify.com/tips-to-evaluate-brand-management-skills/,tips-to-evaluate-brand-management-skills,blog,Skills Tests & Evaluation (by skill),
https://testlify.com/tips-to-evaluate-change-management-skills/,tips-to-evaluate-change-management-skills,blog,Skills Tests & Evaluation (by skill),
https://testlify.com/tips-to-evaluate-communication-skills/,tips-to-evaluate-communication-skills,blog,Skills Tests & Evaluation (by skill),
https://testlify.com/tips-to-evaluate-content-marketing-skills/,tips-to-evaluate-content-marketing-skills,blog,Skills Tests & Evaluation (by skill),
https://testlify.com/tips-to-evaluate-content-writing-skills/,tips-to-evaluate-content-writing-skills,blog,Skills Tests & Evaluation (by skill),
https://testlify.com/tips-to-evaluate-copywriting-skills/,tips-to-evaluate-copywriting-skills,blog,Skills Tests & Evaluation (by skill),
https://testlify.com/tips-to-evaluate-crisis-management-skills/,tips-to-evaluate-crisis-management-skills,blog,Skills Tests & Evaluation (by skill),
https://testlify.com/tips-to-evaluate-critical-thinking-skills/,tips-to-evaluate-critical-thinking-skills,blog,Skills Tests & Evaluation (by skill),
https://testlify.com/tips-to-evaluate-customer-satisfaction-analysis-skills/,tips-to-evaluate-customer-satisfaction-analysis-skills,blog,Skills Tests & Evaluation (by skill),
https://testlify.com/tips-to-evaluate-customer-service-skills/,tips-to-evaluate-customer-service-skills,blog,Skills Tests & Evaluation (by skill),
https://testlify.com/tips-to-evaluate-data-analysis-skills/,tips-to-evaluate-data-analysis-skills,blog,Skills Tests & Evaluation (by skill),
https://testlify.com/tips-to-evaluate-data-mining-skills/,tips-to-evaluate-data-mining-skills,blog,Skills Tests & Evaluation (by skill),
https://testlify.com/tips-to-evaluate-data-validation-skills/,tips-to-evaluate-data-validation-skills,blog,Skills Tests & Evaluation (by skill),
https://testlify.com/tips-to-evaluate-data-visualization-skills/,tips-to-evaluate-data-visualization-skills,blog,Skills Tests & Evaluation (by skill),
https://testlify.com/tips-to-evaluate-database-management-skills/,tips-to-evaluate-database-management-skills,blog,Skills Tests & Evaluation (by skill),
https://testlify.com/tips-to-evaluate-digital-marketing-skills/,tips-to-evaluate-digital-marketing-skills,blog,Skills Tests & Evaluation (by skill),
https://testlify.com/tips-to-evaluate-email-marketing-skills/,tips-to-evaluate-email-marketing-skills,blog,Skills Tests & Evaluation (by skill),
https://testlify.com/tips-to-evaluate-financial-analysis-skills/,tips-to-evaluate-financial-analysis-skills,blog,Skills Tests & Evaluation (by skill),
https://testlify.com/tips-to-evaluate-financial-forecasting-skills/,tips-to-evaluate-financial-forecasting-skills,blog,Skills Tests & Evaluation (by skill),
https://testlify.com/tips-to-evaluate-financial-modeling-skills/,tips-to-evaluate-financial-modeling-skills,blog,Skills Tests & Evaluation (by skill),
https://testlify.com/tips-to-evaluate-graphic-designing-skills/,tips-to-evaluate-graphic-designing-skills,blog,Skills Tests & Evaluation (by skill),
https://testlify.com/tips-to-evaluate-influencer-marketing-skills/,tips-to-evaluate-influencer-marketing-skills,blog,Skills Tests & Evaluation (by skill),
https://testlify.com/tips-to-evaluate-influencer-relationship-management-skills/,tips-to-evaluate-influencer-relationship-management-skills,blog,Skills Tests & Evaluation (by skill),
https://testlify.com/tips-to-evaluate-java-programming-skills/,tips-to-evaluate-java-programming-skills,blog,Skills Tests & Evaluation (by skill),
https://testlify.com/tips-to-evaluate-leadership-skills/,tips-to-evaluate-leadership-skills,blog,Skills Tests & Evaluation (by skill),
https://testlify.com/tips-to-evaluate-market-forecasting-skills/,tips-to-evaluate-market-forecasting-skills,blog,Skills Tests & Evaluation (by skill),
https://testlify.com/tips-to-evaluate-market-research-skills/,tips-to-evaluate-market-research-skills,blog,Skills Tests & Evaluation (by skill),
https://testlify.com/tips-to-evaluate-mobile-app-development-skills/,tips-to-evaluate-mobile-app-development-skills,blog,Skills Tests & Evaluation (by skill),
https://testlify.com/tips-to-evaluate-negotiation-skills/,tips-to-evaluate-negotiation-skills,blog,Skills Tests & Evaluation (by skill),
https://testlify.com/tips-to-evaluate-network-security-skills/,tips-to-evaluate-network-security-skills,blog,Skills Tests & Evaluation (by skill),
https://testlify.com/tips-to-evaluate-problem-solving-skills/,tips-to-evaluate-problem-solving-skills,blog,Skills Tests & Evaluation (by skill),
https://testlify.com/tips-to-evaluate-programming-logic-skills/,tips-to-evaluate-programming-logic-skills,blog,Skills Tests & Evaluation (by skill),
https://testlify.com/tips-to-evaluate-project-coordination-skills/,tips-to-evaluate-project-coordination-skills,blog,Skills Tests & Evaluation (by skill),
https://testlify.com/tips-to-evaluate-project-management-skills/,tips-to-evaluate-project-management-skills,blog,Skills Tests & Evaluation (by skill),
https://testlify.com/tips-to-evaluate-python-programming-skills/,tips-to-evaluate-python-programming-skills,blog,Skills Tests & Evaluation (by skill),
https://testlify.com/tips-to-evaluate-risk-management-skills/,tips-to-evaluate-risk-management-skills,blog,Skills Tests & Evaluation (by skill),
https://testlify.com/tips-to-evaluate-sales-skills/,tips-to-evaluate-sales-skills,blog,Skills Tests & Evaluation (by skill),
https://testlify.com/tips-to-evaluate-search-engine-marketing-sem-skills/,tips-to-evaluate-search-engine-marketing-sem-skills,blog,Skills Tests & Evaluation (by skill),
https://testlify.com/tips-to-evaluate-search-engine-optimization-seo-skills/,tips-to-evaluate-search-engine-optimization-seo-skills,blog,Skills Tests & Evaluation (by skill),
https://testlify.com/tips-to-evaluate-seo-skills/,tips-to-evaluate-seo-skills,blog,Skills Tests & Evaluation (by skill),
https://testlify.com/tips-to-evaluate-social-media-marketing-skills/,tips-to-evaluate-social-media-marketing-skills,blog,Skills Tests & Evaluation (by skill),
https://testlify.com/tips-to-evaluate-software-architecture-skills/,tips-to-evaluate-software-architecture-skills,blog,Skills Tests & Evaluation (by skill),
https://testlify.com/tips-to-evaluate-software-configuration-management-skills/,tips-to-evaluate-software-configuration-management-skills,blog,Skills Tests & Evaluation (by skill),
https://testlify.com/tips-to-evaluate-software-deployment-skills/,tips-to-evaluate-software-deployment-skills,blog,Skills Tests & Evaluation (by skill),
https://testlify.com/tips-to-evaluate-statistical-analysis-skills/,tips-to-evaluate-statistical-analysis-skills,blog,Skills Tests & Evaluation (by skill),
https://testlify.com/tips-to-evaluate-supply-chain-optimization-skills/,tips-to-evaluate-supply-chain-optimization-skills,blog,Skills Tests & Evaluation (by skill),
https://testlify.com/tips-to-evaluate-ui-design-skills/,tips-to-evaluate-ui-design-skills,blog,Skills Tests & Evaluation (by skill),
https://testlify.com/tips-to-evaluate-user-support-skills/,tips-to-evaluate-user-support-skills,blog,Skills Tests & Evaluation (by skill),
https://testlify.com/tips-to-evaluate-ux-design-skills/,tips-to-evaluate-ux-design-skills,blog,Skills Tests & Evaluation (by skill),
https://testlify.com/tips-to-evaluate-ux-ui-design-skills/,tips-to-evaluate-ux-ui-design-skills,blog,Skills Tests & Evaluation (by skill),
https://testlify.com/tips-to-evaluate-web-development-skills/,tips-to-evaluate-web-development-skills,blog,Skills Tests & Evaluation (by skill),
https://testlify.com/tips-to-evaluate-website-performance-optimization-skills/,tips-to-evaluate-website-performance-optimization-skills,blog,Skills Tests & Evaluation (by skill),
https://testlify.com/tips-to-hire-a-writer-for-your-business/,tips-to-hire-a-writer-for-your-business,blog,Recruiting & Talent Acquisition,General Hiring
https://testlify.com/tips-to-hire-at-scale/,tips-to-hire-at-scale,blog,Recruiting & Talent Acquisition,General Hiring
https://testlify.com/tips-to-overcome-legal-compliance-issues-related-to-equal-employment-opportunity/,tips-to-overcome-legal-compliance-issues-related-to-equal-employment-opportunity,blog,HR Operations & Compliance,Policies & Compliance
https://testlify.com/title-examiner-interview-questions-to-ask-job-applicants/,title-examiner-interview-questions-to-ask-job-applicants,blog,Interview Questions (by role),
https://testlify.com/top-10-advantages-of-using-the-disc-personality-test-in-the-hiring-process/,top-10-advantages-of-using-the-disc-personality-test-in-the-hiring-process,blog,Assessments & Testing,Personality & Psychometric
https://testlify.com/top-10-aptitude-assessment-questions-for-potential-candidates/,top-10-aptitude-assessment-questions-for-potential-candidates,blog,Assessments & Testing,Aptitude & Cognitive
https://testlify.com/top-10-big-five-personality-test-questions-for-potential-candidates/,top-10-big-five-personality-test-questions-for-potential-candidates,blog,Assessments & Testing,Personality & Psychometric
https://testlify.com/top-10-pre-hire-assessment-platforms-for-enterprises/,top-10-pre-hire-assessment-platforms-for-enterprises,blog,Assessments & Testing,Pre-employment / Pre-hire
https://testlify.com/top-10-qa-test-questions-for-potential-candidates/,top-10-qa-test-questions-for-potential-candidates,blog,Assessments & Testing,Assessment general
https://testlify.com/top-10-recruitment-trends-to-watch-out-for-in-2022/,top-10-recruitment-trends-to-watch-out-for-in-2022,blog,Recruiting & Talent Acquisition,Recruitment Process & Strategy
https://testlify.com/top-10-technical-interview-questions-questions-for-potential-candidates/,top-10-technical-interview-questions-questions-for-potential-candidates,blog,Interview Questions (by role),
https://testlify.com/top-5-employee-experience-tools-and-technologies/,top-5-employee-experience-tools-and-technologies,blog,Employee Experience & Development,Engagement & Retention
https://testlify.com/top-5-practices-in-online-tests-to-maintain-integrity/,top-5-practices-in-online-tests-to-maintain-integrity,blog,Assessments & Testing,Assessment general
https://testlify.com/top-6-tips-hiring-it-specialists/,top-6-tips-hiring-it-specialists,blog,Recruiting & Talent Acquisition,General Hiring
https://testlify.com/top-7-recruitment-trends-in-financial-planner-hiring/,top-7-recruitment-trends-in-financial-planner-hiring,blog,Recruiting & Talent Acquisition,Recruitment Process & Strategy
https://testlify.com/top-7-strategies-to-attract-the-best-technical-talent/,top-7-strategies-to-attract-the-best-technical-talent,blog,Recruiting & Talent Acquisition,General Talent/Team-building
https://testlify.com/top-ai-powered-recruitment-tools-changing-the-hiring-game/,top-ai-powered-recruitment-tools-changing-the-hiring-game,blog,Recruiting & Talent Acquisition,Recruitment Process & Strategy
https://testlify.com/top-ai-recruiting-tools-for-improved-hiring-process/,top-ai-recruiting-tools-for-improved-hiring-process,blog,Recruiting & Talent Acquisition,Recruitment Process & Strategy
https://testlify.com/top-applicant-tracking-systems-ats/,top-applicant-tracking-systems-ats,blog,Recruiting & Talent Acquisition,Recruitment Process & Strategy
https://testlify.com/top-benefits-administration-tools/,top-benefits-administration-tools,blog,HR Operations & Compliance,Compensation & Benefits
https://testlify.com/top-benefits-of-ats-integration-for-job-assessments/,top-benefits-of-ats-integration-for-job-assessments,blog,Assessments & Testing,Assessment general
https://testlify.com/top-case-studies-of-successful-succession-planning/,top-case-studies-of-successful-succession-planning,blog,HR Operations & Compliance,Workforce & Succession Planning
https://testlify.com/top-challenges-in-remote-hiring-and-how-to-overcome-them/,top-challenges-in-remote-hiring-and-how-to-overcome-them,blog,"Workplace, Culture & Future of Work",Remote & Hybrid
https://testlify.com/top-coding-assessment-software-for-recruiters/,top-coding-assessment-software-for-recruiters,blog,Assessments & Testing,Assessment general
https://testlify.com/top-compensation-management-tools/,top-compensation-management-tools,blog,HR Operations & Compliance,Compensation & Benefits
https://testlify.com/top-core-hr-tools/,top-core-hr-tools,blog,Unclustered / Other,
https://testlify.com/top-corporate-learning-management-systems/,top-corporate-learning-management-systems,blog,Recruiting & Talent Acquisition,General Talent/Team-building
https://testlify.com/top-email-finder-tools-for-recruiters/,top-email-finder-tools-for-recruiters,blog,Recruiting & Talent Acquisition,Recruitment Process & Strategy
https://testlify.com/top-employee-engagement-tools/,top-employee-engagement-tools,blog,Employee Experience & Development,Engagement & Retention
https://testlify.com/top-employee-monitoring-tools/,top-employee-monitoring-tools,blog,Employee Experience & Development,Employee general
https://testlify.com/top-employee-recognition-tools/,top-employee-recognition-tools,blog,Employee Experience & Development,Engagement & Retention
https://testlify.com/top-factors-that-contribute-to-job-satisfaction/,top-factors-that-contribute-to-job-satisfaction,blog,Employee Experience & Development,Engagement & Retention
https://testlify.com/top-foundational-principles-every-student-should-grasp/,top-foundational-principles-every-student-should-grasp,blog,Unclustered / Other,
https://testlify.com/top-hiring-strategies/,top-hiring-strategies,blog,Recruiting & Talent Acquisition,Recruitment Process & Strategy
https://testlify.com/top-hr-buzzwords/,top-hr-buzzwords,blog,Unclustered / Other,
https://testlify.com/top-hr-tech-tools/,top-hr-tech-tools,blog,HR Operations & Compliance,HR general / HRM
https://testlify.com/top-human-resource-management-systems/,top-human-resource-management-systems,blog,Recruiting & Talent Acquisition,Sourcing & Candidate Pool
https://testlify.com/top-interviewing-platforms/,top-interviewing-platforms,blog,Recruiting & Talent Acquisition,Interviewing (process/skills)
https://testlify.com/top-job-application-trackers-perfect-tool-job-search/,top-job-application-trackers-perfect-tool-job-search,blog,Recruiting & Talent Acquisition,General Hiring
https://testlify.com/top-job-search-sites/,top-job-search-sites,blog,Unclustered / Other,
https://testlify.com/top-marketing-test-questions/,top-marketing-test-questions,blog,Assessments & Testing,Assessment general
https://testlify.com/top-marketing-trends-to-watch/,top-marketing-trends-to-watch,blog,"Workplace, Culture & Future of Work",Culture & Trends
https://testlify.com/top-must-ask-exit-interview-questions-for-insightful-feedback/,top-must-ask-exit-interview-questions-for-insightful-feedback,blog,Interview Questions (by role),
https://testlify.com/top-performance-management-tools/,top-performance-management-tools,blog,Employee Experience & Development,Performance & L&D
https://testlify.com/top-platforms-for-streamlined-freelance-hiring/,top-platforms-for-streamlined-freelance-hiring,blog,Recruiting & Talent Acquisition,General Hiring
https://testlify.com/top-reasons-to-prioritize-skills-over-degrees/,top-reasons-to-prioritize-skills-over-degrees,blog,Unclustered / Other,
https://testlify.com/top-recruitment-marketing-tools/,top-recruitment-marketing-tools,blog,Recruiting & Talent Acquisition,Recruitment Process & Strategy
https://testlify.com/top-recruitment-metrics-you-must-keep-track/,top-recruitment-metrics-you-must-keep-track,blog,Recruiting & Talent Acquisition,Recruitment Process & Strategy
https://testlify.com/top-recruitment-solutions-to-streamline-hiring/,top-recruitment-solutions-to-streamline-hiring,blog,Recruiting & Talent Acquisition,Recruitment Process & Strategy
https://testlify.com/top-recruitment-technology-trends/,top-recruitment-technology-trends,blog,Recruiting & Talent Acquisition,Recruitment Process & Strategy
https://testlify.com/top-recruitment-trends-in-account-executive-hiring/,top-recruitment-trends-in-account-executive-hiring,blog,Recruiting & Talent Acquisition,Recruitment Process & Strategy
https://testlify.com/top-recruitment-trends-in-brand-manager-hiring/,top-recruitment-trends-in-brand-manager-hiring,blog,Recruiting & Talent Acquisition,Recruitment Process & Strategy
https://testlify.com/top-recruitment-trends-in-business-analyst-hiring/,top-recruitment-trends-in-business-analyst-hiring,blog,Recruiting & Talent Acquisition,Recruitment Process & Strategy
https://testlify.com/top-recruitment-trends-in-data-analyst-hiring/,top-recruitment-trends-in-data-analyst-hiring,blog,Recruiting & Talent Acquisition,Recruitment Process & Strategy
https://testlify.com/top-recruitment-trends-in-data-engineer-hiring/,top-recruitment-trends-in-data-engineer-hiring,blog,Recruiting & Talent Acquisition,Recruitment Process & Strategy
https://testlify.com/top-recruitment-trends-in-financial-analyst-hiring/,top-recruitment-trends-in-financial-analyst-hiring,blog,Recruiting & Talent Acquisition,Recruitment Process & Strategy
https://testlify.com/top-recruitment-trends-in-hr-coordinator-hiring/,top-recruitment-trends-in-hr-coordinator-hiring,blog,Recruiting & Talent Acquisition,Recruitment Process & Strategy
https://testlify.com/top-recruitment-trends-in-hr-manager-hiring/,top-recruitment-trends-in-hr-manager-hiring,blog,Recruiting & Talent Acquisition,Recruitment Process & Strategy
https://testlify.com/top-recruitment-trends-in-hrbp-hiring/,top-recruitment-trends-in-hrbp-hiring,blog,Recruiting & Talent Acquisition,Recruitment Process & Strategy
https://testlify.com/top-recruitment-trends-in-it-director-hiring/,top-recruitment-trends-in-it-director-hiring,blog,Recruiting & Talent Acquisition,Recruitment Process & Strategy
https://testlify.com/top-recruitment-trends-in-marketing-manager-hiring/,top-recruitment-trends-in-marketing-manager-hiring,blog,Recruiting & Talent Acquisition,Recruitment Process & Strategy
https://testlify.com/top-recruitment-trends-in-project-manager-hiring/,top-recruitment-trends-in-project-manager-hiring,blog,Recruiting & Talent Acquisition,Recruitment Process & Strategy
https://testlify.com/top-recruitment-trends-in-qa-engineer-hiring/,top-recruitment-trends-in-qa-engineer-hiring,blog,Recruiting & Talent Acquisition,Recruitment Process & Strategy
https://testlify.com/top-recruitment-trends-in-sales-manager-hiring/,top-recruitment-trends-in-sales-manager-hiring,blog,Recruiting & Talent Acquisition,Recruitment Process & Strategy
https://testlify.com/top-recruitment-trends-in-supply-chain-analyst-hiring/,top-recruitment-trends-in-supply-chain-analyst-hiring,blog,Recruiting & Talent Acquisition,Recruitment Process & Strategy
https://testlify.com/top-recruitment-trends-in-system-analyst-hiring/,top-recruitment-trends-in-system-analyst-hiring,blog,Recruiting & Talent Acquisition,Recruitment Process & Strategy
https://testlify.com/top-recruitment-trends-in-ui-designer-hiring/,top-recruitment-trends-in-ui-designer-hiring,blog,Recruiting & Talent Acquisition,Recruitment Process & Strategy
https://testlify.com/top-remote-work-collaboration-tools-for-distributed-teams/,top-remote-work-collaboration-tools-for-distributed-teams,blog,"Workplace, Culture & Future of Work",Remote & Hybrid
https://testlify.com/top-resume-writing-services-hr-professionals/,top-resume-writing-services-hr-professionals,blog,Unclustered / Other,
https://testlify.com/top-skills-mapping-tools/,top-skills-mapping-tools,blog,Skills Management,
https://testlify.com/top-sources-of-recruitment/,top-sources-of-recruitment,blog,Recruiting & Talent Acquisition,Sourcing & Candidate Pool
https://testlify.com/top-staffing-tools/,top-staffing-tools,blog,Employee Experience & Development,Employee general
https://testlify.com/top-talent-acquisition-solutions-available-today/,top-talent-acquisition-solutions-available-today,blog,Recruiting & Talent Acquisition,Recruitment Process & Strategy
https://testlify.com/top-talent-using-business-analyst-test/,top-talent-using-business-analyst-test,blog,Assessments & Testing,Assessment general
https://testlify.com/top-technical-skills-you-must-assess-while-hiring/,top-technical-skills-you-must-assess-while-hiring,blog,Recruiting & Talent Acquisition,General Hiring
https://testlify.com/top-techniques-for-css-test-implementation/,top-techniques-for-css-test-implementation,blog,Assessments & Testing,Assessment general
https://testlify.com/top-time-tracking-tools/,top-time-tracking-tools,blog,Unclustered / Other,
https://testlify.com/top-tools-for-efficient-and-effective-remote-hiring/,top-tools-for-efficient-and-effective-remote-hiring,blog,"Workplace, Culture & Future of Work",Remote & Hybrid
https://testlify.com/top-tools-for-large-scale-campus-hiring-assessments/,top-tools-for-large-scale-campus-hiring-assessments,blog,Assessments & Testing,Assessment general
https://testlify.com/top-tools-for-running-a-system-requirement-check/,top-tools-for-running-a-system-requirement-check,blog,Unclustered / Other,
https://testlify.com/top-unconventional-techniques-to-make-lateral-hires/,top-unconventional-techniques-to-make-lateral-hires,blog,Recruiting & Talent Acquisition,General Hiring
https://testlify.com/top-video-interviewing-tools/,top-video-interviewing-tools,blog,Recruiting & Talent Acquisition,Interviewing (process/skills)
https://testlify.com/top-workforce-management-tools/,top-workforce-management-tools,blog,Employee Experience & Development,Employee general
https://testlify.com/total-testing-alternatives/,total-testing-alternatives,blog,Assessments & Testing,Assessment general
https://testlify.com/toxic-company-culture-is-driving-attrition-rates/,toxic-company-culture-is-driving-attrition-rates,blog,Employee Experience & Development,Engagement & Retention
https://testlify.com/trade-support-analyst-interview-questions-to-ask-job-applicants/,trade-support-analyst-interview-questions-to-ask-job-applicants,blog,Interview Questions (by role),
https://testlify.com/traditional-hiring-interviews-alternatives/,traditional-hiring-interviews-alternatives,blog,Competitor Alternatives & Comparisons,
https://testlify.com/traditional-recruitment-sources-are-failing-modern-employers/,traditional-recruitment-sources-are-failing-modern-employers,blog,Recruiting & Talent Acquisition,Sourcing & Candidate Pool
https://testlify.com/trainer-interview-questions-to-ask-job-applicants/,trainer-interview-questions-to-ask-job-applicants,blog,Interview Questions (by role),
https://testlify.com/training-and-development-coordinator-interview-questions-to-ask-job-applicants/,training-and-development-coordinator-interview-questions-to-ask-job-applicants,blog,Interview Questions (by role),
https://testlify.com/training-and-development-manager-interview-questions-to-ask-job-applicants/,training-and-development-manager-interview-questions-to-ask-job-applicants,blog,Interview Questions (by role),
https://testlify.com/training-coordinator-interview-questions-to-ask-job-applicants/,training-coordinator-interview-questions-to-ask-job-applicants,blog,Interview Questions (by role),
https://testlify.com/training-effectiveness/,training-effectiveness,blog,Employee Experience & Development,Performance & L&D
https://testlify.com/training-specialist-interview-questions-to-ask-job-applicants/,training-specialist-interview-questions-to-ask-job-applicants,blog,Interview Questions (by role),
https://testlify.com/transferable-skills/,transferable-skills,blog,Skills Management,
https://testlify.com/translator-interview-questions-to-ask-job-applicants/,translator-interview-questions-to-ask-job-applicants,blog,Interview Questions (by role),
https://testlify.com/transportation-coordinator-interview-questions-to-ask-job-applicants/,transportation-coordinator-interview-questions-to-ask-job-applicants,blog,Interview Questions (by role),
https://testlify.com/travel-coordinator-interview-questions-to-ask-job-applicants/,travel-coordinator-interview-questions-to-ask-job-applicants,blog,Interview Questions (by role),
https://testlify.com/treasury-analyst-interview-questions-to-ask-job-applicants/,treasury-analyst-interview-questions-to-ask-job-applicants,blog,Interview Questions (by role),
https://testlify.com/trends-and-innovations-in-technical-skill-assessments/,trends-and-innovations-in-technical-skill-assessments,blog,Skills Tests & Evaluation (by skill),
https://testlify.com/trends-in-talent-acquisition-whats-changing/,trends-in-talent-acquisition-whats-changing,blog,Recruiting & Talent Acquisition,Recruitment Process & Strategy
https://testlify.com/trends-to-watch-out-in-recruitment/,trends-to-watch-out-in-recruitment,blog,Recruiting & Talent Acquisition,Recruitment Process & Strategy
https://testlify.com/types-of-aptitude-tests/,types-of-aptitude-tests,blog,Assessments & Testing,Aptitude & Cognitive
https://testlify.com/types-of-assessment-questions/,types-of-assessment-questions,blog,Assessments & Testing,Assessment general
https://testlify.com/types-of-coding-assessments-and-how-to-choose-one/,types-of-coding-assessments-and-how-to-choose-one,blog,Assessments & Testing,Assessment general
https://testlify.com/types-of-interviews/,types-of-interviews,blog,Recruiting & Talent Acquisition,Interviewing (process/skills)
https://testlify.com/types-of-learning-and-development-activities/,types-of-learning-and-development-activities,blog,Employee Experience & Development,Performance & L&D
https://testlify.com/types-of-online-exam-proctoring/,types-of-online-exam-proctoring,blog,Assessments & Testing,Proctoring & Integrity
https://testlify.com/types-of-pre-employment-tests-for-candidate-evaluation/,types-of-pre-employment-tests-for-candidate-evaluation,blog,Assessments & Testing,Pre-employment / Pre-hire
https://testlify.com/types-of-pre-employment-tests/,types-of-pre-employment-tests,blog,Assessments & Testing,Pre-employment / Pre-hire
https://testlify.com/types-of-pre-hire-testing/,types-of-pre-hire-testing,blog,Assessments & Testing,Pre-employment / Pre-hire
https://testlify.com/types-of-psychometric-tests-and-what-they-measure/,types-of-psychometric-tests-and-what-they-measure,blog,Assessments & Testing,Personality & Psychometric
https://testlify.com/types-of-recruitment-technology/,types-of-recruitment-technology,blog,Recruiting & Talent Acquisition,Recruitment Process & Strategy
https://testlify.com/types-of-selection-tests-for-hrm/,types-of-selection-tests-for-hrm,blog,Assessments & Testing,Assessment general
https://testlify.com/types-of-skills-assessment-tests/,types-of-skills-assessment-tests,blog,Skills Tests & Evaluation (by skill),
https://testlify.com/types-of-skills-hiring-test-assess-in-candidates/,types-of-skills-hiring-test-assess-in-candidates,blog,Assessments & Testing,Assessment general
https://testlify.com/types-of-technical-assessment-while-hiring-candidates/,types-of-technical-assessment-while-hiring-candidates,blog,Assessments & Testing,Assessment general
https://testlify.com/ubiaptitude-alternatives/,ubiaptitude-alternatives,blog,Assessments & Testing,Aptitude & Cognitive
https://testlify.com/ui-ux-designer-interview-questions-to-ask-job-applicants/,ui-ux-designer-interview-questions-to-ask-job-applicants,blog,Interview Questions (by role),
https://testlify.com/ultimate-guide-cognitive-ability-tests/,ultimate-guide-cognitive-ability-tests,blog,Assessments & Testing,Aptitude & Cognitive
https://testlify.com/ultimate-guide-to-best-recruiting-tools/,ultimate-guide-to-best-recruiting-tools,blog,Recruiting & Talent Acquisition,Recruitment Process & Strategy
https://testlify.com/ultimate-guide-to-candidate-sourcing/,ultimate-guide-to-candidate-sourcing,blog,Recruiting & Talent Acquisition,Sourcing & Candidate Pool
https://testlify.com/ultimate-guide-to-hiring-a-vp-of-sales/,ultimate-guide-to-hiring-a-vp-of-sales,blog,Recruiting & Talent Acquisition,General Hiring
https://testlify.com/ultimate-guide-to-problem-solving-in-the-workplace/,ultimate-guide-to-problem-solving-in-the-workplace,blog,"Workplace, Culture & Future of Work",Culture & Trends
https://testlify.com/ultimate-guide-to-recruitment-kpis/,ultimate-guide-to-recruitment-kpis,blog,Recruiting & Talent Acquisition,Recruitment Process & Strategy
https://testlify.com/unconscious-biases-reinforce-the-glass-ceiling/,unconscious-biases-reinforce-the-glass-ceiling,blog,"Workplace, Culture & Future of Work",DEI
https://testlify.com/uncovering-hidden-talent-pools-for-lateral-hires/,uncovering-hidden-talent-pools-for-lateral-hires,blog,Recruiting & Talent Acquisition,Sourcing & Candidate Pool
https://testlify.com/understanding-campus-hiring-trends/,understanding-campus-hiring-trends,blog,"Workplace, Culture & Future of Work",Culture & Trends
https://testlify.com/understanding-employee-empowerment/,understanding-employee-empowerment,blog,Employee Experience & Development,Employee general
https://testlify.com/underwriting-assistant-interview-questions-to-ask-job-applicants/,underwriting-assistant-interview-questions-to-ask-job-applicants,blog,Interview Questions (by role),
https://testlify.com/unleashing-the-power-of-employee-engagement-solutions/,unleashing-the-power-of-employee-engagement-solutions,blog,Employee Experience & Development,Engagement & Retention
https://testlify.com/unlock-the-power-of-automated-assessments-in-hiring/,unlock-the-power-of-automated-assessments-in-hiring,blog,Assessments & Testing,Assessment general
https://testlify.com/unlock-top-talent-with-cognitive-reasoning-assessment/,unlock-top-talent-with-cognitive-reasoning-assessment,blog,Assessments & Testing,Aptitude & Cognitive
https://testlify.com/unlocking-hr-efficiency-the-power-of-vpns-in-modern-workforce-management/,unlocking-hr-efficiency-the-power-of-vpns-in-modern-workforce-management,blog,Employee Experience & Development,Employee general
https://testlify.com/upskilling-and-reskilling/,upskilling-and-reskilling,blog,Skills Management,
https://testlify.com/upskilling-improve-workplace-wellbeing/,upskilling-improve-workplace-wellbeing,blog,Skills Management,
https://testlify.com/use-a-digital-marketing-test-to-screen-candidates/,use-a-digital-marketing-test-to-screen-candidates,blog,Screening by Skill/Role,
https://testlify.com/use-admin-assistant-tests-in-recruitment/,use-admin-assistant-tests-in-recruitment,blog,Assessments & Testing,Assessment general
https://testlify.com/use-ai-to-tailor-assessments-to-job-descriptions/,use-ai-to-tailor-assessments-to-job-descriptions,blog,Assessments & Testing,Assessment general
https://testlify.com/use-coding-assessments-to-create-talent-a-pipeline/,use-coding-assessments-to-create-talent-a-pipeline,blog,Assessments & Testing,Assessment general
https://testlify.com/use-cognitive-ability-tests-for-candidate-development/,use-cognitive-ability-tests-for-candidate-development,blog,Assessments & Testing,Aptitude & Cognitive
https://testlify.com/use-data-and-analytics-to-improve-recruitment-process/,use-data-and-analytics-to-improve-recruitment-process,blog,Recruiting & Talent Acquisition,Recruitment Process & Strategy
https://testlify.com/use-data-entry-clerk-test-to-assess-candidates/,use-data-entry-clerk-test-to-assess-candidates,blog,Assessments & Testing,Assessment general
https://testlify.com/use-jenkins-test-to-hire-developers/,use-jenkins-test-to-hire-developers,blog,Assessments & Testing,Assessment general
https://testlify.com/use-motivation-test-to-hire-the-right-candidates/,use-motivation-test-to-hire-the-right-candidates,blog,Assessments & Testing,Assessment general
https://testlify.com/use-networking-test-to-assess-network-skills/,use-networking-test-to-assess-network-skills,blog,Skills Tests & Evaluation (by skill),
https://testlify.com/use-of-ai-in-employee-monitoring/,use-of-ai-in-employee-monitoring,blog,Employee Experience & Development,Employee general
https://testlify.com/use-of-video-content-for-recruiting-top-talent/,use-of-video-content-for-recruiting-top-talent,blog,Recruiting & Talent Acquisition,Recruitment Process & Strategy
https://testlify.com/use-recruitment-tech-to-conduct-virtual-interview/,use-recruitment-tech-to-conduct-virtual-interview,blog,Recruiting & Talent Acquisition,Recruitment Process & Strategy
https://testlify.com/use-recruitment-technology-to-assess-candidates/,use-recruitment-technology-to-assess-candidates,blog,Recruiting & Talent Acquisition,Recruitment Process & Strategy
https://testlify.com/use-recruitment-technology-to-onboard-new-employees/,use-recruitment-technology-to-onboard-new-employees,blog,Recruiting & Talent Acquisition,Recruitment Process & Strategy
https://testlify.com/use-skill-assessments-data-to-make-better-hiring/,use-skill-assessments-data-to-make-better-hiring,blog,Skills Tests & Evaluation (by skill),
https://testlify.com/use-skill-assessments-to-improve-diversity-inclusion/,use-skill-assessments-to-improve-diversity-inclusion,blog,Skills Tests & Evaluation (by skill),
https://testlify.com/use-skills-assessment-to-improve-your-employer-brand/,use-skills-assessment-to-improve-your-employer-brand,blog,Skills Tests & Evaluation (by skill),
https://testlify.com/use-soft-skills-assessment-for-resilient-employees/,use-soft-skills-assessment-for-resilient-employees,blog,Skills Tests & Evaluation (by skill),
https://testlify.com/use-tech-to-support-strategic-human-resource-planning/,use-tech-to-support-strategic-human-resource-planning,blog,Recruiting & Talent Acquisition,Sourcing & Candidate Pool
https://testlify.com/use-technical-assessments-to-identify-top-talent/,use-technical-assessments-to-identify-top-talent,blog,Assessments & Testing,Assessment general
https://testlify.com/use-technology-to-support-compensation-and-benefits/,use-technology-to-support-compensation-and-benefits,blog,HR Operations & Compliance,Compensation & Benefits
https://testlify.com/use-technology-to-support-new-hire-orientations/,use-technology-to-support-new-hire-orientations,blog,Recruiting & Talent Acquisition,General Hiring
https://testlify.com/use-technology-to-support-performance-management/,use-technology-to-support-performance-management,blog,Employee Experience & Development,Performance & L&D
https://testlify.com/use-workplace-culture-to-improve-company-bottomline/,use-workplace-culture-to-improve-company-bottomline,blog,"Workplace, Culture & Future of Work",Culture & Trends
https://testlify.com/use-workplace-culture-to-improve-employee-engagement/,use-workplace-culture-to-improve-employee-engagement,blog,Employee Experience & Development,Engagement & Retention
https://testlify.com/use-workspace-to-assess-problem-solving-skills/,use-workspace-to-assess-problem-solving-skills,blog,Skills Tests & Evaluation (by skill),
https://testlify.com/user-experience-designer-interview-questions-to-ask-job-applicants/,user-experience-designer-interview-questions-to-ask-job-applicants,blog,Interview Questions (by role),
https://testlify.com/user-experience-researcher-interview-questions-to-ask-job-applicants/,user-experience-researcher-interview-questions-to-ask-job-applicants,blog,Interview Questions (by role),
https://testlify.com/using-ai-to-assess-soft-skills-in-healthcare-hiring/,using-ai-to-assess-soft-skills-in-healthcare-hiring,blog,Skills Tests & Evaluation (by skill),
https://testlify.com/using-computer-literacy-test-for-candidate-evaluation/,using-computer-literacy-test-for-candidate-evaluation,blog,Assessments & Testing,Assessment general
https://testlify.com/using-disc-personality-test-for-hiring-astrology-or-science/,using-disc-personality-test-for-hiring-astrology-or-science,blog,Assessments & Testing,Personality & Psychometric
https://testlify.com/using-emotional-intelligence-test-for-hiring-astrology-or-science/,using-emotional-intelligence-test-for-hiring-astrology-or-science,blog,Assessments & Testing,Assessment general
https://testlify.com/using-english-proficiency-test-for-recruitment/,using-english-proficiency-test-for-recruitment,blog,Assessments & Testing,Assessment general
https://testlify.com/using-gameplay-as-a-resume-professional-skills-game-behavior/,using-gameplay-as-a-resume-professional-skills-game-behavior,blog,Unclustered / Other,
https://testlify.com/using-personality-tests-for-hiring-astrology-or-science/,using-personality-tests-for-hiring-astrology-or-science,blog,Assessments & Testing,Personality & Psychometric
https://testlify.com/using-skill-assessment-for-developing-training/,using-skill-assessment-for-developing-training,blog,Skills Tests & Evaluation (by skill),
https://testlify.com/utah-employment-and-labor-laws/,utah-employment-and-labor-laws,blog,HR Operations & Compliance,Policies & Compliance
https://testlify.com/vendor-management-coordinator-interview-questions-to-ask-job-applicants/,vendor-management-coordinator-interview-questions-to-ask-job-applicants,blog,Interview Questions (by role),
https://testlify.com/vendor-relations-manager-interview-questions-to-ask-job-applicants/,vendor-relations-manager-interview-questions-to-ask-job-applicants,blog,Interview Questions (by role),
https://testlify.com/verify-candidate-credibility-with-background-checks-and-references/,verify-candidate-credibility-with-background-checks-and-references,blog,Assessments & Testing,Proctoring & Integrity
https://testlify.com/vervoe-alternatives/,vervoe-alternatives,blog,Competitor Alternatives & Comparisons,
https://testlify.com/video-ai-interviews-for-sales-hiring/,video-ai-interviews-for-sales-hiring,blog,Recruiting & Talent Acquisition,Interviewing (process/skills)
https://testlify.com/video-interviews-effective-in-assessing-candidates/,video-interviews-effective-in-assessing-candidates,blog,Recruiting & Talent Acquisition,Interviewing (process/skills)
https://testlify.com/video-interviews/,video-interviews,blog,Recruiting & Talent Acquisition,Interviewing (process/skills)
https://testlify.com/virginia-employment-and-labor-laws/,virginia-employment-and-labor-laws,blog,HR Operations & Compliance,Policies & Compliance
https://testlify.com/virtual-assistant-interview-questions-to-ask-job-applicants/,virtual-assistant-interview-questions-to-ask-job-applicants,blog,Interview Questions (by role),
https://testlify.com/virtual-assistant-test-essential-for-recruiters/,virtual-assistant-test-essential-for-recruiters,blog,Assessments & Testing,Assessment general
https://testlify.com/virtual-attention-to-detail-tests-adapting-to-remote-hiring/,virtual-attention-to-detail-tests-adapting-to-remote-hiring,blog,Assessments & Testing,Assessment general
https://testlify.com/virtual-team-building/,virtual-team-building,blog,Recruiting & Talent Acquisition,General Talent/Team-building
https://testlify.com/visual-personality-test/,visual-personality-test,blog,Assessments & Testing,Personality & Psychometric
https://testlify.com/walmart-hiring-process/,walmart-hiring-process,blog,Recruiting & Talent Acquisition,Recruitment Process & Strategy
https://testlify.com/warehouse-manager-interview-questions-to-ask-job-applicants/,warehouse-manager-interview-questions-to-ask-job-applicants,blog,Interview Questions (by role),
https://testlify.com/warehouse-operator-interview-questions-to-ask-job-applicants/,warehouse-operator-interview-questions-to-ask-job-applicants,blog,Interview Questions (by role),
https://testlify.com/warehouse-supervisor-interview-questions-to-ask-job-applicants/,warehouse-supervisor-interview-questions-to-ask-job-applicants,blog,Interview Questions (by role),
https://testlify.com/washington-employment-and-labor-laws/,washington-employment-and-labor-laws,blog,HR Operations & Compliance,Policies & Compliance
https://testlify.com/ways-hr-can-assist-employee-resource-groups/,ways-hr-can-assist-employee-resource-groups,blog,Recruiting & Talent Acquisition,Sourcing & Candidate Pool
https://testlify.com/ways-organizations-can-assess-culture-fit-using-personality-tests/,ways-organizations-can-assess-culture-fit-using-personality-tests,blog,Assessments & Testing,Personality & Psychometric
https://testlify.com/ways-pre-hire-assessments-can-help-when-not-hiring/,ways-pre-hire-assessments-can-help-when-not-hiring,blog,Assessments & Testing,Pre-employment / Pre-hire
https://testlify.com/ways-skill-based-hiring-can-counter-gender-gap/,ways-skill-based-hiring-can-counter-gender-gap,blog,Skills Management,
https://testlify.com/ways-technology-can-help-hr-teams/,ways-technology-can-help-hr-teams,blog,Recruiting & Talent Acquisition,General Talent/Team-building
https://testlify.com/ways-to-boost-employee-engagement/,ways-to-boost-employee-engagement,blog,Employee Experience & Development,Engagement & Retention
https://testlify.com/ways-to-cultivate-employee-loyalty/,ways-to-cultivate-employee-loyalty,blog,Employee Experience & Development,Employee general
https://testlify.com/ways-to-improve-team-dynamics-and-employee-behaviors/,ways-to-improve-team-dynamics-and-employee-behaviors,blog,Employee Experience & Development,Employee general
https://testlify.com/ways-to-improve-the-legal-base-of-your-hiring-process/,ways-to-improve-the-legal-base-of-your-hiring-process,blog,Recruiting & Talent Acquisition,Recruitment Process & Strategy
https://testlify.com/ways-to-simplify-campus-hiring-with-recruitment-tech/,ways-to-simplify-campus-hiring-with-recruitment-tech,blog,Recruiting & Talent Acquisition,Recruitment Process & Strategy
https://testlify.com/wecp-alternatives/,wecp-alternatives,blog,Competitor Alternatives & Comparisons,
https://testlify.com/welcoming-new-hires-in-a-virtual-environment/,welcoming-new-hires-in-a-virtual-environment,blog,Recruiting & Talent Acquisition,General Hiring
https://testlify.com/what-are-ai-interviews-and-do-they-really-work/,what-are-ai-interviews-and-do-they-really-work,blog,Recruiting & Talent Acquisition,Interviewing (process/skills)
https://testlify.com/what-are-industry-specific-skills-assessment/,what-are-industry-specific-skills-assessment,blog,Skills Tests & Evaluation (by skill),
https://testlify.com/what-are-operations-teams-and-how-do-they-work/,what-are-operations-teams-and-how-do-they-work,blog,Recruiting & Talent Acquisition,General Talent/Team-building
https://testlify.com/what-are-personality-tests-and-how-are-they-used/,what-are-personality-tests-and-how-are-they-used,blog,Assessments & Testing,Personality & Psychometric
https://testlify.com/what-are-recruitment-tools/,what-are-recruitment-tools,blog,Recruiting & Talent Acquisition,Recruitment Process & Strategy
https://testlify.com/what-are-soft-skills/,what-are-soft-skills,blog,Skills Management,
https://testlify.com/what-are-staffing-services/,what-are-staffing-services,blog,Employee Experience & Development,Employee general
https://testlify.com/what-are-talent-assessments/,what-are-talent-assessments,blog,Assessments & Testing,Assessment general
https://testlify.com/what-are-technical-assessments-and-why-are-they-important/,what-are-technical-assessments-and-why-are-they-important,blog,Assessments & Testing,Assessment general
https://testlify.com/what-are-the-4-pillars-of-talent-management/,what-are-the-4-pillars-of-talent-management,blog,Recruiting & Talent Acquisition,General Talent/Team-building
https://testlify.com/what-are-the-benefits-of-building-a-talent-pool/,what-are-the-benefits-of-building-a-talent-pool,blog,Recruiting & Talent Acquisition,Sourcing & Candidate Pool
https://testlify.com/what-are-the-best-interview-questions-to-ask/,what-are-the-best-interview-questions-to-ask,blog,Interview Questions (by role),
https://testlify.com/what-are-the-best-sourcing-tools-for-recruiters/,what-are-the-best-sourcing-tools-for-recruiters,blog,Recruiting & Talent Acquisition,Sourcing & Candidate Pool
https://testlify.com/what-are-the-different-types-of-sourcing-strategies/,what-are-the-different-types-of-sourcing-strategies,blog,Recruiting & Talent Acquisition,Sourcing & Candidate Pool
https://testlify.com/what-are-the-different-types-of-staffing-services/,what-are-the-different-types-of-staffing-services,blog,Employee Experience & Development,Employee general
https://testlify.com/what-are-the-employment-assessments/,what-are-the-employment-assessments,blog,Assessments & Testing,Assessment general
https://testlify.com/what-ctos-should-know-before-hiring-defi-developers/,what-ctos-should-know-before-hiring-defi-developers,blog,Recruiting & Talent Acquisition,General Hiring
https://testlify.com/what-is-360-recruitment-what-recruiters-should-know/,what-is-360-recruitment-what-recruiters-should-know,blog,Recruiting & Talent Acquisition,Recruitment Process & Strategy
https://testlify.com/what-is-a-disc-personality-test-for-jobs-and-how-is-it-used/,what-is-a-disc-personality-test-for-jobs-and-how-is-it-used,blog,Assessments & Testing,Personality & Psychometric
https://testlify.com/what-is-an-american-workplace-culture/,what-is-an-american-workplace-culture,blog,"Workplace, Culture & Future of Work",Culture & Trends
https://testlify.com/what-is-an-emotional-intelligence-test-for-jobs-and-how-is-it-used/,what-is-an-emotional-intelligence-test-for-jobs-and-how-is-it-used,blog,Assessments & Testing,Assessment general
https://testlify.com/what-is-an-employee-value-proposition-why-it-matters/,what-is-an-employee-value-proposition-why-it-matters,blog,Employee Experience & Development,Employee general
https://testlify.com/what-is-an-interview-scorecard/,what-is-an-interview-scorecard,blog,Recruiting & Talent Acquisition,Interviewing (process/skills)
https://testlify.com/what-is-dei/,what-is-dei,blog,"Workplace, Culture & Future of Work",DEI
https://testlify.com/what-is-employee-experience-and-why-is-it-important/,what-is-employee-experience-and-why-is-it-important,blog,Employee Experience & Development,Engagement & Retention
https://testlify.com/what-is-field-service-management-fsm-guide-hr-leadership/,what-is-field-service-management-fsm-guide-hr-leadership,blog,Recruiting & Talent Acquisition,General Talent/Team-building
https://testlify.com/what-is-involuntary-turnover/,what-is-involuntary-turnover,blog,Employee Experience & Development,Engagement & Retention
https://testlify.com/what-is-motivational-fit-and-its-importance-in-hiring/,what-is-motivational-fit-and-its-importance-in-hiring,blog,Recruiting & Talent Acquisition,General Hiring
https://testlify.com/what-is-organizational-development/,what-is-organizational-development,blog,Unclustered / Other,
https://testlify.com/what-is-performance-management/,what-is-performance-management,blog,Employee Experience & Development,Performance & L&D
https://testlify.com/what-is-pre-hire-assessment/,what-is-pre-hire-assessment,blog,Assessments & Testing,Pre-employment / Pre-hire
https://testlify.com/what-is-proctoring-as-a-service-and-how-does-it-work/,what-is-proctoring-as-a-service-and-how-does-it-work,blog,Assessments & Testing,Proctoring & Integrity
https://testlify.com/what-is-resume-parsing/,what-is-resume-parsing,blog,Unclustered / Other,
https://testlify.com/what-is-skills-based-hiring-and-why-is-it-important/,what-is-skills-based-hiring-and-why-is-it-important,blog,Skills Management,
https://testlify.com/what-is-staffing-for-remote-teams/,what-is-staffing-for-remote-teams,blog,Employee Experience & Development,Employee general
https://testlify.com/what-is-staffing-for-small-businesses/,what-is-staffing-for-small-businesses,blog,Employee Experience & Development,Employee general
https://testlify.com/what-is-staffing-for-startups/,what-is-staffing-for-startups,blog,Employee Experience & Development,Employee general
https://testlify.com/what-is-strategic-human-resource-planning/,what-is-strategic-human-resource-planning,blog,Recruiting & Talent Acquisition,Sourcing & Candidate Pool
https://testlify.com/what-is-the-cost-of-a-bad-hire/,what-is-the-cost-of-a-bad-hire,blog,Recruiting & Talent Acquisition,General Hiring
https://testlify.com/what-is-the-future-of-psychometric-testing-in-hiring/,what-is-the-future-of-psychometric-testing-in-hiring,blog,Assessments & Testing,Personality & Psychometric
https://testlify.com/what-is-the-importance-of-new-hire-orientations/,what-is-the-importance-of-new-hire-orientations,blog,Recruiting & Talent Acquisition,General Hiring
https://testlify.com/what-is-workforce-planning/,what-is-workforce-planning,blog,HR Operations & Compliance,Workforce & Succession Planning
https://testlify.com/what-role-do-data-driven-aptitude-assessment-play-in-hiring-success/,what-role-do-data-driven-aptitude-assessment-play-in-hiring-success,blog,Assessments & Testing,Aptitude & Cognitive
https://testlify.com/what-role-do-data-driven-big-five-personality-test-play-in-hiring-success/,what-role-do-data-driven-big-five-personality-test-play-in-hiring-success,blog,Assessments & Testing,Personality & Psychometric
https://testlify.com/what-role-do-data-driven-qa-test-play-in-hiring-success/,what-role-do-data-driven-qa-test-play-in-hiring-success,blog,Assessments & Testing,Assessment general
https://testlify.com/what-role-do-data-driven-technical-interview-questions-play-in-hiring-success/,what-role-do-data-driven-technical-interview-questions-play-in-hiring-success,blog,Interview Questions (by role),
https://testlify.com/what-role-does-integrity-testing-play-in-pre-hiring-evaluations/,what-role-does-integrity-testing-play-in-pre-hiring-evaluations,blog,Assessments & Testing,Assessment general
https://testlify.com/what-role-does-social-media-play-in-pre-hiring-assessments/,what-role-does-social-media-play-in-pre-hiring-assessments,blog,Assessments & Testing,Assessment general
https://testlify.com/what-should-you-include-in-your-aptitude-assessment-to-ensure-comprehensive-candidate-evaluation/,what-should-you-include-in-your-aptitude-assessment-to-ensure-comprehensive-candidate-evaluation,blog,Assessments & Testing,Aptitude & Cognitive
https://testlify.com/what-should-you-include-in-your-big-five-personality-test-to-ensure-comprehensive-candidate-evaluation/,what-should-you-include-in-your-big-five-personality-test-to-ensure-comprehensive-candidate-evaluation,blog,Assessments & Testing,Personality & Psychometric
https://testlify.com/what-should-you-include-in-your-qa-test-to-ensure-comprehensive-candidate-evaluation/,what-should-you-include-in-your-qa-test-to-ensure-comprehensive-candidate-evaluation,blog,Assessments & Testing,Assessment general
https://testlify.com/what-should-you-include-in-your-skill-assessment-test/,what-should-you-include-in-your-skill-assessment-test,blog,Skills Tests & Evaluation (by skill),
https://testlify.com/what-should-you-include-in-your-technical-interview-questions-to-ensure-comprehensive-candidate-evaluation/,what-should-you-include-in-your-technical-interview-questions-to-ensure-comprehensive-candidate-evaluation,blog,Interview Questions (by role),
https://testlify.com/what-talent-assessment-platforms-offer-white-labeling/,what-talent-assessment-platforms-offer-white-labeling,blog,Assessments & Testing,Assessment general
https://testlify.com/what-to-do-if-youve-made-a-bad-hire/,what-to-do-if-youve-made-a-bad-hire,blog,Recruiting & Talent Acquisition,General Hiring
https://testlify.com/what-to-do-when-a-candidate-fails-a-skills-assessment/,what-to-do-when-a-candidate-fails-a-skills-assessment,blog,Skills Tests & Evaluation (by skill),
https://testlify.com/what-to-look-for-in-a-computer-literacy-test/,what-to-look-for-in-a-computer-literacy-test,blog,Assessments & Testing,Assessment general
https://testlify.com/what-to-look-for-in-a-sales-aptitude-test/,what-to-look-for-in-a-sales-aptitude-test,blog,Assessments & Testing,Aptitude & Cognitive
https://testlify.com/when-benefits-audit-fails-data-infrastructure-is-the-real-problem/,when-benefits-audit-fails-data-infrastructure-is-the-real-problem,blog,HR Operations & Compliance,Compensation & Benefits
https://testlify.com/which-hr-behaviors-increase-hiring-fraud-risk/,which-hr-behaviors-increase-hiring-fraud-risk,blog,Assessments & Testing,Proctoring & Integrity
https://testlify.com/which-tools-support-ai-generated-questions/,which-tools-support-ai-generated-questions,blog,Unclustered / Other,
https://testlify.com/white-collar-vs-blue-collar-jobs/,white-collar-vs-blue-collar-jobs,blog,Competitor Alternatives & Comparisons,
https://testlify.com/white-label-interview-tools/,white-label-interview-tools,blog,Recruiting & Talent Acquisition,Interviewing (process/skills)
https://testlify.com/why-a-disc-personality-test-can-help-you-find-the-best-talent/,why-a-disc-personality-test-can-help-you-find-the-best-talent,blog,Assessments & Testing,Personality & Psychometric
https://testlify.com/why-a-personality-tests-can-help-you-find-the-best-talent/,why-a-personality-tests-can-help-you-find-the-best-talent,blog,Assessments & Testing,Personality & Psychometric
https://testlify.com/why-a-strategic-recruitment-plan-is-important/,why-a-strategic-recruitment-plan-is-important,blog,Recruiting & Talent Acquisition,Recruitment Process & Strategy
https://testlify.com/why-an-emotional-intelligence-test-can-help-you-find-the-best-talent/,why-an-emotional-intelligence-test-can-help-you-find-the-best-talent,blog,Assessments & Testing,Assessment general
https://testlify.com/why-big-five-personality-test-is-the-best-for-hybrid-work/,why-big-five-personality-test-is-the-best-for-hybrid-work,blog,Assessments & Testing,Personality & Psychometric
https://testlify.com/why-businesses-prefer-digital-paycheck-stub-maker/,why-businesses-prefer-digital-paycheck-stub-maker,blog,Unclustered / Other,
https://testlify.com/why-caring-culture-in-the-workplace-is-important/,why-caring-culture-in-the-workplace-is-important,blog,"Workplace, Culture & Future of Work",Culture & Trends
https://testlify.com/why-cognitive-reasoning-matters/,why-cognitive-reasoning-matters,blog,Assessments & Testing,Aptitude & Cognitive
https://testlify.com/why-cxos-chros-must-align-early/,why-cxos-chros-must-align-early,blog,Unclustered / Other,
https://testlify.com/why-disc-personality-test-is-more-important-than-ever/,why-disc-personality-test-is-more-important-than-ever,blog,Assessments & Testing,Personality & Psychometric
https://testlify.com/why-do-businesses-need-a-lms/,why-do-businesses-need-a-lms,blog,Unclustered / Other,
https://testlify.com/why-do-recruiters-use-virtual-interview/,why-do-recruiters-use-virtual-interview,blog,Recruiting & Talent Acquisition,Recruitment Process & Strategy
https://testlify.com/why-do-you-need-analytical-ability-test-in-your-hiring-process/,why-do-you-need-analytical-ability-test-in-your-hiring-process,blog,Assessments & Testing,Assessment general
https://testlify.com/why-do-you-need-aptitude-assessment-in-your-hiring-process/,why-do-you-need-aptitude-assessment-in-your-hiring-process,blog,Assessments & Testing,Aptitude & Cognitive
https://testlify.com/why-do-you-need-big-five-personality-test-in-your-hiring-process/,why-do-you-need-big-five-personality-test-in-your-hiring-process,blog,Assessments & Testing,Personality & Psychometric
https://testlify.com/why-do-you-need-electrical-engineering-test-in-your-hiring-process/,why-do-you-need-electrical-engineering-test-in-your-hiring-process,blog,Assessments & Testing,Assessment general
https://testlify.com/why-do-you-need-management-test-in-your-hiring-process/,why-do-you-need-management-test-in-your-hiring-process,blog,Assessments & Testing,Assessment general
https://testlify.com/why-do-you-need-project-manager-test-in-your-hiring-process/,why-do-you-need-project-manager-test-in-your-hiring-process,blog,Assessments & Testing,Assessment general
https://testlify.com/why-do-you-need-qa-test-in-your-hiring-process/,why-do-you-need-qa-test-in-your-hiring-process,blog,Assessments & Testing,Assessment general
https://testlify.com/why-do-you-need-resilience-test-in-your-hiring-process/,why-do-you-need-resilience-test-in-your-hiring-process,blog,Assessments & Testing,Assessment general
https://testlify.com/why-do-you-need-sales-test-in-your-hiring-process/,why-do-you-need-sales-test-in-your-hiring-process,blog,Assessments & Testing,Assessment general
https://testlify.com/why-do-you-need-sql-test-in-your-hiring-process/,why-do-you-need-sql-test-in-your-hiring-process,blog,Assessments & Testing,Assessment general
https://testlify.com/why-do-you-need-technical-interview-questions-in-your-hiring-process/,why-do-you-need-technical-interview-questions-in-your-hiring-process,blog,Interview Questions (by role),
https://testlify.com/why-emotional-intelligence-test-are-more-important-than-ever/,why-emotional-intelligence-test-are-more-important-than-ever,blog,Assessments & Testing,Assessment general
https://testlify.com/why-hr-leaders-should-master-academic-writing/,why-hr-leaders-should-master-academic-writing,blog,Recruiting & Talent Acquisition,General Talent/Team-building
https://testlify.com/why-hr-optimize-recruitment-budget-for-ai-first-hiring/,why-hr-optimize-recruitment-budget-for-ai-first-hiring,blog,Recruiting & Talent Acquisition,Recruitment Process & Strategy
https://testlify.com/why-is-a-business-judgement-test-essential-for-recruiting/,why-is-a-business-judgement-test-essential-for-recruiting,blog,Assessments & Testing,Assessment general
https://testlify.com/why-is-a-customer-success-manager-test-essential-for-recruiting/,why-is-a-customer-success-manager-test-essential-for-recruiting,blog,Assessments & Testing,Assessment general
https://testlify.com/why-is-a-data-visualization-test-essential-for-recruiting/,why-is-a-data-visualization-test-essential-for-recruiting,blog,Assessments & Testing,Assessment general
https://testlify.com/why-is-a-full-stack-developer-test-essential-for-recruiting/,why-is-a-full-stack-developer-test-essential-for-recruiting,blog,Assessments & Testing,Assessment general
https://testlify.com/why-is-a-performance-marketing-test-essential-for-recruiting/,why-is-a-performance-marketing-test-essential-for-recruiting,blog,Assessments & Testing,Assessment general
https://testlify.com/why-is-a-product-manager-assessment-essential-for-recruiting/,why-is-a-product-manager-assessment-essential-for-recruiting,blog,Assessments & Testing,Assessment general
https://testlify.com/why-is-a-react-native-test-online-essential-for-recruiting/,why-is-a-react-native-test-online-essential-for-recruiting,blog,Assessments & Testing,Assessment general
https://testlify.com/why-is-an-accounting-manager-test-essential-for-recruiting/,why-is-an-accounting-manager-test-essential-for-recruiting,blog,Assessments & Testing,Assessment general
https://testlify.com/why-is-an-accounts-payable-test-essential-for-recruiting/,why-is-an-accounts-payable-test-essential-for-recruiting,blog,Assessments & Testing,Assessment general
https://testlify.com/why-is-an-adaptability-test-essential-for-recruiting/,why-is-an-adaptability-test-essential-for-recruiting,blog,Assessments & Testing,Assessment general
https://testlify.com/why-is-an-attention-to-detail-visual-test-essential-for-recruiting/,why-is-an-attention-to-detail-visual-test-essential-for-recruiting,blog,Assessments & Testing,Assessment general
https://testlify.com/why-is-an-nlp-test-essential-for-recruiting/,why-is-an-nlp-test-essential-for-recruiting,blog,Assessments & Testing,Assessment general
https://testlify.com/why-link-building-matters-for-recruiting-software-and-hr-platforms/,why-link-building-matters-for-recruiting-software-and-hr-platforms,blog,Recruiting & Talent Acquisition,Recruitment Process & Strategy
https://testlify.com/why-mental-health-perks-helps-attract-top-talent/,why-mental-health-perks-helps-attract-top-talent,blog,Recruiting & Talent Acquisition,General Talent/Team-building
https://testlify.com/why-more-people-are-turning-to-nursing/,why-more-people-are-turning-to-nursing,blog,Unclustered / Other,
https://testlify.com/why-nodejs-test-is-essential-for-hiring-top-talent/,why-nodejs-test-is-essential-for-hiring-top-talent,blog,Assessments & Testing,Assessment general
https://testlify.com/why-personality-tests-are-more-important-than-ever/,why-personality-tests-are-more-important-than-ever,blog,Assessments & Testing,Personality & Psychometric
https://testlify.com/why-should-recruiters-use-programming-tests/,why-should-recruiters-use-programming-tests,blog,Assessments & Testing,Assessment general
https://testlify.com/why-skill-assessments-are-essential-for-recruiters/,why-skill-assessments-are-essential-for-recruiters,blog,Skills Tests & Evaluation (by skill),
https://testlify.com/why-skill-based-assessments-offer-more-precision-in-tech-hiring/,why-skill-based-assessments-offer-more-precision-in-tech-hiring,blog,Assessments & Testing,Assessment general
https://testlify.com/why-skills-based-hiring-is-transforming-talent-acquisition/,why-skills-based-hiring-is-transforming-talent-acquisition,blog,Recruiting & Talent Acquisition,Recruitment Process & Strategy
https://testlify.com/why-smaller-businesses-turn-to-virtual-assistant-services/,why-smaller-businesses-turn-to-virtual-assistant-services,blog,Unclustered / Other,
https://testlify.com/why-startup-need-hr-consultancy-partner/,why-startup-need-hr-consultancy-partner,blog,Unclustered / Other,
https://testlify.com/why-the-assessment-of-writing-skills-is-critical-for-more-successful-hiring-decisions/,why-the-assessment-of-writing-skills-is-critical-for-more-successful-hiring-decisions,blog,Assessments & Testing,Assessment general
https://testlify.com/why-transparent-communication-is-key-in-the-hiring-process/,why-transparent-communication-is-key-in-the-hiring-process,blog,Recruiting & Talent Acquisition,Recruitment Process & Strategy
https://testlify.com/why-us-firms-prioritize-culture-first-hiring/,why-us-firms-prioritize-culture-first-hiring,blog,"Workplace, Culture & Future of Work",Culture & Trends
https://testlify.com/will-ai-replace-recruiters/,will-ai-replace-recruiters,blog,Recruiting & Talent Acquisition,Recruitment Process & Strategy
https://testlify.com/windows-server-interview-questions-to-ask-job-applicants/,windows-server-interview-questions-to-ask-job-applicants,blog,Interview Questions (by role),
https://testlify.com/workforce-analytics/,workforce-analytics,blog,Employee Experience & Development,Employee general
https://testlify.com/workforce-planning-for-remote-teams/,workforce-planning-for-remote-teams,blog,HR Operations & Compliance,Workforce & Succession Planning
https://testlify.com/workforce-planning-for-startups/,workforce-planning-for-startups,blog,HR Operations & Compliance,Workforce & Succession Planning
https://testlify.com/workforce-reduction/,workforce-reduction,blog,Employee Experience & Development,Employee general
https://testlify.com/workplace-conflict-resolution-strategies/,workplace-conflict-resolution-strategies,blog,"Workplace, Culture & Future of Work",Culture & Trends
https://testlify.com/workplace-inclusion-strategies/,workplace-inclusion-strategies,blog,"Workplace, Culture & Future of Work",DEI
https://testlify.com/workplace-negativity/,workplace-negativity,blog,"Workplace, Culture & Future of Work",Culture & Trends
https://testlify.com/xobin-alternatives/,xobin-alternatives,blog,Competitor Alternatives & Comparisons,
https://testlify.com/zapilio-alternatives/,zapilio-alternatives,blog,Competitor Alternatives & Comparisons,
https://testlify.com/,,page,PAGE: Unclustered / Other,
https://testlify.com/%d9%82%d8%a7%d8%b1%d9%86-%d8%a8%d9%8a%d9%86-%d8%a7%d9%84%d8%ae%d8%b7%d8%b7/,%d9%82%d8%a7%d8%b1%d9%86-%d8%a8%d9%8a%d9%86-%d8%a7%d9%84%d8%ae%d8%b7%d8%b7,page,PAGE: Unclustered / Other,
https://testlify.com/%e3%83%91%e3%83%bc%e3%83%88%e3%83%8a%e3%83%bc/,%e3%83%91%e3%83%bc%e3%83%88%e3%83%8a%e3%83%bc,page,PAGE: Unclustered / Other,
https://testlify.com/%e3%83%96%e3%83%ad%e3%82%b0/,%e3%83%96%e3%83%ad%e3%82%b0,page,PAGE: Unclustered / Other,
https://testlify.com/%e3%83%97%e3%83%a9%e3%83%b3%e3%82%92%e6%af%94%e8%bc%83/,%e3%83%97%e3%83%a9%e3%83%b3%e3%82%92%e6%af%94%e8%bc%83,page,PAGE: Unclustered / Other,
https://testlify.com/%e5%93%b2%e5%ad%a6/,%e5%93%b2%e5%ad%a6,page,PAGE: Unclustered / Other,
https://testlify.com/%e5%95%8f%e9%a1%8c/,%e5%95%8f%e9%a1%8c,page,PAGE: Unclustered / Other,
https://testlify.com/%e8%a3%bd%e5%93%81%e3%83%84%e3%82%a2%e3%83%bc/,%e8%a3%bd%e5%93%81%e3%83%84%e3%82%a2%e3%83%bc,page,PAGE: Unclustered / Other,
https://testlify.com/360-degree-feedback-test/,360-degree-feedback-test,page,PAGE: Assessments & Testing,Assessment general
https://testlify.com/50pros/,50pros,page,PAGE: Unclustered / Other,
https://testlify.com/a-comprehensive-assessment-approach/,a-comprehensive-assessment-approach,page,PAGE: Assessments & Testing,Assessment general
https://testlify.com/about/,about,page,PAGE: Unclustered / Other,
https://testlify.com/accessibility-policy/,accessibility-policy,page,PAGE: HR Operations & Compliance,Policies & Compliance
https://testlify.com/accurecruiter-alternatives/,accurecruiter-alternatives,page,PAGE: Competitor Alternatives & Comparisons,
https://testlify.com/ai-demo/,ai-demo,page,PAGE: Unclustered / Other,
https://testlify.com/ai-interview-question-generator/,ai-interview-question-generator,page,PAGE: Interview Questions (by role),
https://testlify.com/ai-powered-interviewing-tool/,ai-powered-interviewing-tool,page,PAGE: Recruiting & Talent Acquisition,Interviewing (process/skills)
https://testlify.com/ai-powered-talent-assessment-platform/,ai-powered-talent-assessment-platform,page,PAGE: Assessments & Testing,Assessment general
https://testlify.com/ai-resume-screener/,ai-resume-screener,page,PAGE: Unclustered / Other,
https://testlify.com/anstallning-av-arbetstagare/,anstallning-av-arbetstagare,page,PAGE: Unclustered / Other,
https://testlify.com/anti-cheating-and-proctoring/,anti-cheating-and-proctoring,page,PAGE: Assessments & Testing,Proctoring & Integrity
https://testlify.com/aon-alternatives/,aon-alternatives,page,PAGE: Competitor Alternatives & Comparisons,
https://testlify.com/api/,api,page,PAGE: Unclustered / Other,
https://testlify.com/applicant-funnel-calculator/,applicant-funnel-calculator,page,PAGE: Recruiting & Talent Acquisition,Recruitment Process & Strategy
https://testlify.com/aqai-alternatives/,aqai-alternatives,page,PAGE: Competitor Alternatives & Comparisons,
https://testlify.com/ar/,ar,page-i18n,i18n Translations,ar
https://testlify.com/ar/about/,ar/about,page-i18n,i18n Translations,ar
https://testlify.com/ar/api/,ar/api,page-i18n,i18n Translations,ar
https://testlify.com/ar/blue-collar-hiring/,ar/blue-collar-hiring,page-i18n,i18n Translations,ar
https://testlify.com/ar/bpo-industry/,ar/bpo-industry,page-i18n,i18n Translations,ar
https://testlify.com/ar/campus-hiring/,ar/campus-hiring,page-i18n,i18n Translations,ar
https://testlify.com/ar/cefr/,ar/cefr,page-i18n,i18n Translations,ar
https://testlify.com/ar/coding-tests/,ar/coding-tests,page-i18n,i18n Translations,ar
https://testlify.com/ar/cognitive-ability-tests/,ar/cognitive-ability-tests,page-i18n,i18n Translations,ar
https://testlify.com/ar/contact/,ar/contact,page-i18n,i18n Translations,ar
https://testlify.com/ar/demo/,ar/demo,page-i18n,i18n Translations,ar
https://testlify.com/ar/diversity-and-inclusions/,ar/diversity-and-inclusions,page-i18n,i18n Translations,ar
https://testlify.com/ar/edtech-industry/,ar/edtech-industry,page-i18n,i18n Translations,ar
https://testlify.com/ar/energy-industry/,ar/energy-industry,page-i18n,i18n Translations,ar
https://testlify.com/ar/engineering-skills/,ar/engineering-skills,page-i18n,i18n Translations,ar
https://testlify.com/ar/enterprise/,ar/enterprise,page-i18n,i18n Translations,ar
https://testlify.com/ar/features/,ar/features,page-i18n,i18n Translations,ar
https://testlify.com/ar/financial-industry/,ar/financial-industry,page-i18n,i18n Translations,ar
https://testlify.com/ar/for-startups/,ar/for-startups,page-i18n,i18n Translations,ar
https://testlify.com/ar/freelance-hiring/,ar/freelance-hiring,page-i18n,i18n Translations,ar
https://testlify.com/ar/health-care-industry/,ar/health-care-industry,page-i18n,i18n Translations,ar
https://testlify.com/ar/hospitality-industry/,ar/hospitality-industry,page-i18n,i18n Translations,ar
https://testlify.com/ar/it-industry/,ar/it-industry,page-i18n,i18n Translations,ar
https://testlify.com/ar/language-tests/,ar/language-tests,page-i18n,i18n Translations,ar
https://testlify.com/ar/lateral-hiring/,ar/lateral-hiring,page-i18n,i18n Translations,ar
https://testlify.com/ar/logistics-supply-chain-industry/,ar/logistics-supply-chain-industry,page-i18n,i18n Translations,ar
https://testlify.com/ar/media-industry/,ar/media-industry,page-i18n,i18n Translations,ar
https://testlify.com/ar/non-profits/,ar/non-profits,page-i18n,i18n Translations,ar
https://testlify.com/ar/pricing/,ar/pricing,page-i18n,i18n Translations,ar
https://testlify.com/ar/programming-tests/,ar/programming-tests,page-i18n,i18n Translations,ar
https://testlify.com/ar/psychometric-tests/,ar/psychometric-tests,page-i18n,i18n Translations,ar
https://testlify.com/ar/public-sector-talent-assessment-solution/,ar/public-sector-talent-assessment-solution,page-i18n,i18n Translations,ar
https://testlify.com/ar/real-estate-industry/,ar/real-estate-industry,page-i18n,i18n Translations,ar
https://testlify.com/ar/recruitment-industry/,ar/recruitment-industry,page-i18n,i18n Translations,ar
https://testlify.com/ar/remote-hiring/,ar/remote-hiring,page-i18n,i18n Translations,ar
https://testlify.com/ar/retail-industry/,ar/retail-industry,page-i18n,i18n Translations,ar
https://testlify.com/ar/role-specific-tests/,ar/role-specific-tests,page-i18n,i18n Translations,ar
https://testlify.com/ar/saas-industry/,ar/saas-industry,page-i18n,i18n Translations,ar
https://testlify.com/ar/science/,ar/science,page-i18n,i18n Translations,ar
https://testlify.com/ar/situational-judgment/,ar/situational-judgment,page-i18n,i18n Translations,ar
https://testlify.com/ar/small-medium-businesses/,ar/small-medium-businesses,page-i18n,i18n Translations,ar
https://testlify.com/ar/software-skills-tests/,ar/software-skills-tests,page-i18n,i18n Translations,ar
https://testlify.com/ar/typing-test/,ar/typing-test,page-i18n,i18n Translations,ar
https://testlify.com/ar/volume-hiring/,ar/volume-hiring,page-i18n,i18n Translations,ar
https://testlify.com/ar/white-label/,ar/white-label,page-i18n,i18n Translations,ar
https://testlify.com/ar/write-for-us/,ar/write-for-us,page-i18n,i18n Translations,ar
https://testlify.com/architecture-overview/,architecture-overview,page,PAGE: Unclustered / Other,
https://testlify.com/assess-and-develop-your-workplace-abilities/,assess-and-develop-your-workplace-abilities,page,"PAGE: Workplace, Culture & Future of Work",Culture & Trends
https://testlify.com/assess-candidates-alternatives/,assess-candidates-alternatives,page,PAGE: Competitor Alternatives & Comparisons,
https://testlify.com/assessfirst-alternatives/,assessfirst-alternatives,page,PAGE: Competitor Alternatives & Comparisons,
https://testlify.com/assesshub-alternatives/,assesshub-alternatives,page,PAGE: Competitor Alternatives & Comparisons,
https://testlify.com/assessio-alternatives/,assessio-alternatives,page,PAGE: Competitor Alternatives & Comparisons,
https://testlify.com/assessmentx-alternatives/,assessmentx-alternatives,page,PAGE: Assessments & Testing,Assessment general
https://testlify.com/assestant-alternatives/,assestant-alternatives,page,PAGE: Competitor Alternatives & Comparisons,
https://testlify.com/attrition-rate-calculator/,attrition-rate-calculator,page,PAGE: Employee Experience & Development,Engagement & Retention
https://testlify.com/audio-questions/,audio-questions,page,PAGE: Unclustered / Other,
https://testlify.com/average-time-to-hire-calculator/,average-time-to-hire-calculator,page,PAGE: Recruiting & Talent Acquisition,General Hiring
https://testlify.com/benchmark-alternatives/,benchmark-alternatives,page,PAGE: Competitor Alternatives & Comparisons,
https://testlify.com/best-cappfinity-alternative/,best-cappfinity-alternative,page,PAGE: Competitor Alternatives & Comparisons,
https://testlify.com/best-credohire-alternative/,best-credohire-alternative,page,PAGE: Competitor Alternatives & Comparisons,
https://testlify.com/best-mercer-talent-enterprise-alternative/,best-mercer-talent-enterprise-alternative,page,PAGE: Competitor Alternatives & Comparisons,
https://testlify.com/best-skillsarena-alternative/,best-skillsarena-alternative,page,PAGE: Competitor Alternatives & Comparisons,
https://testlify.com/blockchain-industry/,blockchain-industry,page,PAGE: Unclustered / Other,
https://testlify.com/blog/,blog,page,PAGE: Unclustered / Other,
https://testlify.com/blogg/,blogg,page,PAGE: Unclustered / Other,
https://testlify.com/blogue/,blogue,page,PAGE: Unclustered / Other,
https://testlify.com/blue-collar-hiring/,blue-collar-hiring,page,PAGE: Recruiting & Talent Acquisition,General Hiring
https://testlify.com/book-a-demo/,book-a-demo,page,PAGE: Unclustered / Other,
https://testlify.com/bpo-industry/,bpo-industry,page,PAGE: Unclustered / Other,
https://testlify.com/brand/,brand,page,PAGE: Unclustered / Other,
https://testlify.com/brillium-alternatives/,brillium-alternatives,page,PAGE: Competitor Alternatives & Comparisons,
https://testlify.com/bryq-alternatives/,bryq-alternatives,page,PAGE: Competitor Alternatives & Comparisons,
https://testlify.com/caliper-essentials-alternatives/,caliper-essentials-alternatives,page,PAGE: Competitor Alternatives & Comparisons,
https://testlify.com/calliduscloud-alternatives/,calliduscloud-alternatives,page,PAGE: Competitor Alternatives & Comparisons,
https://testlify.com/campus-hiring/,campus-hiring,page,PAGE: Recruiting & Talent Acquisition,General Hiring
https://testlify.com/candidate-honesty-policy-and-agreement/,candidate-honesty-policy-and-agreement,page,PAGE: HR Operations & Compliance,Policies & Compliance
https://testlify.com/candidate-journey/,candidate-journey,page,PAGE: Unclustered / Other,
https://testlify.com/candidate-reviews/,candidate-reviews,page,PAGE: Unclustered / Other,
https://testlify.com/candidate-satisfaction-3/,candidate-satisfaction-3,page,PAGE: Employee Experience & Development,Engagement & Retention
https://testlify.com/care-advantage-alternatives/,care-advantage-alternatives,page,PAGE: Competitor Alternatives & Comparisons,
https://testlify.com/careers/,careers,page,PAGE: Unclustered / Other,
https://testlify.com/case-study-arch-advisory-group/,case-study-arch-advisory-group,page,PAGE: Unclustered / Other,
https://testlify.com/case-study/,case-study,page,PAGE: Unclustered / Other,
https://testlify.com/ccpa/,ccpa,page,PAGE: Unclustered / Other,
https://testlify.com/cefr-test/,cefr-test,page,PAGE: Assessments & Testing,Assessment general
https://testlify.com/chat-ai-interviews/,chat-ai-interviews,page,PAGE: Recruiting & Talent Acquisition,Interviewing (process/skills)
https://testlify.com/clients/,clients,page,PAGE: Unclustered / Other,
https://testlify.com/coding-tests/,coding-tests,page,PAGE: Assessments & Testing,Assessment general
https://testlify.com/cognitive-ability-tests/,cognitive-ability-tests,page,PAGE: Assessments & Testing,Aptitude & Cognitive
https://testlify.com/comedie/,comedie,page,PAGE: Unclustered / Other,
https://testlify.com/comeet-begriffsklarung/,comeet-begriffsklarung,page,PAGE: Unclustered / Other,
https://testlify.com/comeet/,comeet,page,PAGE: Unclustered / Other,
https://testlify.com/compa-ratio-calculator/,compa-ratio-calculator,page,PAGE: Unclustered / Other,
https://testlify.com/comparar-planes/,comparar-planes,page,PAGE: Unclustered / Other,
https://testlify.com/compare-planos/,compare-planos,page,PAGE: Unclustered / Other,
https://testlify.com/compare-plans/,compare-plans,page,PAGE: Unclustered / Other,
https://testlify.com/comparer-les-plans/,comparer-les-plans,page,PAGE: Unclustered / Other,
https://testlify.com/contact/,contact,page,PAGE: Unclustered / Other,
https://testlify.com/cookie-policy/,cookie-policy,page,PAGE: HR Operations & Compliance,Policies & Compliance
https://testlify.com/cost-of-employee-turnover-calculator/,cost-of-employee-turnover-calculator,page,PAGE: Employee Experience & Development,Engagement & Retention
https://testlify.com/cost-per-hire-calculator/,cost-per-hire-calculator,page,PAGE: Recruiting & Talent Acquisition,General Hiring
https://testlify.com/crystal-alternatives/,crystal-alternatives,page,PAGE: Competitor Alternatives & Comparisons,
https://testlify.com/da/,da,page-i18n,i18n Translations,da
https://testlify.com/da/ansaettelse-af-blaa-kraver/,da/ansaettelse-af-blaa-kraver,page-i18n,i18n Translations,da
https://testlify.com/da/ansaettelse-af-freelancere/,da/ansaettelse-af-freelancere,page-i18n,i18n Translations,da
https://testlify.com/da/ansaettelse-af-volumen/,da/ansaettelse-af-volumen,page-i18n,i18n Translations,da
https://testlify.com/da/ansaettelse-paa-afstand/,da/ansaettelse-paa-afstand,page-i18n,i18n Translations,da
https://testlify.com/da/ansaettelse-paa-campus/,da/ansaettelse-paa-campus,page-i18n,i18n Translations,da
https://testlify.com/da/api/,da/api,page-i18n,i18n Translations,da
https://testlify.com/da/bpo-industrien/,da/bpo-industrien,page-i18n,i18n Translations,da
https://testlify.com/da/cefr/,da/cefr,page-i18n,i18n Translations,da
https://testlify.com/da/demo/,da/demo,page-i18n,i18n Translations,da
https://testlify.com/da/detailbranchen/,da/detailbranchen,page-i18n,i18n Translations,da
https://testlify.com/da/edtech-industrien/,da/edtech-industrien,page-i18n,i18n Translations,da
https://testlify.com/da/energiindustrien/,da/energiindustrien,page-i18n,i18n Translations,da
https://testlify.com/da/finansindustrien/,da/finansindustrien,page-i18n,i18n Translations,da
https://testlify.com/da/funktioner/,da/funktioner,page-i18n,i18n Translations,da
https://testlify.com/da/hotel-og-restaurationsbranchen/,da/hotel-og-restaurationsbranchen,page-i18n,i18n Translations,da
https://testlify.com/da/hvad-er-nyt/,da/hvad-er-nyt,page-i18n,i18n Translations,da
https://testlify.com/da/it-branchen/,da/it-branchen,page-i18n,i18n Translations,da
https://testlify.com/da/kodningstest/,da/kodningstest,page-i18n,i18n Translations,da
https://testlify.com/da/kontakt/,da/kontakt,page-i18n,i18n Translations,da
https://testlify.com/da/lateral-ansaettelse/,da/lateral-ansaettelse,page-i18n,i18n Translations,da
https://testlify.com/da/logistik-forsyningskaedeindustri/,da/logistik-forsyningskaedeindustri,page-i18n,i18n Translations,da
https://testlify.com/da/mangfoldighed-og-inklusion/,da/mangfoldighed-og-inklusion,page-i18n,i18n Translations,da
https://testlify.com/da/nonprofitorganisationer/,da/nonprofitorganisationer,page-i18n,i18n Translations,da
https://testlify.com/da/offentlige-sektor/,da/offentlige-sektor,page-i18n,i18n Translations,da
https://testlify.com/da/om/,da/om,page-i18n,i18n Translations,da
https://testlify.com/da/prissaetning/,da/prissaetning,page-i18n,i18n Translations,da
https://testlify.com/da/programmeringstest/,da/programmeringstest,page-i18n,i18n Translations,da
https://testlify.com/da/psykometriske-tests/,da/psykometriske-tests,page-i18n,i18n Translations,da
https://testlify.com/da/rekrutteringsbranchen/,da/rekrutteringsbranchen,page-i18n,i18n Translations,da
https://testlify.com/da/rollespecifikke-tests/,da/rollespecifikke-tests,page-i18n,i18n Translations,da
https://testlify.com/da/saas-branchen/,da/saas-branchen,page-i18n,i18n Translations,da
https://testlify.com/da/situationsbestemt-vurdering/,da/situationsbestemt-vurdering,page-i18n,i18n Translations,da
https://testlify.com/da/skrivetest/,da/skrivetest,page-i18n,i18n Translations,da
https://testlify.com/da/smbs/,da/smbs,page-i18n,i18n Translations,da
https://testlify.com/da/software-faerdighedstest/,da/software-faerdighedstest,page-i18n,i18n Translations,da
https://testlify.com/da/sprogtest/,da/sprogtest,page-i18n,i18n Translations,da
https://testlify.com/da/sundhedsplejeindustrien/,da/sundhedsplejeindustrien,page-i18n,i18n Translations,da
https://testlify.com/da/test-af-kognitive-evner/,da/test-af-kognitive-evner,page-i18n,i18n Translations,da
https://testlify.com/da/til-startups/,da/til-startups,page-i18n,i18n Translations,da
https://testlify.com/da/videnskab/,da/videnskab,page-i18n,i18n Translations,da
https://testlify.com/da/vilkar-og-betingelser/,da/vilkar-og-betingelser,page-i18n,i18n Translations,da
https://testlify.com/da/virksomheder/,da/virksomheder,page-i18n,i18n Translations,da
https://testlify.com/da/white-label/,da/white-label,page-i18n,i18n Translations,da
https://testlify.com/data-privacy-framework/,data-privacy-framework,page,PAGE: Unclustered / Other,
https://testlify.com/data-processing-agreement/,data-processing-agreement,page,PAGE: Unclustered / Other,
https://testlify.com/data-residency-and-security-practices-in-ksa/,data-residency-and-security-practices-in-ksa,page,PAGE: Unclustered / Other,
https://testlify.com/data-residency/,data-residency,page,PAGE: Unclustered / Other,
https://testlify.com/date-questions/,date-questions,page,PAGE: Unclustered / Other,
https://testlify.com/de/,de,page-i18n,i18n Translations,de
https://testlify.com/de/allgemeine-geschaeftsbedingungen/,de/allgemeine-geschaeftsbedingungen,page-i18n,i18n Translations,de
https://testlify.com/de/api/,de/api,page-i18n,i18n Translations,de
https://testlify.com/de/blue-collar-einstellung/,de/blue-collar-einstellung,page-i18n,i18n Translations,de
https://testlify.com/de/bpo-industrie/,de/bpo-industrie,page-i18n,i18n Translations,de
https://testlify.com/de/campus-einstellung/,de/campus-einstellung,page-i18n,i18n Translations,de
https://testlify.com/de/cefr/,de/cefr,page-i18n,i18n Translations,de
https://testlify.com/de/codierungstests/,de/codierungstests,page-i18n,i18n Translations,de
https://testlify.com/de/demo/,de/demo,page-i18n,i18n Translations,de
https://testlify.com/de/diversitaet-und-integration/,de/diversitaet-und-integration,page-i18n,i18n Translations,de
https://testlify.com/de/edtech-industrie/,de/edtech-industrie,page-i18n,i18n Translations,de
https://testlify.com/de/einstellung-von-freiberuflern/,de/einstellung-von-freiberuflern,page-i18n,i18n Translations,de
https://testlify.com/de/einzelhandel/,de/einzelhandel,page-i18n,i18n Translations,de
https://testlify.com/de/energiewirtschaft/,de/energiewirtschaft,page-i18n,i18n Translations,de
https://testlify.com/de/finanzindustrie/,de/finanzindustrie,page-i18n,i18n Translations,de
https://testlify.com/de/fuer-start-ups/,de/fuer-start-ups,page-i18n,i18n Translations,de
https://testlify.com/de/fuer-unternehmen-in-aller-welt/,de/fuer-unternehmen-in-aller-welt,page-i18n,i18n Translations,de
https://testlify.com/de/funktionen/,de/funktionen,page-i18n,i18n Translations,de
https://testlify.com/de/gemeinnuetzige-organisationen/,de/gemeinnuetzige-organisationen,page-i18n,i18n Translations,de
https://testlify.com/de/gesundheitswirtschaft/,de/gesundheitswirtschaft,page-i18n,i18n Translations,de
https://testlify.com/de/it-industrie/,de/it-industrie,page-i18n,i18n Translations,de
https://testlify.com/de/kleine-und-mittlere-unternehmen/,de/kleine-und-mittlere-unternehmen,page-i18n,i18n Translations,de
https://testlify.com/de/laterale-einstellung/,de/laterale-einstellung,page-i18n,i18n Translations,de
https://testlify.com/de/loesung-zur-talentbewertung-fuer-den-oeffentlichen-sektor/,de/loesung-zur-talentbewertung-fuer-den-oeffentlichen-sektor,page-i18n,i18n Translations,de
https://testlify.com/de/logistik-lieferkette-industrie/,de/logistik-lieferkette-industrie,page-i18n,i18n Translations,de
https://testlify.com/de/neem-contact-op-met/,de/neem-contact-op-met,page-i18n,i18n Translations,de
https://testlify.com/de/preisgestaltung/,de/preisgestaltung,page-i18n,i18n Translations,de
https://testlify.com/de/programmiertests/,de/programmiertests,page-i18n,i18n Translations,de
https://testlify.com/de/psychometrische-tests/,de/psychometrische-tests,page-i18n,i18n Translations,de
https://testlify.com/de/rekrutierung-industrie/,de/rekrutierung-industrie,page-i18n,i18n Translations,de
https://testlify.com/de/remote-einstellung/,de/remote-einstellung,page-i18n,i18n Translations,de
https://testlify.com/de/rollenspezifische-tests/,de/rollenspezifische-tests,page-i18n,i18n Translations,de
https://testlify.com/de/saas-industrie/,de/saas-industrie,page-i18n,i18n Translations,de
https://testlify.com/de/situatives-urteilsvermoegen/,de/situatives-urteilsvermoegen,page-i18n,i18n Translations,de
https://testlify.com/de/software-kompetenztests/,de/software-kompetenztests,page-i18n,i18n Translations,de
https://testlify.com/de/sprachtests/,de/sprachtests,page-i18n,i18n Translations,de
https://testlify.com/de/tests-der-kognitiven-faehigkeiten/,de/tests-der-kognitiven-faehigkeiten,page-i18n,i18n Translations,de
https://testlify.com/de/typisierungstest/,de/typisierungstest,page-i18n,i18n Translations,de
https://testlify.com/de/um/,de/um,page-i18n,i18n Translations,de
https://testlify.com/de/volumen-beschaeftigung/,de/volumen-beschaeftigung,page-i18n,i18n Translations,de
https://testlify.com/de/was-gibt-es-neues/,de/was-gibt-es-neues,page-i18n,i18n Translations,de
https://testlify.com/de/weisses-etikett/,de/weisses-etikett,page-i18n,i18n Translations,de
https://testlify.com/de/wissenschaft/,de/wissenschaft,page-i18n,i18n Translations,de
https://testlify.com/decrease-in-time-to-hire-3/,decrease-in-time-to-hire-3,page,PAGE: Recruiting & Talent Acquisition,General Hiring
https://testlify.com/demo/,demo,page,PAGE: Unclustered / Other,
https://testlify.com/designed-for-high-completion-rate/,designed-for-high-completion-rate,page,PAGE: Unclustered / Other,
https://testlify.com/developer-hiring/,developer-hiring,page,PAGE: Recruiting & Talent Acquisition,General Hiring
https://testlify.com/discover-assessments-alternatives/,discover-assessments-alternatives,page,PAGE: Assessments & Testing,Personality & Psychometric
https://testlify.com/discover-the-power-of-rapid-team-scaling/,discover-the-power-of-rapid-team-scaling,page,PAGE: Assessments & Testing,Personality & Psychometric
https://testlify.com/diversity-and-inclusions/,diversity-and-inclusions,page,"PAGE: Workplace, Culture & Future of Work",DEI
https://testlify.com/diversity-inclusion/,diversity-inclusion,page,"PAGE: Workplace, Culture & Future of Work",DEI
https://testlify.com/domande-per-le-interviste-video/,domande-per-le-interviste-video,page,PAGE: Unclustered / Other,
https://testlify.com/download-smart-personality-assessment-report/,download-smart-personality-assessment-report,page,PAGE: Assessments & Testing,Personality & Psychometric
https://testlify.com/drawmetrics-alternatives/,drawmetrics-alternatives,page,PAGE: Competitor Alternatives & Comparisons,
https://testlify.com/dropdown-questions/,dropdown-questions,page,PAGE: Unclustered / Other,
https://testlify.com/ducknowl-alternatives/,ducknowl-alternatives,page,PAGE: Competitor Alternatives & Comparisons,
https://testlify.com/easy-alternatives/,easy-alternatives,page,PAGE: Competitor Alternatives & Comparisons,
https://testlify.com/edtech-industry/,edtech-industry,page,PAGE: Unclustered / Other,
https://testlify.com/effortless-candidate-assessment-with-google-workspace/,effortless-candidate-assessment-with-google-workspace,page,PAGE: Assessments & Testing,Assessment general
https://testlify.com/eggup-alternatives/,eggup-alternatives,page,PAGE: Competitor Alternatives & Comparisons,
https://testlify.com/el/,el,page-i18n,i18n Translations,el
https://testlify.com/el/about/,el/about,page-i18n,i18n Translations,el
https://testlify.com/el/api/,el/api,page-i18n,i18n Translations,el
https://testlify.com/el/blue-collar-hiring/,el/blue-collar-hiring,page-i18n,i18n Translations,el
https://testlify.com/el/bpo-industry/,el/bpo-industry,page-i18n,i18n Translations,el
https://testlify.com/el/campus-hiring/,el/campus-hiring,page-i18n,i18n Translations,el
https://testlify.com/el/cefr-test/,el/cefr-test,page-i18n,i18n Translations,el
https://testlify.com/el/coding-tests/,el/coding-tests,page-i18n,i18n Translations,el
https://testlify.com/el/cognitive-ability-tests/,el/cognitive-ability-tests,page-i18n,i18n Translations,el
https://testlify.com/el/contact/,el/contact,page-i18n,i18n Translations,el
https://testlify.com/el/diversity-and-inclusions/,el/diversity-and-inclusions,page-i18n,i18n Translations,el
https://testlify.com/el/edtech-industry/,el/edtech-industry,page-i18n,i18n Translations,el
https://testlify.com/el/energy-industry/,el/energy-industry,page-i18n,i18n Translations,el
https://testlify.com/el/enterprise/,el/enterprise,page-i18n,i18n Translations,el
https://testlify.com/el/features/,el/features,page-i18n,i18n Translations,el
https://testlify.com/el/financial-industry/,el/financial-industry,page-i18n,i18n Translations,el
https://testlify.com/el/for-startups/,el/for-startups,page-i18n,i18n Translations,el
https://testlify.com/el/freelance-hiring/,el/freelance-hiring,page-i18n,i18n Translations,el
https://testlify.com/el/health-care-industry/,el/health-care-industry,page-i18n,i18n Translations,el
https://testlify.com/el/hospitality-industry/,el/hospitality-industry,page-i18n,i18n Translations,el
https://testlify.com/el/it-industry/,el/it-industry,page-i18n,i18n Translations,el
https://testlify.com/el/language-tests/,el/language-tests,page-i18n,i18n Translations,el
https://testlify.com/el/lateral-hiring/,el/lateral-hiring,page-i18n,i18n Translations,el
https://testlify.com/el/logistics-supply-chain-industry/,el/logistics-supply-chain-industry,page-i18n,i18n Translations,el
https://testlify.com/el/non-profits/,el/non-profits,page-i18n,i18n Translations,el
https://testlify.com/el/pricing/,el/pricing,page-i18n,i18n Translations,el
https://testlify.com/el/programming-tests/,el/programming-tests,page-i18n,i18n Translations,el
https://testlify.com/el/psychometric-tests/,el/psychometric-tests,page-i18n,i18n Translations,el
https://testlify.com/el/recruitment-industry/,el/recruitment-industry,page-i18n,i18n Translations,el
https://testlify.com/el/retail-industry/,el/retail-industry,page-i18n,i18n Translations,el
https://testlify.com/el/role-specific-tests/,el/role-specific-tests,page-i18n,i18n Translations,el
https://testlify.com/el/saas-industry/,el/saas-industry,page-i18n,i18n Translations,el
https://testlify.com/el/science/,el/science,page-i18n,i18n Translations,el
https://testlify.com/el/situational-judgment/,el/situational-judgment,page-i18n,i18n Translations,el
https://testlify.com/el/small-medium-businesses/,el/small-medium-businesses,page-i18n,i18n Translations,el
https://testlify.com/el/software-skills-tests/,el/software-skills-tests,page-i18n,i18n Translations,el
https://testlify.com/el/testlify-demo/,el/testlify-demo,page-i18n,i18n Translations,el
https://testlify.com/el/typing-test/,el/typing-test,page-i18n,i18n Translations,el
https://testlify.com/el/video-interviewing-tool/,el/video-interviewing-tool,page-i18n,i18n Translations,el
https://testlify.com/el/volume-hiring/,el/volume-hiring,page-i18n,i18n Translations,el
https://testlify.com/el/white-label/,el/white-label,page-i18n,i18n Translations,el
https://testlify.com/elevate-your-talent-assessment-with-technical-tests/,elevate-your-talent-assessment-with-technical-tests,page,PAGE: Assessments & Testing,Assessment general
https://testlify.com/emmersion-alternatives/,emmersion-alternatives,page,PAGE: Competitor Alternatives & Comparisons,
https://testlify.com/employee-tenure-calculator/,employee-tenure-calculator,page,PAGE: Employee Experience & Development,Employee general
https://testlify.com/employtest-alternatives/,employtest-alternatives,page,PAGE: Competitor Alternatives & Comparisons,
https://testlify.com/energy-industry/,energy-industry,page,PAGE: Unclustered / Other,
https://testlify.com/engineering-skills/,engineering-skills,page,PAGE: Unclustered / Other,
https://testlify.com/ensize-alternatives/,ensize-alternatives,page,PAGE: Competitor Alternatives & Comparisons,
https://testlify.com/enterprise/,enterprise,page,PAGE: Unclustered / Other,
https://testlify.com/equalture-alternatives/,equalture-alternatives,page,PAGE: Competitor Alternatives & Comparisons,
https://testlify.com/es/,es,page-i18n,i18n Translations,es
https://testlify.com/es/acerca-de/,es/acerca-de,page-i18n,i18n Translations,es
https://testlify.com/es/api/,es/api,page-i18n,i18n Translations,es
https://testlify.com/es/ciencia/,es/ciencia,page-i18n,i18n Translations,es
https://testlify.com/es/contratacion-de-autonomos/,es/contratacion-de-autonomos,page-i18n,i18n Translations,es
https://testlify.com/es/contratacion-en-el-campus/,es/contratacion-en-el-campus,page-i18n,i18n Translations,es
https://testlify.com/es/contratacion-laboral/,es/contratacion-laboral,page-i18n,i18n Translations,es
https://testlify.com/es/contratacion-lateral/,es/contratacion-lateral,page-i18n,i18n Translations,es
https://testlify.com/es/contratacion-remota/,es/contratacion-remota,page-i18n,i18n Translations,es
https://testlify.com/es/diversidad-e-inclusion/,es/diversidad-e-inclusion,page-i18n,i18n Translations,es
https://testlify.com/es/etiqueta-blanca/,es/etiqueta-blanca,page-i18n,i18n Translations,es
https://testlify.com/es/funciones/,es/funciones,page-i18n,i18n Translations,es
https://testlify.com/es/hosteleria/,es/hosteleria,page-i18n,i18n Translations,es
https://testlify.com/es/industria-de-bpo/,es/industria-de-bpo,page-i18n,i18n Translations,es
https://testlify.com/es/industria-de-ti/,es/industria-de-ti,page-i18n,i18n Translations,es
https://testlify.com/es/industria-energetica/,es/industria-energetica,page-i18n,i18n Translations,es
https://testlify.com/es/industria-financiera/,es/industria-financiera,page-i18n,i18n Translations,es
https://testlify.com/es/industria-minorista/,es/industria-minorista,page-i18n,i18n Translations,es
https://testlify.com/es/industria-saas/,es/industria-saas,page-i18n,i18n Translations,es
https://testlify.com/es/industria-sanitaria/,es/industria-sanitaria,page-i18n,i18n Translations,es
https://testlify.com/es/juicio-situacional/,es/juicio-situacional,page-i18n,i18n Translations,es
https://testlify.com/es/logistica-y-cadena-de-suministro/,es/logistica-y-cadena-de-suministro,page-i18n,i18n Translations,es
https://testlify.com/es/mcer/,es/mcer,page-i18n,i18n Translations,es
https://testlify.com/es/novedades/,es/novedades,page-i18n,i18n Translations,es
https://testlify.com/es/para-empresas-de-todo-el-mundo/,es/para-empresas-de-todo-el-mundo,page-i18n,i18n Translations,es
https://testlify.com/es/para-startups/,es/para-startups,page-i18n,i18n Translations,es
https://testlify.com/es/pequenas-y-medianas-empresas/,es/pequenas-y-medianas-empresas,page-i18n,i18n Translations,es
https://testlify.com/es/pongase-en-contacto-con/,es/pongase-en-contacto-con,page-i18n,i18n Translations,es
https://testlify.com/es/precios/,es/precios,page-i18n,i18n Translations,es
https://testlify.com/es/prueba-de-demostracion/,es/prueba-de-demostracion,page-i18n,i18n Translations,es
https://testlify.com/es/prueba-de-mecanografia/,es/prueba-de-mecanografia,page-i18n,i18n Translations,es
https://testlify.com/es/pruebas-de-capacidad-cognitiva/,es/pruebas-de-capacidad-cognitiva,page-i18n,i18n Translations,es
https://testlify.com/es/pruebas-de-codificacion/,es/pruebas-de-codificacion,page-i18n,i18n Translations,es
https://testlify.com/es/pruebas-de-conocimientos-de-software/,es/pruebas-de-conocimientos-de-software,page-i18n,i18n Translations,es
https://testlify.com/es/pruebas-de-idiomas/,es/pruebas-de-idiomas,page-i18n,i18n Translations,es
https://testlify.com/es/pruebas-de-programacion/,es/pruebas-de-programacion,page-i18n,i18n Translations,es
https://testlify.com/es/pruebas-especificas/,es/pruebas-especificas,page-i18n,i18n Translations,es
https://testlify.com/es/pruebas-psicometricas/,es/pruebas-psicometricas,page-i18n,i18n Translations,es
https://testlify.com/es/sector-de-la-contratacion/,es/sector-de-la-contratacion,page-i18n,i18n Translations,es
https://testlify.com/es/sin-animo-de-lucro/,es/sin-animo-de-lucro,page-i18n,i18n Translations,es
https://testlify.com/es/solucion-de-evaluacion-del-talento-en-el-sector-publico/,es/solucion-de-evaluacion-del-talento-en-el-sector-publico,page-i18n,i18n Translations,es
https://testlify.com/es/terminos-y-condiciones/,es/terminos-y-condiciones,page-i18n,i18n Translations,es
https://testlify.com/es/volumen-de-contratacion/,es/volumen-de-contratacion,page-i18n,i18n Translations,es
https://testlify.com/ethical-exam-behavior-and-consequences-for-unethical-behavior/,ethical-exam-behavior-and-consequences-for-unethical-behavior,page,PAGE: Unclustered / Other,
https://testlify.com/eva-ai-alternatives/,eva-ai-alternatives,page,PAGE: Competitor Alternatives & Comparisons,
https://testlify.com/evalart-alternatives/,evalart-alternatives,page,PAGE: Competitor Alternatives & Comparisons,
https://testlify.com/everifile-alternatives/,everifile-alternatives,page,PAGE: Competitor Alternatives & Comparisons,
https://testlify.com/examinlab-alternatives/,examinlab-alternatives,page,PAGE: Competitor Alternatives & Comparisons,
https://testlify.com/expertrating-alternatives/,expertrating-alternatives,page,PAGE: Competitor Alternatives & Comparisons,
https://testlify.com/fair-refund-policy/,fair-refund-policy,page,PAGE: HR Operations & Compliance,Policies & Compliance
https://testlify.com/fair-usage-policy/,fair-usage-policy,page,PAGE: HR Operations & Compliance,Policies & Compliance
https://testlify.com/features/,features,page,PAGE: Unclustered / Other,
https://testlify.com/file-upload-questions/,file-upload-questions,page,PAGE: Unclustered / Other,
https://testlify.com/fill-in-the-blank/,fill-in-the-blank,page,PAGE: Unclustered / Other,
https://testlify.com/filosofi/,filosofi,page,PAGE: Unclustered / Other,
https://testlify.com/filosofia/,filosofia,page,PAGE: Unclustered / Other,
https://testlify.com/filosofie/,filosofie,page,PAGE: Unclustered / Other,
https://testlify.com/filozofia/,filozofia,page,PAGE: Unclustered / Other,
https://testlify.com/financial-industry/,financial-industry,page,PAGE: Unclustered / Other,
https://testlify.com/finansiell-industri/,finansiell-industri,page,PAGE: Unclustered / Other,
https://testlify.com/for-startups/,for-startups,page,PAGE: Unclustered / Other,
https://testlify.com/fr/,fr,page-i18n,i18n Translations,fr
https://testlify.com/fr/a-propos-de/,fr/a-propos-de,page-i18n,i18n Translations,fr
https://testlify.com/fr/api/,fr/api,page-i18n,i18n Translations,fr
https://testlify.com/fr/cefr/,fr/cefr,page-i18n,i18n Translations,fr
https://testlify.com/fr/commerce-de-detail/,fr/commerce-de-detail,page-i18n,i18n Translations,fr
https://testlify.com/fr/contact/,fr/contact,page-i18n,i18n Translations,fr
https://testlify.com/fr/demo/,fr/demo,page-i18n,i18n Translations,fr
https://testlify.com/fr/diversite-et-inclusion/,fr/diversite-et-inclusion,page-i18n,i18n Translations,fr
https://testlify.com/fr/embauche-a-distance/,fr/embauche-a-distance,page-i18n,i18n Translations,fr
https://testlify.com/fr/embauche-de-cols-bleus/,fr/embauche-de-cols-bleus,page-i18n,i18n Translations,fr
https://testlify.com/fr/embauche-en-volume/,fr/embauche-en-volume,page-i18n,i18n Translations,fr
https://testlify.com/fr/embauche-laterale/,fr/embauche-laterale,page-i18n,i18n Translations,fr
https://testlify.com/fr/fonctionnalites/,fr/fonctionnalites,page-i18n,i18n Translations,fr
https://testlify.com/fr/industrie-bpo/,fr/industrie-bpo,page-i18n,i18n Translations,fr
https://testlify.com/fr/industrie-de-lenergie/,fr/industrie-de-lenergie,page-i18n,i18n Translations,fr
https://testlify.com/fr/industrie-des-soins-de-sante/,fr/industrie-des-soins-de-sante,page-i18n,i18n Translations,fr
https://testlify.com/fr/industrie-des-technologies-de-leducation/,fr/industrie-des-technologies-de-leducation,page-i18n,i18n Translations,fr
https://testlify.com/fr/industrie-du-saas/,fr/industrie-du-saas,page-i18n,i18n Translations,fr
https://testlify.com/fr/industrie-financiere/,fr/industrie-financiere,page-i18n,i18n Translations,fr
https://testlify.com/fr/industrie-hoteliere/,fr/industrie-hoteliere,page-i18n,i18n Translations,fr
https://testlify.com/fr/industrie-informatique/,fr/industrie-informatique,page-i18n,i18n Translations,fr
https://testlify.com/fr/jugement-situationnel/,fr/jugement-situationnel,page-i18n,i18n Translations,fr
https://testlify.com/fr/label-blanc/,fr/label-blanc,page-i18n,i18n Translations,fr
https://testlify.com/fr/le-secteur-du-recrutement/,fr/le-secteur-du-recrutement,page-i18n,i18n Translations,fr
https://testlify.com/fr/nouveautes/,fr/nouveautes,page-i18n,i18n Translations,fr
https://testlify.com/fr/petites-et-moyennes-entreprises/,fr/petites-et-moyennes-entreprises,page-i18n,i18n Translations,fr
https://testlify.com/fr/pour-les-startups/,fr/pour-les-startups,page-i18n,i18n Translations,fr
https://testlify.com/fr/recrutement-sur-le-campus/,fr/recrutement-sur-le-campus,page-i18n,i18n Translations,fr
https://testlify.com/fr/science/,fr/science,page-i18n,i18n Translations,fr
https://testlify.com/fr/solution-devaluation-des-talents-pour-le-secteur-public/,fr/solution-devaluation-des-talents-pour-le-secteur-public,page-i18n,i18n Translations,fr
https://testlify.com/fr/tarification/,fr/tarification,page-i18n,i18n Translations,fr
https://testlify.com/fr/termes-et-conditions/,fr/termes-et-conditions,page-i18n,i18n Translations,fr
https://testlify.com/fr/test-de-dactylographie/,fr/test-de-dactylographie,page-i18n,i18n Translations,fr
https://testlify.com/fr/tests-daptitudes-cognitives/,fr/tests-daptitudes-cognitives,page-i18n,i18n Translations,fr
https://testlify.com/fr/tests-de-codage/,fr/tests-de-codage,page-i18n,i18n Translations,fr
https://testlify.com/fr/tests-de-competences-logicielles/,fr/tests-de-competences-logicielles,page-i18n,i18n Translations,fr
https://testlify.com/fr/tests-de-programmation/,fr/tests-de-programmation,page-i18n,i18n Translations,fr
https://testlify.com/fr/tests-linguistiques/,fr/tests-linguistiques,page-i18n,i18n Translations,fr
https://testlify.com/fr/tests-psychometriques/,fr/tests-psychometriques,page-i18n,i18n Translations,fr
https://testlify.com/fr/tests-specifiques-au-role/,fr/tests-specifiques-au-role,page-i18n,i18n Translations,fr
https://testlify.com/fr/voittoa-tavoittelemattomat-yhteisot/,fr/voittoa-tavoittelemattomat-yhteisot,page-i18n,i18n Translations,fr
https://testlify.com/fragor-for-videointervjuer/,fragor-for-videointervjuer,page,PAGE: Unclustered / Other,
https://testlify.com/free-employee-net-promoter-score-enps-calculator/,free-employee-net-promoter-score-enps-calculator,page,PAGE: Employee Experience & Development,Employee general
https://testlify.com/freelance-hiring/,freelance-hiring,page,PAGE: Recruiting & Talent Acquisition,General Hiring
https://testlify.com/furstperson-alternatives/,furstperson-alternatives,page,PAGE: Competitor Alternatives & Comparisons,
https://testlify.com/gastgewerbe/,gastgewerbe,page,PAGE: Unclustered / Other,
https://testlify.com/gdpr-compliance/,gdpr-compliance,page,PAGE: HR Operations & Compliance,Policies & Compliance
https://testlify.com/getting-your-smart-personality-assessment-report/,getting-your-smart-personality-assessment-report,page,PAGE: Assessments & Testing,Personality & Psychometric
https://testlify.com/google-doc-questions/,google-doc-questions,page,PAGE: Unclustered / Other,
https://testlify.com/google-sheet-questions/,google-sheet-questions,page,PAGE: Unclustered / Other,
https://testlify.com/google-slides-questions/,google-slides-questions,page,PAGE: Unclustered / Other,
https://testlify.com/health-care-industry/,health-care-industry,page,PAGE: Unclustered / Other,
https://testlify.com/highmatch-alternatives/,highmatch-alternatives,page,PAGE: Competitor Alternatives & Comparisons,
https://testlify.com/hipeople-alternatives/,hipeople-alternatives,page,PAGE: Competitor Alternatives & Comparisons,
https://testlify.com/hire-global-talent-with-assessments-in-dutch/,hire-global-talent-with-assessments-in-dutch,page,PAGE: Hiring by Role,
https://testlify.com/hirequotient-alternatives/,hirequotient-alternatives,page,PAGE: Competitor Alternatives & Comparisons,
https://testlify.com/hiresharp-alternatives/,hiresharp-alternatives,page,PAGE: Competitor Alternatives & Comparisons,
https://testlify.com/hiring-guides/,hiring-guides,page,PAGE: Recruiting & Talent Acquisition,General Hiring
https://testlify.com/hiring-guides/account-executive-hiring-guide/,hiring-guides/account-executive-hiring-guide,page,Hiring Guides (page hub),
https://testlify.com/hiring-guides/account-manager-hiring-guide/,hiring-guides/account-manager-hiring-guide,page,Hiring Guides (page hub),
https://testlify.com/hiring-guides/administrative-assistant-hiring-guide/,hiring-guides/administrative-assistant-hiring-guide,page,Hiring Guides (page hub),
https://testlify.com/hiring-guides/aws-solutions-architect-hiring-guide/,hiring-guides/aws-solutions-architect-hiring-guide,page,Hiring Guides (page hub),
https://testlify.com/hiring-guides/back-end-developer-hiring-guide/,hiring-guides/back-end-developer-hiring-guide,page,Hiring Guides (page hub),
https://testlify.com/hiring-guides/back-end-engineer-hiring-guide/,hiring-guides/back-end-engineer-hiring-guide,page,Hiring Guides (page hub),
https://testlify.com/hiring-guides/big-data-engineer-hiring-guide/,hiring-guides/big-data-engineer-hiring-guide,page,Hiring Guides (page hub),
https://testlify.com/hiring-guides/blockchain-developer-hiring-guide/,hiring-guides/blockchain-developer-hiring-guide,page,Hiring Guides (page hub),
https://testlify.com/hiring-guides/bookkeeper-hiring-guide/,hiring-guides/bookkeeper-hiring-guide,page,Hiring Guides (page hub),
https://testlify.com/hiring-guides/brand-ambassador-hiring-guide/,hiring-guides/brand-ambassador-hiring-guide,page,Hiring Guides (page hub),
https://testlify.com/hiring-guides/business-consultant-hiring-guide/,hiring-guides/business-consultant-hiring-guide,page,Hiring Guides (page hub),
https://testlify.com/hiring-guides/business-development-manager-guide/,hiring-guides/business-development-manager-guide,page,Hiring Guides (page hub),
https://testlify.com/hiring-guides/business-intelligence-analyst-hiring/,hiring-guides/business-intelligence-analyst-hiring,page,Hiring Guides (page hub),
https://testlify.com/hiring-guides/cloud-engineer-hiring-guide/,hiring-guides/cloud-engineer-hiring-guide,page,Hiring Guides (page hub),
https://testlify.com/hiring-guides/content-management-system-developer/,hiring-guides/content-management-system-developer,page,Hiring Guides (page hub),
https://testlify.com/hiring-guides/copywriter-hiring-guide/,hiring-guides/copywriter-hiring-guide,page,Hiring Guides (page hub),
https://testlify.com/hiring-guides/creative-director-hiring-guide/,hiring-guides/creative-director-hiring-guide,page,Hiring Guides (page hub),
https://testlify.com/hiring-guides/customer-service-representative-hiring-guide/,hiring-guides/customer-service-representative-hiring-guide,page,Hiring Guides (page hub),
https://testlify.com/hiring-guides/cybersecurity-analyst-hiring-guide/,hiring-guides/cybersecurity-analyst-hiring-guide,page,Hiring Guides (page hub),
https://testlify.com/hiring-guides/data-analyst-hiring-guide/,hiring-guides/data-analyst-hiring-guide,page,Hiring Guides (page hub),
https://testlify.com/hiring-guides/data-engineer-hiring-guide/,hiring-guides/data-engineer-hiring-guide,page,Hiring Guides (page hub),
https://testlify.com/hiring-guides/data-entry-clerk-hiring-guide/,hiring-guides/data-entry-clerk-hiring-guide,page,Hiring Guides (page hub),
https://testlify.com/hiring-guides/data-scientist-hiring-guide/,hiring-guides/data-scientist-hiring-guide,page,Hiring Guides (page hub),
https://testlify.com/hiring-guides/database-administrator-hiring-guide/,hiring-guides/database-administrator-hiring-guide,page,Hiring Guides (page hub),
https://testlify.com/hiring-guides/devops-engineer-hiring-guide/,hiring-guides/devops-engineer-hiring-guide,page,Hiring Guides (page hub),
https://testlify.com/hiring-guides/digital-marketing-manager-hiring-guide/,hiring-guides/digital-marketing-manager-hiring-guide,page,Hiring Guides (page hub),
https://testlify.com/hiring-guides/django-developer-hiring-guide/,hiring-guides/django-developer-hiring-guide,page,Hiring Guides (page hub),
https://testlify.com/hiring-guides/ecommerce-developer-hiring-guide/,hiring-guides/ecommerce-developer-hiring-guide,page,Hiring Guides (page hub),
https://testlify.com/hiring-guides/event-coordinator-hiring-guide/,hiring-guides/event-coordinator-hiring-guide,page,Hiring Guides (page hub),
https://testlify.com/hiring-guides/event-planner-hiring-guide/,hiring-guides/event-planner-hiring-guide,page,Hiring Guides (page hub),
https://testlify.com/hiring-guides/executive-assistant-hiring-guide/,hiring-guides/executive-assistant-hiring-guide,page,Hiring Guides (page hub),
https://testlify.com/hiring-guides/financial-advisor-hiring-guide/,hiring-guides/financial-advisor-hiring-guide,page,Hiring Guides (page hub),
https://testlify.com/hiring-guides/financial-analyst-hiring-guide/,hiring-guides/financial-analyst-hiring-guide,page,Hiring Guides (page hub),
https://testlify.com/hiring-guides/financial-planner-hiring-guide/,hiring-guides/financial-planner-hiring-guide,page,Hiring Guides (page hub),
https://testlify.com/hiring-guides/freight-forwarder-hiring-guide/,hiring-guides/freight-forwarder-hiring-guide,page,Hiring Guides (page hub),
https://testlify.com/hiring-guides/front-end-engineer-hiring-guide/,hiring-guides/front-end-engineer-hiring-guide,page,Hiring Guides (page hub),
https://testlify.com/hiring-guides/full-stack-developer-hiring-guide/,hiring-guides/full-stack-developer-hiring-guide,page,Hiring Guides (page hub),
https://testlify.com/hiring-guides/graphic-designer-hiring-guide/,hiring-guides/graphic-designer-hiring-guide,page,Hiring Guides (page hub),
https://testlify.com/hiring-guides/incident-responder-hiring-guide/,hiring-guides/incident-responder-hiring-guide,page,Hiring Guides (page hub),
https://testlify.com/hiring-guides/it-support-specialist-hiring-guide/,hiring-guides/it-support-specialist-hiring-guide,page,Hiring Guides (page hub),
https://testlify.com/hiring-guides/java-developer-hiring-guide/,hiring-guides/java-developer-hiring-guide,page,Hiring Guides (page hub),
https://testlify.com/hiring-guides/legal-assistant-hiring-guide/,hiring-guides/legal-assistant-hiring-guide,page,Hiring Guides (page hub),
https://testlify.com/hiring-guides/loan-officer-hiring-guide/,hiring-guides/loan-officer-hiring-guide,page,Hiring Guides (page hub),
https://testlify.com/hiring-guides/machine-learning-engineer-hiring-guide/,hiring-guides/machine-learning-engineer-hiring-guide,page,Hiring Guides (page hub),
https://testlify.com/hiring-guides/maintenance-technician-hiring-guide/,hiring-guides/maintenance-technician-hiring-guide,page,Hiring Guides (page hub),
https://testlify.com/hiring-guides/market-research-analyst-hiring-guide/,hiring-guides/market-research-analyst-hiring-guide,page,Hiring Guides (page hub),
https://testlify.com/hiring-guides/marketing-manager-hiring-guide/,hiring-guides/marketing-manager-hiring-guide,page,Hiring Guides (page hub),
https://testlify.com/hiring-guides/medical-coder-hiring-guide/,hiring-guides/medical-coder-hiring-guide,page,Hiring Guides (page hub),
https://testlify.com/hiring-guides/medical-transcriptionist-hiring-guide/,hiring-guides/medical-transcriptionist-hiring-guide,page,Hiring Guides (page hub),
https://testlify.com/hiring-guides/mobile-developer-hiring-guide/,hiring-guides/mobile-developer-hiring-guide,page,Hiring Guides (page hub),
https://testlify.com/hiring-guides/natural-language-processing-engineer-hiring-guide/,hiring-guides/natural-language-processing-engineer-hiring-guide,page,Hiring Guides (page hub),
https://testlify.com/hiring-guides/network-administrator-hiring-guide/,hiring-guides/network-administrator-hiring-guide,page,Hiring Guides (page hub),
https://testlify.com/hiring-guides/network-security-engineer-hiring-guide/,hiring-guides/network-security-engineer-hiring-guide,page,Hiring Guides (page hub),
https://testlify.com/hiring-guides/node-js-hiring-guide/,hiring-guides/node-js-hiring-guide,page,Hiring Guides (page hub),
https://testlify.com/hiring-guides/office-administrator-hiring-guide/,hiring-guides/office-administrator-hiring-guide,page,Hiring Guides (page hub),
https://testlify.com/hiring-guides/office-assistant-hiring-guide/,hiring-guides/office-assistant-hiring-guide,page,Hiring Guides (page hub),
https://testlify.com/hiring-guides/office-manager-hiring-guide/,hiring-guides/office-manager-hiring-guide,page,Hiring Guides (page hub),
https://testlify.com/hiring-guides/operations-manager-hiring-guide/,hiring-guides/operations-manager-hiring-guide,page,Hiring Guides (page hub),
https://testlify.com/hiring-guides/penetration-tester-hiring-guide/,hiring-guides/penetration-tester-hiring-guide,page,Hiring Guides (page hub),
https://testlify.com/hiring-guides/personal-assistant-hiring-guide/,hiring-guides/personal-assistant-hiring-guide,page,Hiring Guides (page hub),
https://testlify.com/hiring-guides/pharmacy-technician-hiring-guide/,hiring-guides/pharmacy-technician-hiring-guide,page,Hiring Guides (page hub),
https://testlify.com/hiring-guides/php-developer-hiring-guide/,hiring-guides/php-developer-hiring-guide,page,Hiring Guides (page hub),
https://testlify.com/hiring-guides/product-manager-hiring-guide/,hiring-guides/product-manager-hiring-guide,page,Hiring Guides (page hub),
https://testlify.com/hiring-guides/project-coordinator-hiring-guide/,hiring-guides/project-coordinator-hiring-guide,page,Hiring Guides (page hub),
https://testlify.com/hiring-guides/python-developer-hiring-guide/,hiring-guides/python-developer-hiring-guide,page,Hiring Guides (page hub),
https://testlify.com/hiring-guides/qa-engineer-hiring-guide/,hiring-guides/qa-engineer-hiring-guide,page,Hiring Guides (page hub),
https://testlify.com/hiring-guides/react-developer-hiring-guide/,hiring-guides/react-developer-hiring-guide,page,Hiring Guides (page hub),
https://testlify.com/hiring-guides/react-native-developer-hiring-guide/,hiring-guides/react-native-developer-hiring-guide,page,Hiring Guides (page hub),
https://testlify.com/hiring-guides/receptionist-hiring-guide/,hiring-guides/receptionist-hiring-guide,page,Hiring Guides (page hub),
https://testlify.com/hiring-guides/sales-representative-hiring-guide/,hiring-guides/sales-representative-hiring-guide,page,Hiring Guides (page hub),
https://testlify.com/hiring-guides/security-architect-hiring-guide/,hiring-guides/security-architect-hiring-guide,page,Hiring Guides (page hub),
https://testlify.com/hiring-guides/security-engineer-hiring-guide/,hiring-guides/security-engineer-hiring-guide,page,Hiring Guides (page hub),
https://testlify.com/hiring-guides/security-officer-hiring-guide/,hiring-guides/security-officer-hiring-guide,page,Hiring Guides (page hub),
https://testlify.com/hiring-guides/seo-specialist-hiring-guide/,hiring-guides/seo-specialist-hiring-guide,page,Hiring Guides (page hub),
https://testlify.com/hiring-guides/social-media-manager-hiring-guide/,hiring-guides/social-media-manager-hiring-guide,page,Hiring Guides (page hub),
https://testlify.com/hiring-guides/sql-developer-hiring-guide/,hiring-guides/sql-developer-hiring-guide,page,Hiring Guides (page hub),
https://testlify.com/hiring-guides/system-administrator-hiring-guide/,hiring-guides/system-administrator-hiring-guide,page,Hiring Guides (page hub),
https://testlify.com/hiring-guides/talent-acquisition-specialist-hiring/,hiring-guides/talent-acquisition-specialist-hiring,page,Hiring Guides (page hub),
https://testlify.com/hiring-guides/tax-preparer-hiring-guide/,hiring-guides/tax-preparer-hiring-guide,page,Hiring Guides (page hub),
https://testlify.com/hiring-guides/technical-writer-hiring-guide/,hiring-guides/technical-writer-hiring-guide,page,Hiring Guides (page hub),
https://testlify.com/hiring-guides/translator-hiring-guide/,hiring-guides/translator-hiring-guide,page,Hiring Guides (page hub),
https://testlify.com/hiring-guides/typescript-developer-hiring-guide/,hiring-guides/typescript-developer-hiring-guide,page,Hiring Guides (page hub),
https://testlify.com/hiring-guides/user-experience-designer-hiring-guide/,hiring-guides/user-experience-designer-hiring-guide,page,Hiring Guides (page hub),
https://testlify.com/hiring-guides/user-interface-designer-hiring-guide/,hiring-guides/user-interface-designer-hiring-guide,page,Hiring Guides (page hub),
https://testlify.com/hiring-guides/virtual-assistant-hiring-guide/,hiring-guides/virtual-assistant-hiring-guide,page,Hiring Guides (page hub),
https://testlify.com/hiring-guides/web-developer-hiring-guide/,hiring-guides/web-developer-hiring-guide,page,Hiring Guides (page hub),
https://testlify.com/hiring-guides/wireless-network-engineer-hiring-guide/,hiring-guides/wireless-network-engineer-hiring-guide,page,Hiring Guides (page hub),
https://testlify.com/hiring-manager-satisfaction-calculator/,hiring-manager-satisfaction-calculator,page,PAGE: Employee Experience & Development,Engagement & Retention
https://testlify.com/hiringbranch-alternatives/,hiringbranch-alternatives,page,PAGE: Competitor Alternatives & Comparisons,
https://testlify.com/hjem/,hjem,page,PAGE: Unclustered / Other,
https://testlify.com/hogan-alternatives/,hogan-alternatives,page,PAGE: Competitor Alternatives & Comparisons,
https://testlify.com/hospitality-industry/,hospitality-industry,page,PAGE: Unclustered / Other,
https://testlify.com/how-testlify-works/,how-testlify-works,page,PAGE: Unclustered / Other,
https://testlify.com/how-we-are-different/,how-we-are-different,page,PAGE: Unclustered / Other,
https://testlify.com/hr-guide/,hr-guide,page,PAGE: HR Operations & Compliance,HR general / HRM
https://testlify.com/hr-guide/chapter-01-introduction-and-overview/,hr-guide/chapter-01-introduction-and-overview,page,PAGE: HR Operations & Compliance,HR general / HRM
https://testlify.com/hr-guide/chapter-02-culture/,hr-guide/chapter-02-culture,page,PAGE: HR Operations & Compliance,HR general / HRM
https://testlify.com/hr-guide/chapter-03-talent-acquisition/,hr-guide/chapter-03-talent-acquisition,page,PAGE: Recruiting & Talent Acquisition,Recruitment Process & Strategy
https://testlify.com/hr-guide/chapter-04-onboarding-and-offboarding/,hr-guide/chapter-04-onboarding-and-offboarding,page,PAGE: HR Operations & Compliance,HR general / HRM
https://testlify.com/hr-guide/chapter-05-performance-management/,hr-guide/chapter-05-performance-management,page,PAGE: HR Operations & Compliance,HR general / HRM
https://testlify.com/hr-guide/chapter-06-compensation-and-benefits/,hr-guide/chapter-06-compensation-and-benefits,page,PAGE: HR Operations & Compliance,Compensation & Benefits
https://testlify.com/hr-guide/chapter-07-time-tracking/,hr-guide/chapter-07-time-tracking,page,PAGE: HR Operations & Compliance,HR general / HRM
https://testlify.com/hr-guide/chapter-08-payroll/,hr-guide/chapter-08-payroll,page,PAGE: HR Operations & Compliance,Compensation & Benefits
https://testlify.com/hr-guide/chapter-09-reporting-and-analytics/,hr-guide/chapter-09-reporting-and-analytics,page,PAGE: HR Operations & Compliance,HR general / HRM
https://testlify.com/hr-guide/chapter-10-conflict-resolution/,hr-guide/chapter-10-conflict-resolution,page,PAGE: HR Operations & Compliance,HR general / HRM
https://testlify.com/hr-guide/chapter-11-hr-compliance/,hr-guide/chapter-11-hr-compliance,page,PAGE: HR Operations & Compliance,Policies & Compliance
https://testlify.com/hr-guide/chapter-12-hr-software/,hr-guide/chapter-12-hr-software,page,PAGE: HR Operations & Compliance,HR general / HRM
https://testlify.com/hr-tools/,hr-tools,page,PAGE: HR Operations & Compliance,HR general / HRM
https://testlify.com/hr-tools/applicant-tracking-systems/,hr-tools/applicant-tracking-systems,page,PAGE: Recruiting & Talent Acquisition,Recruitment Process & Strategy
https://testlify.com/hr-tools/benefits-administration/,hr-tools/benefits-administration,page,PAGE: HR Operations & Compliance,Compensation & Benefits
https://testlify.com/hr-tools/compensation-management/,hr-tools/compensation-management,page,PAGE: HR Operations & Compliance,Compensation & Benefits
https://testlify.com/hr-tools/core-hr/,hr-tools/core-hr,page,PAGE: HR Operations & Compliance,HR general / HRM
https://testlify.com/hr-tools/corporate-learning-management-systems/,hr-tools/corporate-learning-management-systems,page,PAGE: HR Operations & Compliance,HR general / HRM
https://testlify.com/hr-tools/course-authoring/,hr-tools/course-authoring,page,PAGE: HR Operations & Compliance,HR general / HRM
https://testlify.com/hr-tools/employee-engagement/,hr-tools/employee-engagement,page,PAGE: HR Operations & Compliance,HR general / HRM
https://testlify.com/hr-tools/employee-monitoring/,hr-tools/employee-monitoring,page,PAGE: HR Operations & Compliance,HR general / HRM
https://testlify.com/hr-tools/employee-recognition/,hr-tools/employee-recognition,page,PAGE: HR Operations & Compliance,HR general / HRM
https://testlify.com/hr-tools/human-resource-management-system/,hr-tools/human-resource-management-system,page,PAGE: Recruiting & Talent Acquisition,Sourcing & Candidate Pool
https://testlify.com/hr-tools/job-search-sites/,hr-tools/job-search-sites,page,PAGE: HR Operations & Compliance,HR general / HRM
https://testlify.com/hr-tools/learning-experience-platforms/,hr-tools/learning-experience-platforms,page,PAGE: HR Operations & Compliance,HR general / HRM
https://testlify.com/hr-tools/performance-management/,hr-tools/performance-management,page,PAGE: HR Operations & Compliance,HR general / HRM
https://testlify.com/hr-tools/recruitment-marketing/,hr-tools/recruitment-marketing,page,PAGE: Recruiting & Talent Acquisition,Recruitment Process & Strategy
https://testlify.com/hr-tools/staffing/,hr-tools/staffing,page,PAGE: HR Operations & Compliance,HR general / HRM
https://testlify.com/hr-tools/time-tracking/,hr-tools/time-tracking,page,PAGE: HR Operations & Compliance,HR general / HRM
https://testlify.com/hr-tools/workforce-management/,hr-tools/workforce-management,page,PAGE: HR Operations & Compliance,HR general / HRM
https://testlify.com/hravatar-alternatives/,hravatar-alternatives,page,PAGE: Competitor Alternatives & Comparisons,
https://testlify.com/humantelligence-alternatives/,humantelligence-alternatives,page,PAGE: Competitor Alternatives & Comparisons,
https://testlify.com/indeed-alternatives/,indeed-alternatives,page,PAGE: Competitor Alternatives & Comparisons,
https://testlify.com/industria-edtech/,industria-edtech,page,PAGE: Unclustered / Other,
https://testlify.com/industry-specific-skills-assessments/,industry-specific-skills-assessments,page,PAGE: Skills Tests & Evaluation (by skill),
https://testlify.com/information-security/,information-security,page,PAGE: Unclustered / Other,
https://testlify.com/integration-program/,integration-program,page,PAGE: Unclustered / Other,
https://testlify.com/internal-mobility/,internal-mobility,page,PAGE: HR Operations & Compliance,Workforce & Succession Planning
https://testlify.com/interview-as-a-service/,interview-as-a-service,page,PAGE: Recruiting & Talent Acquisition,Interviewing (process/skills)
https://testlify.com/interview-to-offer-ratio-calculator/,interview-to-offer-ratio-calculator,page,PAGE: Recruiting & Talent Acquisition,Interviewing (process/skills)
https://testlify.com/interviewer-ai-alternatives/,interviewer-ai-alternatives,page,PAGE: Competitor Alternatives & Comparisons,
https://testlify.com/interviews/,interviews,page,PAGE: Recruiting & Talent Acquisition,Interviewing (process/skills)
https://testlify.com/investors/,investors,page,PAGE: Unclustered / Other,
https://testlify.com/it-industry/,it-industry,page,PAGE: Unclustered / Other,
https://testlify.com/it/,it,page-i18n,i18n Translations,it
https://testlify.com/it/api/,it/api,page-i18n,i18n Translations,it
https://testlify.com/it/assunzione-a-distanza/,it/assunzione-a-distanza,page-i18n,i18n Translations,it
https://testlify.com/it/assunzione-di-colletti-blu/,it/assunzione-di-colletti-blu,page-i18n,i18n Translations,it
https://testlify.com/it/assunzione-di-freelance/,it/assunzione-di-freelance,page-i18n,i18n Translations,it
https://testlify.com/it/assunzione-di-volumi/,it/assunzione-di-volumi,page-i18n,i18n Translations,it
https://testlify.com/it/assunzione-laterale/,it/assunzione-laterale,page-i18n,i18n Translations,it
https://testlify.com/it/caratteristiche/,it/caratteristiche,page-i18n,i18n Translations,it
https://testlify.com/it/cefr/,it/cefr,page-i18n,i18n Translations,it
https://testlify.com/it/circa/,it/circa,page-i18n,i18n Translations,it
https://testlify.com/it/confronta-i-piani/,it/confronta-i-piani,page-i18n,i18n Translations,it
https://testlify.com/it/contatto/,it/contatto,page-i18n,i18n Translations,it
https://testlify.com/it/cosa-ce-di-nuovo/,it/cosa-ce-di-nuovo,page-i18n,i18n Translations,it
https://testlify.com/it/demo/,it/demo,page-i18n,i18n Translations,it
https://testlify.com/it/diversita-e-inclusione/,it/diversita-e-inclusione,page-i18n,i18n Translations,it
https://testlify.com/it/etichetta-bianca/,it/etichetta-bianca,page-i18n,i18n Translations,it
https://testlify.com/it/giudizio-situazionale/,it/giudizio-situazionale,page-i18n,i18n Translations,it
https://testlify.com/it/i-nostri-partner/,it/i-nostri-partner,page-i18n,i18n Translations,it
https://testlify.com/it/industria-bpo/,it/industria-bpo,page-i18n,i18n Translations,it
https://testlify.com/it/industria-del-commercio-al-dettaglio/,it/industria-del-commercio-al-dettaglio,page-i18n,i18n Translations,it
https://testlify.com/it/industria-del-reclutamento/,it/industria-del-reclutamento,page-i18n,i18n Translations,it
https://testlify.com/it/industria-dellenergia/,it/industria-dellenergia,page-i18n,i18n Translations,it
https://testlify.com/it/industria-dellospitalita/,it/industria-dellospitalita,page-i18n,i18n Translations,it
https://testlify.com/it/industria-edtech/,it/industria-edtech,page-i18n,i18n Translations,it
https://testlify.com/it/industria-finanziaria/,it/industria-finanziaria,page-i18n,i18n Translations,it
https://testlify.com/it/industria-it/,it/industria-it,page-i18n,i18n Translations,it
https://testlify.com/it/industria-sanitaria/,it/industria-sanitaria,page-i18n,i18n Translations,it
https://testlify.com/it/logistica-industria-della-catena-di-fornitura/,it/logistica-industria-della-catena-di-fornitura,page-i18n,i18n Translations,it
https://testlify.com/it/non-profit/,it/non-profit,page-i18n,i18n Translations,it
https://testlify.com/it/per-le-aziende-di-tutto-il-mondo/,it/per-le-aziende-di-tutto-il-mondo,page-i18n,i18n Translations,it
https://testlify.com/it/per-le-startup/,it/per-le-startup,page-i18n,i18n Translations,it
https://testlify.com/it/piccole-medie-imprese/,it/piccole-medie-imprese,page-i18n,i18n Translations,it
https://testlify.com/it/prezzi/,it/prezzi,page-i18n,i18n Translations,it
https://testlify.com/it/reclutamento-nel-campus/,it/reclutamento-nel-campus,page-i18n,i18n Translations,it
https://testlify.com/it/scienza/,it/scienza,page-i18n,i18n Translations,it
https://testlify.com/it/settore-saas/,it/settore-saas,page-i18n,i18n Translations,it
https://testlify.com/it/soluzione-di-valutazione-dei-talenti-nel-settore-pubblico/,it/soluzione-di-valutazione-dei-talenti-nel-settore-pubblico,page-i18n,i18n Translations,it
https://testlify.com/it/termini-e-condizioni/,it/termini-e-condizioni,page-i18n,i18n Translations,it
https://testlify.com/it/test-di-abilita-cognitiva/,it/test-di-abilita-cognitiva,page-i18n,i18n Translations,it
https://testlify.com/it/test-di-abilita-software/,it/test-di-abilita-software,page-i18n,i18n Translations,it
https://testlify.com/it/test-di-codifica/,it/test-di-codifica,page-i18n,i18n Translations,it
https://testlify.com/it/test-di-dattilografia/,it/test-di-dattilografia,page-i18n,i18n Translations,it
https://testlify.com/it/test-di-programmazione/,it/test-di-programmazione,page-i18n,i18n Translations,it
https://testlify.com/it/test-linguistici/,it/test-linguistici,page-i18n,i18n Translations,it
https://testlify.com/it/test-specifici-per-il-ruolo/,it/test-specifici-per-il-ruolo,page-i18n,i18n Translations,it
https://testlify.com/ja/,ja,page-i18n,i18n Translations,ja
https://testlify.com/ja/about/,ja/about,page-i18n,i18n Translations,ja
https://testlify.com/ja/api/,ja/api,page-i18n,i18n Translations,ja
https://testlify.com/ja/blue-collar-hiring/,ja/blue-collar-hiring,page-i18n,i18n Translations,ja
https://testlify.com/ja/bpo-industry/,ja/bpo-industry,page-i18n,i18n Translations,ja
https://testlify.com/ja/campus-hiring/,ja/campus-hiring,page-i18n,i18n Translations,ja
https://testlify.com/ja/cefr/,ja/cefr,page-i18n,i18n Translations,ja
https://testlify.com/ja/cognitive-ability-tests/,ja/cognitive-ability-tests,page-i18n,i18n Translations,ja
https://testlify.com/ja/contact/,ja/contact,page-i18n,i18n Translations,ja
https://testlify.com/ja/demo/,ja/demo,page-i18n,i18n Translations,ja
https://testlify.com/ja/diversity-and-inclusions/,ja/diversity-and-inclusions,page-i18n,i18n Translations,ja
https://testlify.com/ja/edtech-industry/,ja/edtech-industry,page-i18n,i18n Translations,ja
https://testlify.com/ja/energy-industry/,ja/energy-industry,page-i18n,i18n Translations,ja
https://testlify.com/ja/enterprise/,ja/enterprise,page-i18n,i18n Translations,ja
https://testlify.com/ja/features/,ja/features,page-i18n,i18n Translations,ja
https://testlify.com/ja/financial-industry/,ja/financial-industry,page-i18n,i18n Translations,ja
https://testlify.com/ja/for-startups/,ja/for-startups,page-i18n,i18n Translations,ja
https://testlify.com/ja/freelance-hiring/,ja/freelance-hiring,page-i18n,i18n Translations,ja
https://testlify.com/ja/health-care-industry/,ja/health-care-industry,page-i18n,i18n Translations,ja
https://testlify.com/ja/hospitality-industry/,ja/hospitality-industry,page-i18n,i18n Translations,ja
https://testlify.com/ja/it-industry/,ja/it-industry,page-i18n,i18n Translations,ja
https://testlify.com/ja/language-tests/,ja/language-tests,page-i18n,i18n Translations,ja
https://testlify.com/ja/lateral-hiring/,ja/lateral-hiring,page-i18n,i18n Translations,ja
https://testlify.com/ja/logistics-supply-chain-industry/,ja/logistics-supply-chain-industry,page-i18n,i18n Translations,ja
https://testlify.com/ja/non-profits/,ja/non-profits,page-i18n,i18n Translations,ja
https://testlify.com/ja/pricing/,ja/pricing,page-i18n,i18n Translations,ja
https://testlify.com/ja/programming-tests/,ja/programming-tests,page-i18n,i18n Translations,ja
https://testlify.com/ja/psychometric-tests/,ja/psychometric-tests,page-i18n,i18n Translations,ja
https://testlify.com/ja/public-sector-talent-assessment-solution/,ja/public-sector-talent-assessment-solution,page-i18n,i18n Translations,ja
https://testlify.com/ja/recruitment-industry/,ja/recruitment-industry,page-i18n,i18n Translations,ja
https://testlify.com/ja/remote-hiring/,ja/remote-hiring,page-i18n,i18n Translations,ja
https://testlify.com/ja/retail-industry/,ja/retail-industry,page-i18n,i18n Translations,ja
https://testlify.com/ja/role-specific-tests/,ja/role-specific-tests,page-i18n,i18n Translations,ja
https://testlify.com/ja/saas-industry/,ja/saas-industry,page-i18n,i18n Translations,ja
https://testlify.com/ja/science/,ja/science,page-i18n,i18n Translations,ja
https://testlify.com/ja/situational-judgment/,ja/situational-judgment,page-i18n,i18n Translations,ja
https://testlify.com/ja/small-medium-businesses/,ja/small-medium-businesses,page-i18n,i18n Translations,ja
https://testlify.com/ja/software-skills-tests/,ja/software-skills-tests,page-i18n,i18n Translations,ja
https://testlify.com/ja/terms/,ja/terms,page-i18n,i18n Translations,ja
https://testlify.com/ja/typing-test/,ja/typing-test,page-i18n,i18n Translations,ja
https://testlify.com/ja/video-interviewing-tool/,ja/video-interviewing-tool,page-i18n,i18n Translations,ja
https://testlify.com/ja/volume-hiring/,ja/volume-hiring,page-i18n,i18n Translations,ja
https://testlify.com/ja/whats-new/,ja/whats-new,page-i18n,i18n Translations,ja
https://testlify.com/jamfor-planer/,jamfor-planer,page,PAGE: Unclustered / Other,
https://testlify.com/job-description-generator/,job-description-generator,page,PAGE: Career & Role Guides,
https://testlify.com/job-description-templates/,job-description-templates,page,PAGE: Career & Role Guides,
https://testlify.com/job-offer-acceptance-rate-calculator/,job-offer-acceptance-rate-calculator,page,PAGE: Recruiting & Talent Acquisition,General Hiring
https://testlify.com/job-openings/,job-openings,page,PAGE: Unclustered / Other,
https://testlify.com/journeyfront-alternatives/,journeyfront-alternatives,page,PAGE: Competitor Alternatives & Comparisons,
https://testlify.com/kolbe-alternatives/,kolbe-alternatives,page,PAGE: Competitor Alternatives & Comparisons,
https://testlify.com/language-tests/,language-tests,page,PAGE: Assessments & Testing,Assessment general
https://testlify.com/lateral-hiring/,lateral-hiring,page,PAGE: Recruiting & Talent Acquisition,General Hiring
https://testlify.com/letsremotify-alternatives/,letsremotify-alternatives,page,PAGE: Competitor Alternatives & Comparisons,
https://testlify.com/lever/,lever,page,PAGE: Unclustered / Other,
https://testlify.com/logistics-supply-chain-industry/,logistics-supply-chain-industry,page,PAGE: Unclustered / Other,
https://testlify.com/logistiek-supply-chain-industrie/,logistiek-supply-chain-industrie,page,PAGE: Unclustered / Other,
https://testlify.com/logistique-et-chaine-dapprovisionnement/,logistique-et-chaine-dapprovisionnement,page,PAGE: Unclustered / Other,
https://testlify.com/mangfoldighed-inklusion/,mangfoldighed-inklusion,page,PAGE: Unclustered / Other,
https://testlify.com/mcquaig-alternatives/,mcquaig-alternatives,page,PAGE: Competitor Alternatives & Comparisons,
https://testlify.com/media-industry/,media-industry,page,PAGE: Unclustered / Other,
https://testlify.com/metahire-alternatives/,metahire-alternatives,page,PAGE: Competitor Alternatives & Comparisons,
https://testlify.com/modern-hire-alternatives/,modern-hire-alternatives,page,PAGE: Competitor Alternatives & Comparisons,
https://testlify.com/multilingual-abilities/,multilingual-abilities,page,PAGE: Unclustered / Other,
https://testlify.com/multiple-question-types/,multiple-question-types,page,PAGE: Unclustered / Other,
https://testlify.com/multiple-select-questions/,multiple-select-questions,page,PAGE: Unclustered / Other,
https://testlify.com/new-york-city-bias-audit/,new-york-city-bias-audit,page,"PAGE: Workplace, Culture & Future of Work",DEI
https://testlify.com/nl/,nl,page-i18n,i18n Translations,nl
https://testlify.com/nl/algemene-voorwaarden/,nl/algemene-voorwaarden,page-i18n,i18n Translations,nl
https://testlify.com/nl/api/,nl/api,page-i18n,i18n Translations,nl
https://testlify.com/nl/arbeiders-in-dienst-nemen/,nl/arbeiders-in-dienst-nemen,page-i18n,i18n Translations,nl
https://testlify.com/nl/bpo-industrie/,nl/bpo-industrie,page-i18n,i18n Translations,nl
https://testlify.com/nl/campus-aanwerving/,nl/campus-aanwerving,page-i18n,i18n Translations,nl
https://testlify.com/nl/cefr/,nl/cefr,page-i18n,i18n Translations,nl
https://testlify.com/nl/codeertests/,nl/codeertests,page-i18n,i18n Translations,nl
https://testlify.com/nl/cognitieve-capaciteitstesten/,nl/cognitieve-capaciteitstesten,page-i18n,i18n Translations,nl
https://testlify.com/nl/demo/,nl/demo,page-i18n,i18n Translations,nl
https://testlify.com/nl/detailhandel/,nl/detailhandel,page-i18n,i18n Translations,nl
https://testlify.com/nl/diversiteit-en-inclusie/,nl/diversiteit-en-inclusie,page-i18n,i18n Translations,nl
https://testlify.com/nl/edtech-industrie/,nl/edtech-industrie,page-i18n,i18n Translations,nl
https://testlify.com/nl/energie-industrie/,nl/energie-industrie,page-i18n,i18n Translations,nl
https://testlify.com/nl/financiele-industrie/,nl/financiele-industrie,page-i18n,i18n Translations,nl
https://testlify.com/nl/freelance-inhuur/,nl/freelance-inhuur,page-i18n,i18n Translations,nl
https://testlify.com/nl/gezondheidszorg/,nl/gezondheidszorg,page-i18n,i18n Translations,nl
https://testlify.com/nl/horeca/,nl/horeca,page-i18n,i18n Translations,nl
https://testlify.com/nl/inhuren-op-afstand/,nl/inhuren-op-afstand,page-i18n,i18n Translations,nl
https://testlify.com/nl/it-industrie/,nl/it-industrie,page-i18n,i18n Translations,nl
https://testlify.com/nl/kenmerken/,nl/kenmerken,page-i18n,i18n Translations,nl
https://testlify.com/nl/kleine-en-middelgrote-bedrijven/,nl/kleine-en-middelgrote-bedrijven,page-i18n,i18n Translations,nl
https://testlify.com/nl/laterale-aanwerving/,nl/laterale-aanwerving,page-i18n,i18n Translations,nl
https://testlify.com/nl/neem-contact-op-met/,nl/neem-contact-op-met,page-i18n,i18n Translations,nl
https://testlify.com/nl/nieuw/,nl/nieuw,page-i18n,i18n Translations,nl
https://testlify.com/nl/non-profitorganisaties/,nl/non-profitorganisaties,page-i18n,i18n Translations,nl
https://testlify.com/nl/oplossing-voor-talentbeoordeling-in-de-publieke-sector/,nl/oplossing-voor-talentbeoordeling-in-de-publieke-sector,page-i18n,i18n Translations,nl
https://testlify.com/nl/over/,nl/over,page-i18n,i18n Translations,nl
https://testlify.com/nl/prijzen/,nl/prijzen,page-i18n,i18n Translations,nl
https://testlify.com/nl/programmas/,nl/programmas,page-i18n,i18n Translations,nl
https://testlify.com/nl/psychometrische-testen/,nl/psychometrische-testen,page-i18n,i18n Translations,nl
https://testlify.com/nl/rolspecifieke-tests/,nl/rolspecifieke-tests,page-i18n,i18n Translations,nl
https://testlify.com/nl/saas-industrie/,nl/saas-industrie,page-i18n,i18n Translations,nl
https://testlify.com/nl/situationeel-oordeel/,nl/situationeel-oordeel,page-i18n,i18n Translations,nl
https://testlify.com/nl/softwarevaardigheidstests/,nl/softwarevaardigheidstests,page-i18n,i18n Translations,nl
https://testlify.com/nl/taaltests/,nl/taaltests,page-i18n,i18n Translations,nl
https://testlify.com/nl/typetest/,nl/typetest,page-i18n,i18n Translations,nl
https://testlify.com/nl/volume-inhuren/,nl/volume-inhuren,page-i18n,i18n Translations,nl
https://testlify.com/nl/voor-ondernemingen-wereldwijd/,nl/voor-ondernemingen-wereldwijd,page-i18n,i18n Translations,nl
https://testlify.com/nl/voor-starters/,nl/voor-starters,page-i18n,i18n Translations,nl
https://testlify.com/nl/wetenschap/,nl/wetenschap,page-i18n,i18n Translations,nl
https://testlify.com/nl/wit-label/,nl/wit-label,page-i18n,i18n Translations,nl
https://testlify.com/no/,no,page-i18n,i18n Translations,no
https://testlify.com/no/ansettelse-av-blue-collar/,no/ansettelse-av-blue-collar,page-i18n,i18n Translations,no
https://testlify.com/no/ansettelse-pa-campus/,no/ansettelse-pa-campus,page-i18n,i18n Translations,no
https://testlify.com/no/api/,no/api,page-i18n,i18n Translations,no
https://testlify.com/no/bpo-bransjen/,no/bpo-bransjen,page-i18n,i18n Translations,no
https://testlify.com/no/cefr/,no/cefr,page-i18n,i18n Translations,no
https://testlify.com/no/demo/,no/demo,page-i18n,i18n Translations,no
https://testlify.com/no/detaljhandel/,no/detaljhandel,page-i18n,i18n Translations,no
https://testlify.com/no/edtech-industry/,no/edtech-industry,page-i18n,i18n Translations,no
https://testlify.com/no/ekstern-ansettelse/,no/ekstern-ansettelse,page-i18n,i18n Translations,no
https://testlify.com/no/energibransjen/,no/energibransjen,page-i18n,i18n Translations,no
https://testlify.com/no/finansnaeringen/,no/finansnaeringen,page-i18n,i18n Translations,no
https://testlify.com/no/for-bedrifter-over-hele-verden/,no/for-bedrifter-over-hele-verden,page-i18n,i18n Translations,no
https://testlify.com/no/for-oppstartsbedrifter/,no/for-oppstartsbedrifter,page-i18n,i18n Translations,no
https://testlify.com/no/funksjoner/,no/funksjoner,page-i18n,i18n Translations,no
https://testlify.com/no/helsevesenet/,no/helsevesenet,page-i18n,i18n Translations,no
https://testlify.com/no/hva-er-nytt/,no/hva-er-nytt,page-i18n,i18n Translations,no
https://testlify.com/no/hvit-etikett/,no/hvit-etikett,page-i18n,i18n Translations,no
https://testlify.com/no/ideelle-organisasjoner/,no/ideelle-organisasjoner,page-i18n,i18n Translations,no
https://testlify.com/no/innleie-av-frilansere/,no/innleie-av-frilansere,page-i18n,i18n Translations,no
https://testlify.com/no/it-bransjen/,no/it-bransjen,page-i18n,i18n Translations,no
https://testlify.com/no/kodingstester/,no/kodingstester,page-i18n,i18n Translations,no
https://testlify.com/no/kontakt/,no/kontakt,page-i18n,i18n Translations,no
https://testlify.com/no/laterale-ansettelser/,no/laterale-ansettelser,page-i18n,i18n Translations,no
https://testlify.com/no/logistikk-og-leverandorkjedebransjen/,no/logistikk-og-leverandorkjedebransjen,page-i18n,i18n Translations,no
https://testlify.com/no/mangfold-og-inkludering/,no/mangfold-og-inkludering,page-i18n,i18n Translations,no
https://testlify.com/no/om/,no/om,page-i18n,i18n Translations,no
https://testlify.com/no/priser/,no/priser,page-i18n,i18n Translations,no
https://testlify.com/no/programmeringstester/,no/programmeringstester,page-i18n,i18n Translations,no
https://testlify.com/no/psykometriske-tester/,no/psykometriske-tester,page-i18n,i18n Translations,no
https://testlify.com/no/public-sector-talent-assessment-solution/,no/public-sector-talent-assessment-solution,page-i18n,i18n Translations,no
https://testlify.com/no/reiselivsbransjen/,no/reiselivsbransjen,page-i18n,i18n Translations,no
https://testlify.com/no/rekrutteringsbransjen/,no/rekrutteringsbransjen,page-i18n,i18n Translations,no
https://testlify.com/no/rollespesifikke-tester/,no/rollespesifikke-tester,page-i18n,i18n Translations,no
https://testlify.com/no/saas-branchen/,no/saas-branchen,page-i18n,i18n Translations,no
https://testlify.com/no/situasjonsbestemt-dommekraft/,no/situasjonsbestemt-dommekraft,page-i18n,i18n Translations,no
https://testlify.com/no/skrivetest/,no/skrivetest,page-i18n,i18n Translations,no
https://testlify.com/no/sma-og-mellomstore-bedrifter/,no/sma-og-mellomstore-bedrifter,page-i18n,i18n Translations,no
https://testlify.com/no/spraktester/,no/spraktester,page-i18n,i18n Translations,no
https://testlify.com/no/tester-av-kognitive-evner/,no/tester-av-kognitive-evner,page-i18n,i18n Translations,no
https://testlify.com/no/tester-av-programvareferdigheter/,no/tester-av-programvareferdigheter,page-i18n,i18n Translations,no
https://testlify.com/no/vilkaar-og-betingelser/,no/vilkaar-og-betingelser,page-i18n,i18n Translations,no
https://testlify.com/no/vitenskap/,no/vitenskap,page-i18n,i18n Translations,no
https://testlify.com/no/volumutleie/,no/volumutleie,page-i18n,i18n Translations,no
https://testlify.com/non-profits/,non-profits,page,PAGE: Unclustered / Other,
https://testlify.com/nos-partenaires/,nos-partenaires,page,PAGE: Unclustered / Other,
https://testlify.com/number-questions/,number-questions,page,PAGE: Unclustered / Other,
https://testlify.com/onze-partners/,onze-partners,page,PAGE: Unclustered / Other,
https://testlify.com/open-ended-questions/,open-ended-questions,page,PAGE: Unclustered / Other,
https://testlify.com/opt-out-preferences/,opt-out-preferences,page,PAGE: Unclustered / Other,
https://testlify.com/otomeyt-alternatives/,otomeyt-alternatives,page,PAGE: Competitor Alternatives & Comparisons,
https://testlify.com/our-leadership/,our-leadership,page,PAGE: Recruiting & Talent Acquisition,General Talent/Team-building
https://testlify.com/our-leadership/abhishek-shah/,our-leadership/abhishek-shah,page,PAGE: Recruiting & Talent Acquisition,General Talent/Team-building
https://testlify.com/our-leadership/akash-patange/,our-leadership/akash-patange,page,PAGE: Recruiting & Talent Acquisition,General Talent/Team-building
https://testlify.com/our-leadership/anuraag-raman/,our-leadership/anuraag-raman,page,PAGE: Recruiting & Talent Acquisition,General Talent/Team-building
https://testlify.com/our-leadership/arushi-shah/,our-leadership/arushi-shah,page,PAGE: Recruiting & Talent Acquisition,General Talent/Team-building
https://testlify.com/our-leadership/jiten-modi-2/,our-leadership/jiten-modi-2,page,PAGE: Recruiting & Talent Acquisition,General Talent/Team-building
https://testlify.com/our-leadership/namrata-kamdar/,our-leadership/namrata-kamdar,page,PAGE: Recruiting & Talent Acquisition,General Talent/Team-building
https://testlify.com/our-leadership/pradeep-panicker/,our-leadership/pradeep-panicker,page,PAGE: Recruiting & Talent Acquisition,General Talent/Team-building
https://testlify.com/our-leadership/ritu-doshi/,our-leadership/ritu-doshi,page,PAGE: Recruiting & Talent Acquisition,General Talent/Team-building
https://testlify.com/our-leadership/sankalp-menon/,our-leadership/sankalp-menon,page,PAGE: Recruiting & Talent Acquisition,General Talent/Team-building
https://testlify.com/our-leadership/taylor-gendron-2/,our-leadership/taylor-gendron-2,page,PAGE: Recruiting & Talent Acquisition,General Talent/Team-building
https://testlify.com/our-leadership/tej-gala/,our-leadership/tej-gala,page,PAGE: Recruiting & Talent Acquisition,General Talent/Team-building
https://testlify.com/our-leadership/usha-seshan/,our-leadership/usha-seshan,page,PAGE: Recruiting & Talent Acquisition,General Talent/Team-building
https://testlify.com/paradox-alternatives/,paradox-alternatives,page,PAGE: Competitor Alternatives & Comparisons,
https://testlify.com/partnership/,partnership,page,PAGE: Unclustered / Other,
https://testlify.com/perguntas-da-entrevista-em-video/,perguntas-da-entrevista-em-video,page,PAGE: Unclustered / Other,
https://testlify.com/philosophie/,philosophie,page,PAGE: Unclustered / Other,
https://testlify.com/pl/,pl,page-i18n,i18n Translations,pl
https://testlify.com/pl/api/,pl/api,page-i18n,i18n Translations,pl
https://testlify.com/pl/biala-etykieta/,pl/biala-etykieta,page-i18n,i18n Translations,pl
https://testlify.com/pl/branza-bpo/,pl/branza-bpo,page-i18n,i18n Translations,pl
https://testlify.com/pl/branza-edtech/,pl/branza-edtech,page-i18n,i18n Translations,pl
https://testlify.com/pl/branza-finansowa/,pl/branza-finansowa,page-i18n,i18n Translations,pl
https://testlify.com/pl/branza-hotelarska/,pl/branza-hotelarska,page-i18n,i18n Translations,pl
https://testlify.com/pl/branza-it/,pl/branza-it,page-i18n,i18n Translations,pl
https://testlify.com/pl/branza-opieki-zdrowotnej/,pl/branza-opieki-zdrowotnej,page-i18n,i18n Translations,pl
https://testlify.com/pl/branza-rekrutacyjna/,pl/branza-rekrutacyjna,page-i18n,i18n Translations,pl
https://testlify.com/pl/branza-saas/,pl/branza-saas,page-i18n,i18n Translations,pl
https://testlify.com/pl/cechy/,pl/cechy,page-i18n,i18n Translations,pl
https://testlify.com/pl/cefr/,pl/cefr,page-i18n,i18n Translations,pl
https://testlify.com/pl/cennik/,pl/cennik,page-i18n,i18n Translations,pl
https://testlify.com/pl/co-nowego/,pl/co-nowego,page-i18n,i18n Translations,pl
https://testlify.com/pl/dla-przedsiebiorstw-na-calym-swiecie/,pl/dla-przedsiebiorstw-na-calym-swiecie,page-i18n,i18n Translations,pl
https://testlify.com/pl/dla-startupow/,pl/dla-startupow,page-i18n,i18n Translations,pl
https://testlify.com/pl/kontakt/,pl/kontakt,page-i18n,i18n Translations,pl
https://testlify.com/pl/logistyka-i-lancuch-dostaw/,pl/logistyka-i-lancuch-dostaw,page-i18n,i18n Translations,pl
https://testlify.com/pl/male-i-srednie-firmy/,pl/male-i-srednie-firmy,page-i18n,i18n Translations,pl
https://testlify.com/pl/nasi-partnerzy/,pl/nasi-partnerzy,page-i18n,i18n Translations,pl
https://testlify.com/pl/nauka/,pl/nauka,page-i18n,i18n Translations,pl
https://testlify.com/pl/ocena-sytuacji/,pl/ocena-sytuacji,page-i18n,i18n Translations,pl
https://testlify.com/pl/organizacje-non-profit/,pl/organizacje-non-profit,page-i18n,i18n Translations,pl
https://testlify.com/pl/przemysl-detaliczny/,pl/przemysl-detaliczny,page-i18n,i18n Translations,pl
https://testlify.com/pl/przemysl-energetyczny/,pl/przemysl-energetyczny,page-i18n,i18n Translations,pl
https://testlify.com/pl/regulamin/,pl/regulamin,page-i18n,i18n Translations,pl
https://testlify.com/pl/roznorodnosc-i-integracja/,pl/roznorodnosc-i-integracja,page-i18n,i18n Translations,pl
https://testlify.com/pl/rozwiazanie-do-oceny-talentow-w-sektorze-publicznym/,pl/rozwiazanie-do-oceny-talentow-w-sektorze-publicznym,page-i18n,i18n Translations,pl
https://testlify.com/pl/sobre/,pl/sobre,page-i18n,i18n Translations,pl
https://testlify.com/pl/test-pisania-na-klawiaturze/,pl/test-pisania-na-klawiaturze,page-i18n,i18n Translations,pl
https://testlify.com/pl/testlify-demo/,pl/testlify-demo,page-i18n,i18n Translations,pl
https://testlify.com/pl/testy-jezykowe/,pl/testy-jezykowe,page-i18n,i18n Translations,pl
https://testlify.com/pl/testy-kodowania/,pl/testy-kodowania,page-i18n,i18n Translations,pl
https://testlify.com/pl/testy-programistyczne/,pl/testy-programistyczne,page-i18n,i18n Translations,pl
https://testlify.com/pl/testy-psychometryczne/,pl/testy-psychometryczne,page-i18n,i18n Translations,pl
https://testlify.com/pl/testy-specyficzne-dla-roli/,pl/testy-specyficzne-dla-roli,page-i18n,i18n Translations,pl
https://testlify.com/pl/testy-umiejetnosci-programowania/,pl/testy-umiejetnosci-programowania,page-i18n,i18n Translations,pl
https://testlify.com/pl/testy-zdolnosci-poznawczych/,pl/testy-zdolnosci-poznawczych,page-i18n,i18n Translations,pl
https://testlify.com/pl/wielkosc-zatrudnienia/,pl/wielkosc-zatrudnienia,page-i18n,i18n Translations,pl
https://testlify.com/pl/zatrudnianie-boczne/,pl/zatrudnianie-boczne,page-i18n,i18n Translations,pl
https://testlify.com/pl/zatrudnianie-freelancerow/,pl/zatrudnianie-freelancerow,page-i18n,i18n Translations,pl
https://testlify.com/pl/zatrudnianie-pracownikow-umyslowych/,pl/zatrudnianie-pracownikow-umyslowych,page-i18n,i18n Translations,pl
https://testlify.com/pl/zatrudnianie-w-kampusie/,pl/zatrudnianie-w-kampusie,page-i18n,i18n Translations,pl
https://testlify.com/pl/zdalne-zatrudnianie/,pl/zdalne-zatrudnianie,page-i18n,i18n Translations,pl
https://testlify.com/plaene-vergleichen/,plaene-vergleichen,page,PAGE: Unclustered / Other,
https://testlify.com/plannen-vergelijken/,plannen-vergelijken,page,PAGE: Unclustered / Other,
https://testlify.com/playroll/,playroll,page,PAGE: Unclustered / Other,
https://testlify.com/plum-alternatives/,plum-alternatives,page,PAGE: Competitor Alternatives & Comparisons,
https://testlify.com/porownaj-plany/,porownaj-plany,page,PAGE: Unclustered / Other,
https://testlify.com/pour-les-entreprises-du-monde-entier/,pour-les-entreprises-du-monde-entier,page,PAGE: Unclustered / Other,
https://testlify.com/press-room/,press-room,page,PAGE: Unclustered / Other,
https://testlify.com/prevue-alternatives/,prevue-alternatives,page,PAGE: Competitor Alternatives & Comparisons,
https://testlify.com/pricing/,pricing,page,PAGE: Unclustered / Other,
https://testlify.com/priority-bridge-alternatives/,priority-bridge-alternatives,page,PAGE: Competitor Alternatives & Comparisons,
https://testlify.com/privacy-policy/,privacy-policy,page,PAGE: HR Operations & Compliance,Policies & Compliance
https://testlify.com/problemas/,problemas,page,PAGE: Unclustered / Other,
https://testlify.com/problematica/,problematica,page,PAGE: Unclustered / Other,
https://testlify.com/probleme/,probleme,page,PAGE: Unclustered / Other,
https://testlify.com/problemen/,problemen,page,PAGE: Unclustered / Other,
https://testlify.com/problemer/,problemer,page,PAGE: Unclustered / Other,
https://testlify.com/problemes/,problemes,page,PAGE: Unclustered / Other,
https://testlify.com/problemy/,problemy,page,PAGE: Unclustered / Other,
https://testlify.com/process-knowledge-tests/,process-knowledge-tests,page,PAGE: Assessments & Testing,Assessment general
https://testlify.com/product-tour/,product-tour,page,PAGE: Unclustered / Other,
https://testlify.com/productrondleiding/,productrondleiding,page,PAGE: Unclustered / Other,
https://testlify.com/produkt-rundvisning/,produkt-rundvisning,page,PAGE: Unclustered / Other,
https://testlify.com/produkt-tour/,produkt-tour,page,PAGE: Unclustered / Other,
https://testlify.com/produkt-turne/,produkt-turne,page,PAGE: Unclustered / Other,
https://testlify.com/produkttour/,produkttour,page,PAGE: Unclustered / Other,
https://testlify.com/programming-tests/,programming-tests,page,PAGE: Assessments & Testing,Assessment general
https://testlify.com/psychometric-tests/,psychometric-tests,page,PAGE: Assessments & Testing,Personality & Psychometric
https://testlify.com/psycruit-alternatives/,psycruit-alternatives,page,PAGE: Competitor Alternatives & Comparisons,
https://testlify.com/psyft-alternatives/,psyft-alternatives,page,PAGE: Competitor Alternatives & Comparisons,
https://testlify.com/pt-br/,pt-br,page-i18n,i18n Translations,pt-br
https://testlify.com/pt-br/api/,pt-br/api,page-i18n,i18n Translations,pt-br
https://testlify.com/pt-br/caracteristicas/,pt-br/caracteristicas,page-i18n,i18n Translations,pt-br
https://testlify.com/pt-br/cefr/,pt-br/cefr,page-i18n,i18n Translations,pt-br
https://testlify.com/pt-br/ciencia/,pt-br/ciencia,page-i18n,i18n Translations,pt-br
https://testlify.com/pt-br/contato/,pt-br/contato,page-i18n,i18n Translations,pt-br
https://testlify.com/pt-br/contratacao-de-colarinho-azul/,pt-br/contratacao-de-colarinho-azul,page-i18n,i18n Translations,pt-br
https://testlify.com/pt-br/contratacao-de-freelancers/,pt-br/contratacao-de-freelancers,page-i18n,i18n Translations,pt-br
https://testlify.com/pt-br/contratacao-no-campus/,pt-br/contratacao-no-campus,page-i18n,i18n Translations,pt-br
https://testlify.com/pt-br/contratacao-por-volume/,pt-br/contratacao-por-volume,page-i18n,i18n Translations,pt-br
https://testlify.com/pt-br/contratacao-remota/,pt-br/contratacao-remota,page-i18n,i18n Translations,pt-br
https://testlify.com/pt-br/demonstracao-do-testlify/,pt-br/demonstracao-do-testlify,page-i18n,i18n Translations,pt-br
https://testlify.com/pt-br/diversidade-e-inclusao/,pt-br/diversidade-e-inclusao,page-i18n,i18n Translations,pt-br
https://testlify.com/pt-br/etiqueta-branca/,pt-br/etiqueta-branca,page-i18n,i18n Translations,pt-br
https://testlify.com/pt-br/julgamento-situacional/,pt-br/julgamento-situacional,page-i18n,i18n Translations,pt-br
https://testlify.com/pt-br/lateral-hiring/,pt-br/lateral-hiring,page-i18n,i18n Translations,pt-br
https://testlify.com/pt-br/o-que-ha-de-novo/,pt-br/o-que-ha-de-novo,page-i18n,i18n Translations,pt-br
https://testlify.com/pt-br/organizacoes-sem-fins-lucrativos/,pt-br/organizacoes-sem-fins-lucrativos,page-i18n,i18n Translations,pt-br
https://testlify.com/pt-br/para-empresas-em-todo-o-mundo/,pt-br/para-empresas-em-todo-o-mundo,page-i18n,i18n Translations,pt-br
https://testlify.com/pt-br/para-startups/,pt-br/para-startups,page-i18n,i18n Translations,pt-br
https://testlify.com/pt-br/pequenas-e-medias-empresas/,pt-br/pequenas-e-medias-empresas,page-i18n,i18n Translations,pt-br
https://testlify.com/pt-br/precos/,pt-br/precos,page-i18n,i18n Translations,pt-br
https://testlify.com/pt-br/setor-de-bpo/,pt-br/setor-de-bpo,page-i18n,i18n Translations,pt-br
https://testlify.com/pt-br/setor-de-energia/,pt-br/setor-de-energia,page-i18n,i18n Translations,pt-br
https://testlify.com/pt-br/setor-de-hospitalidade/,pt-br/setor-de-hospitalidade,page-i18n,i18n Translations,pt-br
https://testlify.com/pt-br/setor-de-logistica-e-cadeia-de-suprimentos/,pt-br/setor-de-logistica-e-cadeia-de-suprimentos,page-i18n,i18n Translations,pt-br
https://testlify.com/pt-br/setor-de-recrutamento/,pt-br/setor-de-recrutamento,page-i18n,i18n Translations,pt-br
https://testlify.com/pt-br/setor-de-saas/,pt-br/setor-de-saas,page-i18n,i18n Translations,pt-br
https://testlify.com/pt-br/setor-de-saude/,pt-br/setor-de-saude,page-i18n,i18n Translations,pt-br
https://testlify.com/pt-br/setor-de-tecnologia-educacional/,pt-br/setor-de-tecnologia-educacional,page-i18n,i18n Translations,pt-br
https://testlify.com/pt-br/setor-de-ti/,pt-br/setor-de-ti,page-i18n,i18n Translations,pt-br
https://testlify.com/pt-br/setor-de-varejo/,pt-br/setor-de-varejo,page-i18n,i18n Translations,pt-br
https://testlify.com/pt-br/setor-financeiro/,pt-br/setor-financeiro,page-i18n,i18n Translations,pt-br
https://testlify.com/pt-br/sobre/,pt-br/sobre,page-i18n,i18n Translations,pt-br
https://testlify.com/pt-br/solucao-de-avaliacao-de-talentos-do-setor-publico/,pt-br/solucao-de-avaliacao-de-talentos-do-setor-publico,page-i18n,i18n Translations,pt-br
https://testlify.com/pt-br/termos-e-condicoes/,pt-br/termos-e-condicoes,page-i18n,i18n Translations,pt-br
https://testlify.com/pt-br/teste-de-digitacao/,pt-br/teste-de-digitacao,page-i18n,i18n Translations,pt-br
https://testlify.com/pt-br/testes-de-codificacao/,pt-br/testes-de-codificacao,page-i18n,i18n Translations,pt-br
https://testlify.com/pt-br/testes-de-habilidade-cognitiva/,pt-br/testes-de-habilidade-cognitiva,page-i18n,i18n Translations,pt-br
https://testlify.com/pt-br/testes-de-habilidades-de-software/,pt-br/testes-de-habilidades-de-software,page-i18n,i18n Translations,pt-br
https://testlify.com/pt-br/testes-de-idiomas/,pt-br/testes-de-idiomas,page-i18n,i18n Translations,pt-br
https://testlify.com/pt-br/testes-de-programacao/,pt-br/testes-de-programacao,page-i18n,i18n Translations,pt-br
https://testlify.com/pt-br/testes-especificos-de-funcao/,pt-br/testes-especificos-de-funcao,page-i18n,i18n Translations,pt-br
https://testlify.com/pt-br/testes-psicometricos/,pt-br/testes-psicometricos,page-i18n,i18n Translations,pt-br
https://testlify.com/public-sector-talent-assessment-solution/,public-sector-talent-assessment-solution,page,PAGE: Assessments & Testing,Assessment general
https://testlify.com/pulsifi-alternatives/,pulsifi-alternatives,page,PAGE: Competitor Alternatives & Comparisons,
https://testlify.com/pxt-select-alternatives/,pxt-select-alternatives,page,PAGE: Competitor Alternatives & Comparisons,
https://testlify.com/qualifier-questions/,qualifier-questions,page,PAGE: Unclustered / Other,
https://testlify.com/quality-of-hire-calculator/,quality-of-hire-calculator,page,PAGE: Recruiting & Talent Acquisition,General Hiring
https://testlify.com/questwing-alternatives/,questwing-alternatives,page,PAGE: Competitor Alternatives & Comparisons,
https://testlify.com/ranking-questions/,ranking-questions,page,PAGE: Unclustered / Other,
https://testlify.com/rating-questions/,rating-questions,page,PAGE: Unclustered / Other,
https://testlify.com/real-estate-industry/,real-estate-industry,page,PAGE: Unclustered / Other,
https://testlify.com/realcoderz-alternatives/,realcoderz-alternatives,page,PAGE: Competitor Alternatives & Comparisons,
https://testlify.com/recorrido-por-el-producto/,recorrido-por-el-producto,page,PAGE: Unclustered / Other,
https://testlify.com/recruiter-alternatives/,recruiter-alternatives,page,PAGE: Competitor Alternatives & Comparisons,
https://testlify.com/recruiting-conversion-rate-calculator/,recruiting-conversion-rate-calculator,page,PAGE: Recruiting & Talent Acquisition,Recruitment Process & Strategy
https://testlify.com/recruitment-industry/,recruitment-industry,page,PAGE: Recruiting & Talent Acquisition,Recruitment Process & Strategy
https://testlify.com/recruitment-marketing/,recruitment-marketing,page,PAGE: Recruiting & Talent Acquisition,Recruitment Process & Strategy
https://testlify.com/recruitment-roi-calculator/,recruitment-roi-calculator,page,PAGE: Recruiting & Talent Acquisition,Recruitment Process & Strategy
https://testlify.com/recruitpack-alternatives/,recruitpack-alternatives,page,PAGE: Competitor Alternatives & Comparisons,
https://testlify.com/recrutement-de-freelances/,recrutement-de-freelances,page,PAGE: Unclustered / Other,
https://testlify.com/referral-program/,referral-program,page,PAGE: Unclustered / Other,
https://testlify.com/referral-program/welcome/,referral-program/welcome,page,PAGE: Unclustered / Other,
https://testlify.com/remote-hiring/,remote-hiring,page,"PAGE: Workplace, Culture & Future of Work",Remote & Hybrid
https://testlify.com/remote-interview-alternatives/,remote-interview-alternatives,page,PAGE: Competitor Alternatives & Comparisons,
https://testlify.com/remote-work-cost-savings-calculator/,remote-work-cost-savings-calculator,page,"PAGE: Workplace, Culture & Future of Work",Remote & Hybrid
https://testlify.com/reporting-analytics/,reporting-analytics,page,PAGE: Unclustered / Other,
https://testlify.com/reseller-plan/,reseller-plan,page,PAGE: Unclustered / Other,
https://testlify.com/responsible-hiring/,responsible-hiring,page,PAGE: Recruiting & Talent Acquisition,General Hiring
https://testlify.com/retail-industry/,retail-industry,page,PAGE: Unclustered / Other,
https://testlify.com/reveal-alternatives/,reveal-alternatives,page,PAGE: Competitor Alternatives & Comparisons,
https://testlify.com/role-specific-tests/,role-specific-tests,page,PAGE: Assessments & Testing,Assessment general
https://testlify.com/saas-industry/,saas-industry,page,PAGE: Unclustered / Other,
https://testlify.com/safety-quotient-assessment-alternatives/,safety-quotient-assessment-alternatives,page,PAGE: Assessments & Testing,Assessment general
https://testlify.com/sales-candidate-assessment-alternatives/,sales-candidate-assessment-alternatives,page,PAGE: Assessments & Testing,Assessment general
https://testlify.com/sales-hiring/,sales-hiring,page,PAGE: Recruiting & Talent Acquisition,General Hiring
https://testlify.com/salesdrive-alternatives/,salesdrive-alternatives,page,PAGE: Competitor Alternatives & Comparisons,
https://testlify.com/sammenlign-planer-2/,sammenlign-planer-2,page,PAGE: Unclustered / Other,
https://testlify.com/science/,science,page,PAGE: Unclustered / Other,
https://testlify.com/seamless-ats-integration/,seamless-ats-integration,page,PAGE: Recruiting & Talent Acquisition,Recruitment Process & Strategy
https://testlify.com/searchlight-alternatives/,searchlight-alternatives,page,PAGE: Competitor Alternatives & Comparisons,
https://testlify.com/security-and-compliance/,security-and-compliance,page,PAGE: HR Operations & Compliance,Policies & Compliance
https://testlify.com/security-control-and-visibility/,security-control-and-visibility,page,PAGE: Unclustered / Other,
https://testlify.com/security-practices/,security-practices,page,PAGE: Unclustered / Other,
https://testlify.com/security/,security,page,PAGE: Unclustered / Other,
https://testlify.com/service-level-agreement/,service-level-agreement,page,PAGE: Unclustered / Other,
https://testlify.com/shl-alternatives/,shl-alternatives,page,PAGE: Competitor Alternatives & Comparisons,
https://testlify.com/short-answer-questions/,short-answer-questions,page,PAGE: Unclustered / Other,
https://testlify.com/single-select-questions/,single-select-questions,page,PAGE: Unclustered / Other,
https://testlify.com/sitemap/,sitemap,page,PAGE: Unclustered / Other,
https://testlify.com/situational-judgment/,situational-judgment,page,PAGE: Assessments & Testing,Assessment general
https://testlify.com/skills-assessment-and-interviewing-platform/,skills-assessment-and-interviewing-platform,page,PAGE: Assessments & Testing,Assessment general
https://testlify.com/skills-assessment-for-different-use-cases/,skills-assessment-for-different-use-cases,page,PAGE: Assessments & Testing,Assessment general
https://testlify.com/skills-assessment-platform/,skills-assessment-platform,page,PAGE: Assessments & Testing,Assessment general
https://testlify.com/skills-assessment-types/,skills-assessment-types,page,PAGE: Assessments & Testing,Assessment general
https://testlify.com/skills-validation/,skills-validation,page,PAGE: Unclustered / Other,
https://testlify.com/small-medium-businesses/,small-medium-businesses,page,PAGE: Unclustered / Other,
https://testlify.com/smart-personality-assessment-report/,smart-personality-assessment-report,page,PAGE: Assessments & Testing,Personality & Psychometric
https://testlify.com/smart-personality-assessment/,smart-personality-assessment,page,PAGE: Assessments & Testing,Personality & Psychometric
https://testlify.com/softskilllab-alternatives/,softskilllab-alternatives,page,PAGE: Competitor Alternatives & Comparisons,
https://testlify.com/software-skills-tests/,software-skills-tests,page,PAGE: Skills Tests & Evaluation (by skill),
https://testlify.com/sourcing-channel-efficiency-calculator/,sourcing-channel-efficiency-calculator,page,PAGE: Recruiting & Talent Acquisition,Sourcing & Candidate Pool
https://testlify.com/spoergsmaal-til-videointerview/,spoergsmaal-til-videointerview,page,PAGE: Recruiting & Talent Acquisition,Interviewing (process/skills)
https://testlify.com/subject-matter-experts/,subject-matter-experts,page,PAGE: Unclustered / Other,
https://testlify.com/submit-rfp-for-skills-assessment-ai-interviews-proctoring/,submit-rfp-for-skills-assessment-ai-interviews-proctoring,page,PAGE: Skills Tests & Evaluation (by skill),
https://testlify.com/success/,success,page,PAGE: Unclustered / Other,
https://testlify.com/successfinder-alternatives/,successfinder-alternatives,page,PAGE: Competitor Alternatives & Comparisons,
https://testlify.com/sustainability-goal/,sustainability-goal,page,PAGE: Unclustered / Other,
https://testlify.com/sv/,sv,page-i18n,i18n Translations,sv
https://testlify.com/sv/anstallning-av-frilansare/,sv/anstallning-av-frilansare,page-i18n,i18n Translations,sv
https://testlify.com/sv/anstallning-pa-campus/,sv/anstallning-pa-campus,page-i18n,i18n Translations,sv
https://testlify.com/sv/anstallning-pa-distans/,sv/anstallning-pa-distans,page-i18n,i18n Translations,sv
https://testlify.com/sv/api/,sv/api,page-i18n,i18n Translations,sv
https://testlify.com/sv/besoksnaringen/,sv/besoksnaringen,page-i18n,i18n Translations,sv
https://testlify.com/sv/bpo-industrin/,sv/bpo-industrin,page-i18n,i18n Translations,sv
https://testlify.com/sv/cefr/,sv/cefr,page-i18n,i18n Translations,sv
https://testlify.com/sv/detaljhandel/,sv/detaljhandel,page-i18n,i18n Translations,sv
https://testlify.com/sv/edtech-industrin/,sv/edtech-industrin,page-i18n,i18n Translations,sv
https://testlify.com/sv/energiindustrin/,sv/energiindustrin,page-i18n,i18n Translations,sv
https://testlify.com/sv/fardighetsprov-for-programvara/,sv/fardighetsprov-for-programvara,page-i18n,i18n Translations,sv
https://testlify.com/sv/for-globala-foretag/,sv/for-globala-foretag,page-i18n,i18n Translations,sv
https://testlify.com/sv/for-nystartade-foretag/,sv/for-nystartade-foretag,page-i18n,i18n Translations,sv
https://testlify.com/sv/funktioner/,sv/funktioner,page-i18n,i18n Translations,sv
https://testlify.com/sv/halso-och-sjukvardsindustrin/,sv/halso-och-sjukvardsindustrin,page-i18n,i18n Translations,sv
https://testlify.com/sv/ideella-organisationer/,sv/ideella-organisationer,page-i18n,i18n Translations,sv
https://testlify.com/sv/it-industrin/,sv/it-industrin,page-i18n,i18n Translations,sv
https://testlify.com/sv/kodningstest/,sv/kodningstest,page-i18n,i18n Translations,sv
https://testlify.com/sv/kontakt/,sv/kontakt,page-i18n,i18n Translations,sv
https://testlify.com/sv/lateral-hiring/,sv/lateral-hiring,page-i18n,i18n Translations,sv
https://testlify.com/sv/logistik-och-forsorjningskedjor/,sv/logistik-och-forsorjningskedjor,page-i18n,i18n Translations,sv
https://testlify.com/sv/losning-for-talangbedomning-inom-den-offentliga-sektorn/,sv/losning-for-talangbedomning-inom-den-offentliga-sektorn,page-i18n,i18n Translations,sv
https://testlify.com/sv/mangfald-och-inkludering/,sv/mangfald-och-inkludering,page-i18n,i18n Translations,sv
https://testlify.com/sv/maskinskrivningstest/,sv/maskinskrivningstest,page-i18n,i18n Translations,sv
https://testlify.com/sv/om/,sv/om,page-i18n,i18n Translations,sv
https://testlify.com/sv/prissattning/,sv/prissattning,page-i18n,i18n Translations,sv
https://testlify.com/sv/programmeringstest/,sv/programmeringstest,page-i18n,i18n Translations,sv
https://testlify.com/sv/psykometriska-tester/,sv/psykometriska-tester,page-i18n,i18n Translations,sv
https://testlify.com/sv/regler-och-villkor/,sv/regler-och-villkor,page-i18n,i18n Translations,sv
https://testlify.com/sv/rekryteringsbranschen/,sv/rekryteringsbranschen,page-i18n,i18n Translations,sv
https://testlify.com/sv/rollspecifika-tester/,sv/rollspecifika-tester,page-i18n,i18n Translations,sv
https://testlify.com/sv/saas-industrin/,sv/saas-industrin,page-i18n,i18n Translations,sv
https://testlify.com/sv/situationsbedomning/,sv/situationsbedomning,page-i18n,i18n Translations,sv
https://testlify.com/sv/sma-och-medelstora-foretag/,sv/sma-och-medelstora-foretag,page-i18n,i18n Translations,sv
https://testlify.com/sv/spraktest/,sv/spraktest,page-i18n,i18n Translations,sv
https://testlify.com/sv/test-av-kognitiv-formaga/,sv/test-av-kognitiv-formaga,page-i18n,i18n Translations,sv
https://testlify.com/sv/testlify-demo/,sv/testlify-demo,page-i18n,i18n Translations,sv
https://testlify.com/sv/vad-ar-nytt/,sv/vad-ar-nytt,page-i18n,i18n Translations,sv
https://testlify.com/sv/vetenskap/,sv/vetenskap,page-i18n,i18n Translations,sv
https://testlify.com/sv/vit-etikett/,sv/vit-etikett,page-i18n,i18n Translations,sv
https://testlify.com/sv/volym-av-sysselsattning/,sv/volym-av-sysselsattning,page-i18n,i18n Translations,sv
https://testlify.com/symphony-talent-alternatives/,symphony-talent-alternatives,page,PAGE: Competitor Alternatives & Comparisons,
https://testlify.com/system-compatibility-check-for-remote-asessments/,system-compatibility-check-for-remote-asessments,page,"PAGE: Workplace, Culture & Future of Work",Remote & Hybrid
https://testlify.com/talent-acquisiton-and-ai/,talent-acquisiton-and-ai,page,PAGE: Recruiting & Talent Acquisition,General Talent/Team-building
https://testlify.com/talent-science-alternatives/,talent-science-alternatives,page,PAGE: Competitor Alternatives & Comparisons,
https://testlify.com/talentchaser-alternatives/,talentchaser-alternatives,page,PAGE: Competitor Alternatives & Comparisons,
https://testlify.com/talentoday-alternatives/,talentoday-alternatives,page,PAGE: Competitor Alternatives & Comparisons,
https://testlify.com/teamglide-alternatives/,teamglide-alternatives,page,PAGE: Competitor Alternatives & Comparisons,
https://testlify.com/terms/,terms,page,PAGE: Unclustered / Other,
https://testlify.com/test-library/,test-library,page,PAGE: Unclustered / Other,
https://testlify.com/test-psicometrici/,test-psicometrici,page,PAGE: Unclustered / Other,
https://testlify.com/testing-2/,testing-2,page,PAGE: Unclustered / Other,
https://testlify.com/testlibra-alternatives/,testlibra-alternatives,page,PAGE: Competitor Alternatives & Comparisons,
https://testlify.com/testlify-assessment/,testlify-assessment,page,PAGE: Assessments & Testing,Assessment general
https://testlify.com/testlify-community/,testlify-community,page,PAGE: Unclustered / Other,
https://testlify.com/testlify-information-security-standards/,testlify-information-security-standards,page,PAGE: Unclustered / Other,
https://testlify.com/testlify-introduces-a-wide-array-of-psychometric-tests/,testlify-introduces-a-wide-array-of-psychometric-tests,page,PAGE: Assessments & Testing,Personality & Psychometric
https://testlify.com/testlify-launches-conversational-ai-for-talent-assessment/,testlify-launches-conversational-ai-for-talent-assessment,page,PAGE: Assessments & Testing,Assessment general
https://testlify.com/testlify-pioneers-the-future-with-full-ai-integration-in-talentassessment-revolution/,testlify-pioneers-the-future-with-full-ai-integration-in-talentassessment-revolution,page,PAGE: Assessments & Testing,Assessment general
https://testlify.com/testlify-the-recruiter-who-never-sleeps/,testlify-the-recruiter-who-never-sleeps,page,PAGE: Recruiting & Talent Acquisition,Recruitment Process & Strategy
https://testlify.com/the-english-quiz-alternatives/,the-english-quiz-alternatives,page,PAGE: Competitor Alternatives & Comparisons,
https://testlify.com/thomas-international-alternatives/,thomas-international-alternatives,page,PAGE: Competitor Alternatives & Comparisons,
https://testlify.com/toggl-hire-alternatives/,toggl-hire-alternatives,page,PAGE: Competitor Alternatives & Comparisons,
https://testlify.com/tools/,tools,page,PAGE: Unclustered / Other,
https://testlify.com/topgrading-alternatives/,topgrading-alternatives,page,PAGE: Competitor Alternatives & Comparisons,
https://testlify.com/tour-del-prodotto/,tour-del-prodotto,page,PAGE: Unclustered / Other,
https://testlify.com/tour-do-produto/,tour-do-produto,page,PAGE: Unclustered / Other,
https://testlify.com/traitify-alternatives/,traitify-alternatives,page,PAGE: Competitor Alternatives & Comparisons,
https://testlify.com/trust/compliances/,trust/compliances,page,PAGE: HR Operations & Compliance,Policies & Compliance
https://testlify.com/trust/data-management/,trust/data-management,page,PAGE: Recruiting & Talent Acquisition,General Talent/Team-building
https://testlify.com/trust/data-requests/,trust/data-requests,page,PAGE: Unclustered / Other,
https://testlify.com/trust/privacy/,trust/privacy,page,PAGE: Unclustered / Other,
https://testlify.com/trust/security/,trust/security,page,PAGE: Unclustered / Other,
https://testlify.com/typing-test/,typing-test,page,PAGE: Assessments & Testing,Assessment general
https://testlify.com/udder/,udder,page,PAGE: Unclustered / Other,
https://testlify.com/ultimate-guide-to-employer-branding-ebook/,ultimate-guide-to-employer-branding-ebook,page,"PAGE: Workplace, Culture & Future of Work",Culture & Trends
https://testlify.com/unleash-your-brands-potential/,unleash-your-brands-potential,page,PAGE: Unclustered / Other,
https://testlify.com/unsere-partner/,unsere-partner,page,PAGE: Unclustered / Other,
https://testlify.com/vaare-partnere/,vaare-partnere,page,PAGE: Unclustered / Other,
https://testlify.com/veremark/,veremark,page,PAGE: Unclustered / Other,
https://testlify.com/verensics-alternatives/,verensics-alternatives,page,PAGE: Competitor Alternatives & Comparisons,
https://testlify.com/video-interviewing-tool/,video-interviewing-tool,page,PAGE: Recruiting & Talent Acquisition,Interviewing (process/skills)
https://testlify.com/visite-guidee-du-produit/,visite-guidee-du-produit,page,PAGE: Unclustered / Other,
https://testlify.com/volume-hiring/,volume-hiring,page,PAGE: Recruiting & Talent Acquisition,General Hiring
https://testlify.com/vores-partnere/,vores-partnere,page,PAGE: Unclustered / Other,
https://testlify.com/weirdly-alternatives/,weirdly-alternatives,page,PAGE: Competitor Alternatives & Comparisons,
https://testlify.com/whats-new/,whats-new,page,PAGE: Recruiting & Talent Acquisition,Recruitment Process & Strategy
https://testlify.com/whire/,whire,page,PAGE: Recruiting & Talent Acquisition,General Hiring
https://testlify.com/white-label/,white-label,page,PAGE: Unclustered / Other,
https://testlify.com/why-testlify/,why-testlify,page,PAGE: Unclustered / Other,
https://testlify.com/wired2perform-alternatives/,wired2perform-alternatives,page,PAGE: Competitor Alternatives & Comparisons,
https://testlify.com/wonderlic-alternatives/,wonderlic-alternatives,page,PAGE: Competitor Alternatives & Comparisons,
https://testlify.com/write-for-us/,write-for-us,page,PAGE: Unclustered / Other,
https://testlify.com/writers/,writers,page,PAGE: Unclustered / Other,
https://testlify.com/xbinsight-alternatives/,xbinsight-alternatives,page,PAGE: Competitor Alternatives & Comparisons,
https://testlify.com/yes-no-questions/,yes-no-questions,page,PAGE: Unclustered / Other,
https://testlify.com/zapier-integration/,zapier-integration,page,PAGE: Unclustered / Other,
https://testlify.com/zoho-recruit-integration/,zoho-recruit-integration,page,PAGE: Recruiting & Talent Acquisition,Recruitment Process & Strategy
